-1 0.353227 0.354755 0.00152778
-0.9998 0.353265 0.35478 0.00151509
-0.9996 0.353303 0.354806 0.00150245
-0.9994 0.353341 0.35483 0.00148985
-0.9992 0.353378 0.354855 0.0014773
-0.999 0.353414 0.354879 0.00146478
-0.9988 0.353451 0.354903 0.00145231
-0.9986 0.353486 0.354926 0.00143989
-0.9984 0.353522 0.354949 0.0014275
-0.9982 0.353557 0.354972 0.00141516
-0.998 0.353592 0.354994 0.00140287
-0.9978 0.353626 0.355016 0.00139061
-0.9976 0.35366 0.355038 0.0013784
-0.9974 0.353693 0.355059 0.00136624
-0.9972 0.353726 0.35508 0.00135411
-0.997 0.353758 0.3551 0.00134203
-0.9968 0.353791 0.355121 0.00132999
-0.9966 0.353822 0.35514 0.00131799
-0.9964 0.353854 0.35516 0.00130604
-0.9962 0.353885 0.355179 0.00129413
-0.996 0.353915 0.355197 0.00128226
-0.9958 0.353945 0.355216 0.00127044
-0.9956 0.353975 0.355233 0.00125866
-0.9954 0.354004 0.355251 0.00124692
-0.9952 0.354033 0.355268 0.00123522
-0.994999 0.354061 0.355285 0.00122356
-0.994799 0.354089 0.355301 0.00121195
-0.994599 0.354117 0.355317 0.00120038
-0.994399 0.354144 0.355333 0.00118885
-0.994199 0.354171 0.355348 0.00117737
-0.993999 0.354197 0.355363 0.00116592
-0.993799 0.354223 0.355378 0.00115452
-0.993599 0.354249 0.355392 0.00114316
-0.993399 0.354274 0.355405 0.00113184
-0.993199 0.354298 0.355419 0.00112057
-0.992999 0.354323 0.355432 0.00110934
-0.992799 0.354346 0.355445 0.00109815
-0.992599 0.35437 0.355457 0.001087
-0.992399 0.354393 0.355469 0.00107589
-0.992199 0.354415 0.35548 0.00106482
-0.991999 0.354437 0.355491 0.0010538
-0.991799 0.354459 0.355502 0.00104282
-0.991599 0.35448 0.355512 0.00103188
-0.991399 0.354501 0.355522 0.00102098
-0.991199 0.354522 0.355532 0.00101012
-0.990999 0.354542 0.355541 0.000999303
-0.990799 0.354561 0.35555 0.000988528
-0.990599 0.354581 0.355558 0.000977795
-0.990399 0.354599 0.355566 0.000967103
-0.990199 0.354618 0.355574 0.000956453
-0.989999 0.354636 0.355581 0.000945843
-0.989799 0.354653 0.355588 0.000935275
-0.989599 0.35467 0.355595 0.000924748
-0.989399 0.354687 0.355601 0.000914263
-0.989199 0.354703 0.355607 0.000903818
-0.988999 0.354719 0.355612 0.000893414
-0.988799 0.354734 0.355617 0.000883051
-0.988599 0.354749 0.355622 0.000872729
-0.988399 0.354764 0.355626 0.000862448
-0.988199 0.354778 0.35563 0.000852208
-0.987999 0.354791 0.355633 0.000842008
-0.987799 0.354805 0.355636 0.000831849
-0.987599 0.354817 0.355639 0.000821731
-0.987399 0.35483 0.355641 0.000811653
-0.987199 0.354842 0.355643 0.000801616
-0.986999 0.354853 0.355645 0.00079162
-0.986799 0.354864 0.355646 0.000781663
-0.986599 0.354875 0.355647 0.000771748
-0.986399 0.354885 0.355647 0.000761872
-0.986199 0.354895 0.355647 0.000752037
-0.985999 0.354904 0.355646 0.000742242
-0.985799 0.354913 0.355646 0.000732487
-0.985599 0.354922 0.355644 0.000722773
-0.985399 0.35493 0.355643 0.000713098
-0.985199 0.354937 0.355641 0.000703464
-0.984998 0.354945 0.355638 0.000693869
-0.984798 0.354951 0.355636 0.000684314
-0.984598 0.354958 0.355632 0.0006748
-0.984398 0.354964 0.355629 0.000665325
-0.984198 0.354969 0.355625 0.000655889
-0.983998 0.354974 0.355621 0.000646494
-0.983798 0.354979 0.355616 0.000637138
-0.983598 0.354983 0.355611 0.000627822
-0.983398 0.354986 0.355605 0.000618545
-0.983198 0.35499 0.355599 0.000609308
-0.982998 0.354993 0.355593 0.00060011
-0.982798 0.354995 0.355586 0.000590951
-0.982598 0.354997 0.355579 0.000581832
-0.982398 0.354999 0.355571 0.000572752
-0.982198 0.355 0.355563 0.000563712
-0.981998 0.355 0.355555 0.00055471
-0.981798 0.355001 0.355546 0.000545748
-0.981598 0.355 0.355537 0.000536825
-0.981398 0.355 0.355528 0.00052794
-0.981198 0.354999 0.355518 0.000519095
-0.980998 0.354997 0.355507 0.000510288
-0.980798 0.354995 0.355497 0.000501521
-0.980598 0.354993 0.355485 0.000492792
-0.980398 0.35499 0.355474 0.000484102
-0.980198 0.354987 0.355462 0.00047545
-0.979998 0.354983 0.35545 0.000466837
-0.979798 0.354979 0.355437 0.000458263
-0.979598 0.354974 0.355424 0.000449727
-0.979398 0.354969 0.35541 0.00044123
-0.979198 0.354964 0.355396 0.000432771
-0.978998 0.354958 0.355382 0.00042435
-0.978798 0.354951 0.355367 0.000415968
-0.978598 0.354944 0.355352 0.000407624
-0.978398 0.354937 0.355336 0.000399318
-0.978198 0.354929 0.35532 0.00039105
-0.977998 0.354921 0.355304 0.00038282
-0.977798 0.354913 0.355287 0.000374628
-0.977598 0.354904 0.35527 0.000366474
-0.977398 0.354894 0.355252 0.000358358
-0.977198 0.354884 0.355234 0.00035028
-0.976998 0.354874 0.355216 0.00034224
-0.976798 0.354863 0.355197 0.000334237
-0.976598 0.354852 0.355178 0.000326272
-0.976398 0.35484 0.355158 0.000318344
-0.976198 0.354828 0.355138 0.000310454
-0.975998 0.354815 0.355118 0.000302602
-0.975798 0.354802 0.355097 0.000294787
-0.975598 0.354789 0.355076 0.000287009
-0.975398 0.354775 0.355054 0.000279269
-0.975198 0.35476 0.355032 0.000271565
-0.974997 0.354745 0.355009 0.0002639
-0.974797 0.35473 0.354986 0.000256271
-0.974597 0.354714 0.354963 0.000248679
-0.974397 0.354698 0.354939 0.000241124
-0.974197 0.354682 0.354915 0.000233606
-0.973997 0.354664 0.354891 0.000226125
-0.973797 0.354647 0.354866 0.000218681
-0.973597 0.354629 0.35484 0.000211274
-0.973397 0.35461 0.354814 0.000203903
-0.973197 0.354592 0.354788 0.000196569
-0.972997 0.354572 0.354761 0.000189272
-0.972797 0.354552 0.354734 0.000182011
-0.972597 0.354532 0.354707 0.000174787
-0.972397 0.354511 0.354679 0.000167599
-0.972197 0.35449 0.354651 0.000160447
-0.971997 0.354469 0.354622 0.000153332
-0.971797 0.354447 0.354593 0.000146253
-0.971597 0.354424 0.354563 0.00013921
-0.971397 0.354401 0.354533 0.000132203
-0.971197 0.354378 0.354503 0.000125233
-0.970997 0.354354 0.354472 0.000118298
-0.970797 0.354329 0.354441 0.000111399
-0.970597 0.354305 0.354409 0.000104536
-0.970397 0.354279 0.354377 9.77093e-05
-0.970197 0.354254 0.354345 9.0918e-05
-0.969997 0.354227 0.354312 8.41624e-05
-0.969797 0.354201 0.354278 7.74424e-05
-0.969597 0.354174 0.354245 7.0758e-05
-0.969397 0.354146 0.35421 6.41091e-05
-0.969197 0.354118 0.354176 5.74957e-05
-0.968997 0.35409 0.354141 5.09176e-05
-0.968797 0.354061 0.354105 4.43749e-05
-0.968597 0.354032 0.354069 3.78674e-05
-0.968397 0.354002 0.354033 3.13951e-05
-0.968197 0.353971 0.353996 2.4958e-05
-0.967997 0.353941 0.353959 1.85559e-05
-0.967797 0.353909 0.353922 1.21889e-05
-0.967597 0.353878 0.353884 5.85684e-06
-0.967397 0.353846 0.353845 4.40347e-07
-0.967197 0.353813 0.353806 6.7027e-06
-0.966997 0.35378 0.353767 1.29303e-05
-0.966797 0.353747 0.353727 1.91232e-05
-0.966597 0.353713 0.353687 2.52814e-05
-0.966397 0.353678 0.353647 3.1405e-05
-0.966197 0.353643 0.353606 3.74942e-05
-0.965997 0.353608 0.353564 4.35488e-05
-0.965797 0.353572 0.353523 4.95691e-05
-0.965597 0.353536 0.35348 5.55551e-05
-0.965397 0.353499 0.353438 6.15067e-05
-0.965197 0.353462 0.353394 6.74242e-05
-0.964996 0.353424 0.353351 7.33075e-05
-0.964796 0.353386 0.353307 7.91568e-05
-0.964596 0.353348 0.353263 8.4972e-05
-0.964396 0.353308 0.353218 9.07533e-05
-0.964196 0.353269 0.353172 9.65007e-05
-0.963996 0.353229 0.353127 0.000102214
-0.963796 0.353189 0.353081 0.000107894
-0.963596 0.353148 0.353034 0.00011354
-0.963396 0.353106 0.352987 0.000119153
-0.963196 0.353064 0.35294 0.000124732
-0.962996 0.353022 0.352892 0.000130277
-0.962796 0.352979 0.352843 0.000135789
-0.962596 0.352936 0.352795 0.000141268
-0.962396 0.352892 0.352746 0.000146713
-0.962196 0.352848 0.352696 0.000152125
-0.961996 0.352803 0.352646 0.000157504
-0.961796 0.352758 0.352596 0.000162849
-0.961596 0.352713 0.352545 0.000168162
-0.961396 0.352667 0.352493 0.000173442
-0.961196 0.35262 0.352442 0.000178688
-0.960996 0.352573 0.352389 0.000183902
-0.960796 0.352526 0.352337 0.000189083
-0.960596 0.352478 0.352284 0.000194232
-0.960396 0.352429 0.35223 0.000199347
-0.960196 0.352381 0.352176 0.000204431
-0.959996 0.352331 0.352122 0.000209481
-0.959796 0.352281 0.352067 0.000214499
-0.959596 0.352231 0.352012 0.000219485
-0.959396 0.35218 0.351956 0.000224438
-0.959196 0.352129 0.3519 0.000229359
-0.958996 0.352077 0.351843 0.000234248
-0.958796 0.352025 0.351786 0.000239105
-0.958596 0.351973 0.351729 0.000243929
-0.958396 0.35192 0.351671 0.000248722
-0.958196 0.351866 0.351612 0.000253483
-0.957996 0.351812 0.351554 0.000258211
-0.957796 0.351757 0.351494 0.000262908
-0.957596 0.351702 0.351435 0.000267574
-0.957396 0.351647 0.351375 0.000272207
-0.957196 0.351591 0.351314 0.000276809
-0.956996 0.351534 0.351253 0.000281379
-0.956796 0.351478 0.351192 0.000285918
-0.956596 0.35142 0.35113 0.000290426
-0.956396 0.351362 0.351067 0.000294902
-0.956196 0.351304 0.351005 0.000299347
-0.955996 0.351245 0.350941 0.00030376
-0.955796 0.351186 0.350878 0.000308143
-0.955596 0.351126 0.350814 0.000312494
-0.955396 0.351066 0.350749 0.000316815
-0.955196 0.351005 0.350684 0.000321104
-0.954995 0.350944 0.350619 0.000325362
-0.954795 0.350882 0.350553 0.00032959
-0.954595 0.35082 0.350486 0.000333787
-0.954395 0.350758 0.35042 0.000337953
-0.954195 0.350695 0.350352 0.000342089
-0.953995 0.350631 0.350285 0.000346194
-0.953795 0.350567 0.350217 0.000350269
-0.953595 0.350502 0.350148 0.000354313
-0.953395 0.350437 0.350079 0.000358327
-0.953195 0.350372 0.35001 0.00036231
-0.952995 0.350306 0.34994 0.000366264
-0.952795 0.350239 0.349869 0.000370187
-0.952595 0.350173 0.349798 0.00037408
-0.952395 0.350105 0.349727 0.000377943
-0.952195 0.350037 0.349655 0.000381777
-0.951995 0.349969 0.349583 0.00038558
-0.951795 0.3499 0.349511 0.000389354
-0.951595 0.349831 0.349438 0.000393097
-0.951395 0.349761 0.349364 0.000396811
-0.951195 0.349691 0.34929 0.000400496
-0.950995 0.34962 0.349216 0.000404151
-0.950795 0.349549 0.349141 0.000407777
-0.950595 0.349477 0.349065 0.000411373
-0.950395 0.349405 0.34899 0.00041494
-0.950195 0.349332 0.348913 0.000418477
-0.949995 0.349259 0.348837 0.000421986
-0.949795 0.349185 0.348759 0.000425465
-0.949595 0.349111 0.348682 0.000428915
-0.949395 0.349036 0.348604 0.000432336
-0.949195 0.348961 0.348525 0.000435729
-0.948995 0.348885 0.348446 0.000439092
-0.948795 0.348809 0.348367 0.000442427
-0.948595 0.348733 0.348287 0.000445733
-0.948395 0.348656 0.348207 0.00044901
-0.948195 0.348578 0.348126 0.000452259
-0.947995 0.3485 0.348045 0.000455479
-0.947795 0.348422 0.347963 0.000458671
-0.947595 0.348343 0.347881 0.000461834
-0.947395 0.348263 0.347798 0.000464969
-0.947195 0.348183 0.347715 0.000468076
-0.946995 0.348103 0.347631 0.000471155
-0.946795 0.348022 0.347547 0.000474206
-0.946595 0.34794 0.347463 0.000477229
-0.946395 0.347858 0.347378 0.000480223
-0.946195 0.347776 0.347293 0.00048319
-0.945995 0.347693 0.347207 0.000486129
-0.945795 0.347609 0.34712 0.000489041
-0.945595 0.347526 0.347034 0.000491924
-0.945395 0.347441 0.346946 0.00049478
-0.945195 0.347356 0.346859 0.000497609
-0.944994 0.347271 0.346771 0.00050041
-0.944794 0.347185 0.346682 0.000503184
-0.944594 0.347099 0.346593 0.00050593
-0.944394 0.347012 0.346503 0.000508649
-0.944194 0.346925 0.346413 0.000511341
-0.943994 0.346837 0.346323 0.000514006
-0.943794 0.346749 0.346232 0.000516644
-0.943594 0.34666 0.346141 0.000519254
-0.943394 0.346571 0.346049 0.000521838
-0.943194 0.346481 0.345956 0.000524395
-0.942994 0.346391 0.345864 0.000526926
-0.942794 0.3463 0.34577 0.000529429
-0.942594 0.346209 0.345677 0.000531906
-0.942394 0.346117 0.345582 0.000534357
-0.942194 0.346025 0.345488 0.000536781
-0.941994 0.345932 0.345393 0.000539178
-0.941794 0.345839 0.345297 0.000541549
-0.941594 0.345745 0.345201 0.000543894
-0.941394 0.345651 0.345105 0.000546213
-0.941194 0.345556 0.345008 0.000548506
-0.940994 0.345461 0.34491 0.000550772
-0.940794 0.345365 0.344812 0.000553013
-0.940594 0.345269 0.344714 0.000555227
-0.940394 0.345172 0.344615 0.000557416
-0.940194 0.345075 0.344516 0.000559579
-0.939994 0.344977 0.344416 0.000561717
-0.939794 0.344879 0.344316 0.000563828
-0.939594 0.344781 0.344215 0.000565915
-0.939394 0.344682 0.344114 0.000567975
-0.939194 0.344582 0.344012 0.00057001
-0.938994 0.344482 0.34391 0.00057202
-0.938794 0.344381 0.343807 0.000574005
-0.938594 0.34428 0.343704 0.000575964
-0.938394 0.344178 0.3436 0.000577899
-0.938194 0.344076 0.343496 0.000579808
-0.937994 0.343974 0.343392 0.000581692
-0.937794 0.343871 0.343287 0.000583551
-0.937594 0.343767 0.343182 0.000585386
-0.937394 0.343663 0.343076 0.000587195
-0.937194 0.343558 0.342969 0.00058898
-0.936994 0.343453 0.342862 0.000590741
-0.936794 0.343347 0.342755 0.000592477
-0.936594 0.343241 0.342647 0.000594188
-0.936394 0.343135 0.342539 0.000595875
-0.936194 0.343028 0.34243 0.000597537
-0.935994 0.34292 0.342321 0.000599175
-0.935794 0.342812 0.342211 0.000600789
-0.935594 0.342703 0.342101 0.000602379
-0.935394 0.342594 0.34199 0.000603945
-0.935194 0.342485 0.341879 0.000605487
-0.934993 0.342375 0.341768 0.000607004
-0.934793 0.342264 0.341655 0.000608498
-0.934593 0.342153 0.341543 0.000609969
-0.934393 0.342041 0.34143 0.000611415
-0.934193 0.341929 0.341316 0.000612838
-0.933993 0.341817 0.341202 0.000614237
-0.933793 0.341703 0.341088 0.000615613
-0.933593 0.34159 0.340973 0.000616966
-0.933393 0.341476 0.340857 0.000618295
-0.933193 0.341361 0.340742 0.0006196
-0.932993 0.341246 0.340625 0.000620883
-0.932793 0.34113 0.340508 0.000622142
-0.932593 0.341014 0.340391 0.000623379
-0.932393 0.340898 0.340273 0.000624592
-0.932193 0.340781 0.340155 0.000625782
-0.931993 0.340663 0.340036 0.00062695
-0.931793 0.340545 0.339917 0.000628095
-0.931593 0.340426 0.339797 0.000629217
-0.931393 0.340307 0.339677 0.000630316
-0.931193 0.340187 0.339556 0.000631393
-0.930993 0.340067 0.339435 0.000632448
-0.930793 0.339947 0.339313 0.00063348
-0.930593 0.339825 0.339191 0.000634489
-0.930393 0.339704 0.339068 0.000635477
-0.930193 0.339582 0.338945 0.000636442
-0.929993 0.339459 0.338822 0.000637385
-0.929793 0.339336 0.338698 0.000638306
-0.929593 0.339212 0.338573 0.000639205
-0.929393 0.339088 0.338448 0.000640082
-0.929193 0.338963 0.338322 0.000640937
-0.928993 0.338838 0.338196 0.00064177
-0.928793 0.338712 0.33807 0.000642582
-0.928593 0.338586 0.337943 0.000643372
-0.928393 0.338459 0.337815 0.000644141
-0.928193 0.338332 0.337687 0.000644888
-0.927993 0.338205 0.337559 0.000645613
-0.927793 0.338076 0.33743 0.000646318
-0.927593 0.337948 0.337301 0.000647001
-0.927393 0.337818 0.337171 0.000647663
-0.927193 0.337689 0.33704 0.000648303
-0.926993 0.337558 0.336909 0.000648923
-0.926793 0.337428 0.336778 0.000649522
-0.926593 0.337296 0.336646 0.000650099
-0.926393 0.337164 0.336514 0.000650656
-0.926193 0.337032 0.336381 0.000651192
-0.925993 0.336899 0.336248 0.000651708
-0.925793 0.336766 0.336114 0.000652203
-0.925593 0.336632 0.33598 0.000652677
-0.925393 0.336498 0.335845 0.000653131
-0.925193 0.336363 0.33571 0.000653564
-0.924992 0.336228 0.335574 0.000653977
-0.924792 0.336092 0.335438 0.00065437
-0.924592 0.335956 0.335301 0.000654743
-0.924392 0.335819 0.335164 0.000655095
-0.924192 0.335681 0.335026 0.000655428
-0.923992 0.335543 0.334888 0.00065574
-0.923792 0.335405 0.334749 0.000656033
-0.923592 0.335266 0.33461 0.000656306
-0.923392 0.335127 0.33447 0.000656559
-0.923192 0.334987 0.33433 0.000656792
-0.922992 0.334846 0.334189 0.000657006
-0.922792 0.334705 0.334048 0.0006572
-0.922592 0.334564 0.333906 0.000657375
-0.922392 0.334422 0.333764 0.00065753
-0.922192 0.334279 0.333622 0.000657666
-0.921992 0.334136 0.333479 0.000657783
-0.921792 0.333993 0.333335 0.00065788
-0.921592 0.333849 0.333191 0.000657959
-0.921392 0.333704 0.333046 0.000658018
-0.921192 0.333559 0.332901 0.000658059
-0.920992 0.333414 0.332755 0.00065808
-0.920792 0.333267 0.332609 0.000658083
-0.920592 0.333121 0.332463 0.000658067
-0.920392 0.332974 0.332316 0.000658032
-0.920192 0.332826 0.332168 0.000657979
-0.919992 0.332678 0.33202 0.000657907
-0.919792 0.332529 0.331872 0.000657817
-0.919592 0.33238 0.331722 0.000657708
-0.919392 0.332231 0.331573 0.000657581
-0.919192 0.33208 0.331423 0.000657436
-0.918992 0.33193 0.331272 0.000657272
-0.918792 0.331778 0.331121 0.000657091
-0.918592 0.331627 0.33097 0.000656891
-0.918392 0.331474 0.330818 0.000656674
-0.918192 0.331322 0.330665 0.000656438
-0.917992 0.331168 0.330512 0.000656185
-0.917792 0.331015 0.330359 0.000655914
-0.917592 0.33086 0.330205 0.000655626
-0.917392 0.330705 0.33005 0.000655319
-0.917192 0.33055 0.329895 0.000654996
-0.916992 0.330394 0.32974 0.000654654
-0.916792 0.330238 0.329584 0.000654296
-0.916592 0.330081 0.329427 0.00065392
-0.916392 0.329924 0.32927 0.000653527
-0.916192 0.329766 0.329113 0.000653116
-0.915992 0.329607 0.328955 0.000652689
-0.915792 0.329448 0.328796 0.000652244
-0.915592 0.329289 0.328637 0.000651783
-0.915392 0.329129 0.328477 0.000651305
-0.915192 0.328968 0.328317 0.00065081
-0.914991 0.328807 0.328157 0.000650298
-0.914791 0.328646 0.327996 0.000649769
-0.914591 0.328484 0.327834 0.000649224
-0.914391 0.328321 0.327672 0.000648662
-0.914191 0.328158 0.32751 0.000648084
-0.913991 0.327994 0.327347 0.00064749
-0.913791 0.32783 0.327183 0.000646879
-0.913591 0.327666 0.327019 0.000646252
-0.913391 0.3275 0.326855 0.000645609
-0.913191 0.327335 0.32669 0.000644949
-0.912991 0.327169 0.326524 0.000644274
-0.912791 0.327002 0.326358 0.000643583
-0.912591 0.326835 0.326192 0.000642875
-0.912391 0.326667 0.326025 0.000642152
-0.912191 0.326499 0.325857 0.000641414
-0.911991 0.32633 0.325689 0.000640659
-0.911791 0.32616 0.325521 0.000639889
-0.911591 0.325991 0.325352 0.000639104
-0.911391 0.32582 0.325182 0.000638303
-0.911191 0.325649 0.325012 0.000637486
-0.910991 0.325478 0.324841 0.000636654
-0.910791 0.325306 0.32467 0.000635807
-0.910591 0.325134 0.324499 0.000634945
-0.910391 0.324961 0.324327 0.000634068
-0.910191 0.324787 0.324154 0.000633176
-0.909991 0.324613 0.323981 0.000632268
-0.909791 0.324439 0.323807 0.000631346
-0.909591 0.324264 0.323633 0.000630409
-0.909391 0.324088 0.323459 0.000629457
-0.909191 0.323912 0.323284 0.000628491
-0.908991 0.323735 0.323108 0.00062751
-0.908791 0.323558 0.322932 0.000626514
-0.908591 0.323381 0.322755 0.000625504
-0.908391 0.323203 0.322578 0.00062448
-0.908191 0.323024 0.3224 0.000623441
-0.907991 0.322845 0.322222 0.000622388
-0.907791 0.322665 0.322044 0.000621321
-0.907591 0.322485 0.321864 0.000620239
-0.907391 0.322304 0.321685 0.000619144
-0.907191 0.322123 0.321505 0.000618035
-0.906991 0.321941 0.321324 0.000616911
-0.906791 0.321758 0.321143 0.000615774
-0.906591 0.321576 0.320961 0.000614623
-0.906391 0.321392 0.320779 0.000613459
-0.906191 0.321208 0.320596 0.000612281
-0.905991 0.321024 0.320413 0.000611089
-0.905791 0.320839 0.320229 0.000609884
-0.905591 0.320653 0.320045 0.000608665
-0.905391 0.320467 0.31986 0.000607433
-0.905191 0.320281 0.319675 0.000606188
-0.90499 0.320094 0.319489 0.000604929
-0.90479 0.319906 0.319303 0.000603657
-0.90459 0.319718 0.319116 0.000602373
-0.90439 0.31953 0.318929 0.000601075
-0.90419 0.31934 0.318741 0.000599764
-0.90399 0.319151 0.318552 0.000598441
-0.90379 0.318961 0.318364 0.000597104
-0.90359 0.31877 0.318174 0.000595755
-0.90339 0.318579 0.317984 0.000594394
-0.90319 0.318387 0.317794 0.000593019
-0.90299 0.318195 0.317603 0.000591633
-0.90279 0.318002 0.317412 0.000590233
-0.90259 0.317809 0.31722 0.000588822
-0.90239 0.317615 0.317027 0.000587398
-0.90219 0.31742 0.316834 0.000585962
-0.90199 0.317225 0.316641 0.000584513
-0.90179 0.31703 0.316447 0.000583053
-0.90159 0.316834 0.316252 0.000581581
-0.90139 0.316638 0.316057 0.000580096
-0.90119 0.31644 0.315862 0.0005786
-0.90099 0.316243 0.315666 0.000577092
-0.90079 0.316045 0.315469 0.000575572
-0.90059 0.315846 0.315272 0.00057404
-0.90039 0.315647 0.315075 0.000572497
-0.90019 0.315448 0.314877 0.000570942
-0.89999 0.315247 0.314678 0.000569376
-0.89979 0.315047 0.314479 0.000567798
-0.89959 0.314846 0.314279 0.000566209
-0.89939 0.314644 0.314079 0.000564609
-0.89919 0.314442 0.313879 0.000562998
-0.89899 0.314239 0.313677 0.000561375
-0.89879 0.314035 0.313476 0.000559741
-0.89859 0.313832 0.313274 0.000558097
-0.89839 0.313627 0.313071 0.000556441
-0.89819 0.313422 0.312868 0.000554775
-0.89799 0.313217 0.312664 0.000553097
-0.89779 0.313011 0.31246 0.000551409
-0.89759 0.312805 0.312255 0.000549711
-0.89739 0.312598 0.31205 0.000548001
-0.89719 0.31239 0.311844 0.000546281
-0.89699 0.312182 0.311637 0.000544551
-0.89679 0.311973 0.311431 0.00054281
-0.89659 0.311764 0.311223 0.000541059
-0.89639 0.311555 0.311015 0.000539298
-0.89619 0.311344 0.310807 0.000537527
-0.89599 0.311134 0.310598 0.000535745
-0.89579 0.310923 0.310389 0.000533953
-0.89559 0.310711 0.310179 0.000532152
-0.89539 0.310499 0.309968 0.00053034
-0.89519 0.310286 0.309757 0.000528519
-0.894989 0.310072 0.309546 0.000526688
-0.894789 0.309859 0.309334 0.000524847
-0.894589 0.309644 0.309121 0.000522996
-0.894389 0.309429 0.308908 0.000521136
-0.894189 0.309214 0.308695 0.000519266
-0.893989 0.308998 0.308481 0.000517387
-0.893789 0.308781 0.308266 0.000515499
-0.893589 0.308564 0.308051 0.000513601
-0.893389 0.308347 0.307835 0.000511694
-0.893189 0.308129 0.307619 0.000509777
-0.892989 0.30791 0.307402 0.000507852
-0.892789 0.307691 0.307185 0.000505917
-0.892589 0.307471 0.306967 0.000503974
-0.892389 0.307251 0.306749 0.000502021
-0.892189 0.307031 0.30653 0.00050006
-0.891989 0.306809 0.306311 0.00049809
-0.891789 0.306588 0.306091 0.000496111
-0.891589 0.306365 0.305871 0.000494124
-0.891389 0.306142 0.30565 0.000492128
-0.891189 0.305919 0.305429 0.000490123
-0.890989 0.305695 0.305207 0.00048811
-0.890789 0.305471 0.304985 0.000486088
-0.890589 0.305246 0.304762 0.000484059
-0.890389 0.30502 0.304538 0.00048202
-0.890189 0.304794 0.304314 0.000479974
-0.889989 0.304568 0.30409 0.00047792
-0.889789 0.304341 0.303865 0.000475857
-0.889589 0.304113 0.303639 0.000473787
-0.889389 0.303885 0.303413 0.000471708
-0.889189 0.303656 0.303187 0.000469622
-0.888989 0.303427 0.30296 0.000467528
-0.888789 0.303197 0.302732 0.000465426
-0.888589 0.302967 0.302504 0.000463316
-0.888389 0.302736 0.302275 0.000461199
-0.888189 0.302505 0.302046 0.000459074
-0.887989 0.302273 0.301816 0.000456942
-0.887789 0.302041 0.301586 0.000454802
-0.887589 0.301808 0.301355 0.000452655
-0.887389 0.301575 0.301124 0.000450501
-0.887189 0.301341 0.300892 0.000448339
-0.886989 0.301106 0.30066 0.00044617
-0.886789 0.300871 0.300427 0.000443994
-0.886589 0.300636 0.300194 0.000441811
-0.886389 0.3004 0.29996 0.000439622
-0.886189 0.300163 0.299726 0.000437425
-0.885989 0.299926 0.299491 0.000435221
-0.885789 0.299688 0.299255 0.00043301
-0.885589 0.29945 0.299019 0.000430793
-0.885389 0.299211 0.298783 0.000428569
-0.885189 0.298972 0.298546 0.000426339
-0.884988 0.298732 0.298308 0.000424102
-0.884788 0.298492 0.29807 0.000421858
-0.884588 0.298251 0.297832 0.000419608
-0.884388 0.29801 0.297593 0.000417352
-0.884188 0.297768 0.297353 0.00041509
-0.883988 0.297526 0.297113 0.000412821
-0.883788 0.297283 0.296872 0.000410546
-0.883588 0.297039 0.296631 0.000408265
-0.883388 0.296795 0.296389 0.000405978
-0.883188 0.296551 0.296147 0.000403685
-0.882988 0.296305 0.295904 0.000401386
-0.882788 0.29606 0.295661 0.000399081
-0.882588 0.295814 0.295417 0.00039677
-0.882388 0.295567 0.295173 0.000394454
-0.882188 0.29532 0.294928 0.000392132
-0.881988 0.295072 0.294682 0.000389804
-0.881788 0.294824 0.294436 0.000387471
-0.881588 0.294575 0.29419 0.000385132
-0.881388 0.294326 0.293943 0.000382788
-0.881188 0.294076 0.293696 0.000380439
-0.880988 0.293826 0.293447 0.000378084
-0.880788 0.293575 0.293199 0.000375724
-0.880588 0.293323 0.29295 0.000373359
-0.880388 0.293071 0.2927 0.000370989
-0.880188 0.292819 0.29245 0.000368613
-0.879988 0.292566 0.292199 0.000366233
-0.879788 0.292312 0.291948 0.000363848
-0.879588 0.292058 0.291697 0.000361458
-0.879388 0.291803 0.291444 0.000359063
-0.879188 0.291548 0.291192 0.000356663
-0.878988 0.291293 0.290938 0.000354259
-0.878788 0.291036 0.290685 0.00035185
-0.878588 0.29078 0.29043 0.000349436
-0.878388 0.290522 0.290175 0.000347018
-0.878188 0.290265 0.28992 0.000344595
-0.877988 0.290006 0.289664 0.000342169
-0.877788 0.289747 0.289408 0.000339737
-0.877588 0.289488 0.289151 0.000337302
-0.877388 0.289228 0.288893 0.000334862
-0.877188 0.288968 0.288635 0.000332418
-0.876988 0.288707 0.288377 0.00032997
-0.876788 0.288445 0.288117 0.000327518
-0.876588 0.288183 0.287858 0.000325062
-0.876388 0.28792 0.287598 0.000322602
-0.876188 0.287657 0.287337 0.000320138
-0.875988 0.287394 0.287076 0.000317671
-0.875788 0.287129 0.286814 0.0003152
-0.875588 0.286865 0.286552 0.000312725
-0.875388 0.286599 0.286289 0.000310246
-0.875188 0.286334 0.286026 0.000307764
-0.874987 0.286067 0.285762 0.000305278
-0.874787 0.285801 0.285498 0.000302789
-0.874587 0.285533 0.285233 0.000300296
-0.874387 0.285265 0.284968 0.0002978
-0.874187 0.284997 0.284702 0.000295301
-0.873987 0.284728 0.284435 0.000292799
-0.873787 0.284458 0.284168 0.000290293
-0.873587 0.284188 0.283901 0.000287785
-0.873387 0.283918 0.283633 0.000285273
-0.873187 0.283647 0.283364 0.000282758
-0.872987 0.283375 0.283095 0.000280241
-0.872787 0.283103 0.282825 0.00027772
-0.872587 0.28283 0.282555 0.000275197
-0.872387 0.282557 0.282285 0.000272671
-0.872187 0.282284 0.282013 0.000270142
-0.871987 0.282009 0.281742 0.000267611
-0.871787 0.281734 0.281469 0.000265077
-0.871587 0.281459 0.281197 0.00026254
-0.871387 0.281183 0.280923 0.000260001
-0.871187 0.280907 0.280649 0.00025746
-0.870987 0.28063 0.280375 0.000254916
-0.870787 0.280353 0.2801 0.00025237
-0.870587 0.280075 0.279825 0.000249822
-0.870387 0.279796 0.279549 0.000247271
-0.870187 0.279517 0.279272 0.000244718
-0.869987 0.279237 0.278995 0.000242164
-0.869787 0.278957 0.278718 0.000239607
-0.869587 0.278677 0.27844 0.000237048
-0.869387 0.278396 0.278161 0.000234487
-0.869187 0.278114 0.277882 0.000231925
-0.868987 0.277832 0.277602 0.00022936
-0.868787 0.277549 0.277322 0.000226794
-0.868587 0.277266 0.277041 0.000224226
-0.868387 0.276982 0.27676 0.000221657
-0.868187 0.276698 0.276478 0.000219086
-0.867987 0.276413 0.276196 0.000216513
-0.867787 0.276127 0.275913 0.000213939
-0.867587 0.275841 0.27563 0.000211364
-0.867387 0.275555 0.275346 0.000208787
-0.867187 0.275268 0.275062 0.000206208
-0.866987 0.27498 0.274777 0.000203629
-0.866787 0.274692 0.274491 0.000201048
-0.866587 0.274404 0.274205 0.000198466
-0.866387 0.274115 0.273919 0.000195883
-0.866187 0.273825 0.273632 0.000193299
-0.865987 0.273535 0.273344 0.000190714
-0.865787 0.273244 0.273056 0.000188128
-0.865587 0.272953 0.272767 0.000185541
-0.865387 0.272661 0.272478 0.000182953
-0.865187 0.272369 0.272189 0.000180365
-0.864986 0.272076 0.271898 0.000177776
-0.864786 0.271783 0.271608 0.000175186
-0.864586 0.271489 0.271316 0.000172595
-0.864386 0.271195 0.271025 0.000170004
-0.864186 0.2709 0.270732 0.000167412
-0.863986 0.270604 0.270439 0.00016482
-0.863786 0.270308 0.270146 0.000162227
-0.863586 0.270012 0.269852 0.000159634
-0.863386 0.269715 0.269558 0.000157041
-0.863186 0.269417 0.269263 0.000154448
-0.862986 0.269119 0.268967 0.000151854
-0.862786 0.26882 0.268671 0.00014926
-0.862586 0.268521 0.268375 0.000146666
-0.862386 0.268222 0.268077 0.000144071
-0.862186 0.267921 0.26778 0.000141477
-0.861986 0.267621 0.267482 0.000138883
-0.861786 0.267319 0.267183 0.000136289
-0.861586 0.267018 0.266884 0.000133695
-0.861386 0.266715 0.266584 0.000131101
-0.861186 0.266412 0.266284 0.000128508
-0.860986 0.266109 0.265983 0.000125915
-0.860786 0.265805 0.265682 0.000123322
-0.860586 0.265501 0.26538 0.000120729
-0.860386 0.265196 0.265077 0.000118137
-0.860186 0.26489 0.264775 0.000115546
-0.859986 0.264584 0.264471 0.000112955
-0.859786 0.264278 0.264167 0.000110364
-0.859586 0.26397 0.263863 0.000107775
-0.859386 0.263663 0.263558 0.000105185
-0.859186 0.263355 0.263252 0.000102597
-0.858986 0.263046 0.262946 0.000100009
-0.858786 0.262737 0.262639 9.74225e-05
-0.858586 0.262427 0.262332 9.48366e-05
-0.858386 0.262117 0.262025 9.22516e-05
-0.858186 0.261806 0.261716 8.96676e-05
-0.857986 0.261495 0.261408 8.70846e-05
-0.857786 0.261183 0.261098 8.45027e-05
-0.857586 0.260871 0.260789 8.19219e-05
-0.857386 0.260558 0.260478 7.93422e-05
-0.857186 0.260244 0.260168 7.67638e-05
-0.856986 0.25993 0.259856 7.41866e-05
-0.856786 0.259616 0.259544 7.16107e-05
-0.856586 0.259301 0.259232 6.90362e-05
-0.856386 0.258985 0.258919 6.64631e-05
-0.856186 0.258669 0.258606 6.38915e-05
-0.855986 0.258353 0.258292 6.13213e-05
-0.855786 0.258036 0.257977 5.87527e-05
-0.855586 0.257718 0.257662 5.61856e-05
-0.855386 0.2574 0.257346 5.36202e-05
-0.855186 0.257081 0.25703 5.10565e-05
-0.854985 0.256762 0.256714 4.84945e-05
-0.854785 0.256442 0.256396 4.59343e-05
-0.854585 0.256122 0.256079 4.33759e-05
-0.854385 0.255801 0.255761 4.08193e-05
-0.854185 0.25548 0.255442 3.82647e-05
-0.853985 0.255158 0.255123 3.5712e-05
-0.853785 0.254836 0.254803 3.31614e-05
-0.853585 0.254513 0.254482 3.06127e-05
-0.853385 0.25419 0.254162 2.80662e-05
-0.853185 0.253866 0.25384 2.55218e-05
-0.852985 0.253541 0.253518 2.29796e-05
-0.852785 0.253216 0.253196 2.04396e-05
-0.852585 0.252891 0.252873 1.79019e-05
-0.852385 0.252565 0.252549 1.53665e-05
-0.852185 0.252238 0.252225 1.28334e-05
-0.851985 0.251911 0.251901 1.03028e-05
-0.851785 0.251583 0.251576 7.77458e-06
-0.851585 0.251255 0.25125 5.24888e-06
-0.851385 0.250927 0.250924 2.7257e-06
-0.851185 0.250598 0.250597 2.05109e-07
-0.850985 0.250268 0.25027 2.31287e-06
-0.850785 0.249938 0.249942 4.82818e-06
-0.850585 0.249607 0.249614 7.34078e-06
-0.850385 0.249276 0.249285 9.85063e-06
-0.850185 0.248944 0.248956 1.23577e-05
-0.849985 0.248611 0.248626 1.48619e-05
-0.849785 0.248279 0.248296 1.73633e-05
-0.849585 0.247945 0.247965 1.98617e-05
-0.849385 0.247611 0.247634 2.23571e-05
-0.849185 0.247277 0.247302 2.48496e-05
-0.848985 0.246942 0.246969 2.7339e-05
-0.848785 0.246607 0.246636 2.98253e-05
-0.848585 0.246271 0.246303 3.23085e-05
-0.848385 0.245934 0.245969 3.47885e-05
-0.848185 0.245597 0.245634 3.72653e-05
-0.847985 0.245259 0.245299 3.97389e-05
-0.847785 0.244921 0.244964 4.22091e-05
-0.847585 0.244583 0.244628 4.4676e-05
-0.847385 0.244244 0.244291 4.71396e-05
-0.847185 0.243904 0.243954 4.95997e-05
-0.846985 0.243564 0.243616 5.20563e-05
-0.846785 0.243223 0.243278 5.45095e-05
-0.846585 0.242882 0.242939 5.69591e-05
-0.846385 0.24254 0.2426 5.94051e-05
-0.846185 0.242198 0.24226 6.18476e-05
-0.845985 0.241855 0.24192 6.42863e-05
-0.845785 0.241512 0.241579 6.67214e-05
-0.845585 0.241168 0.241237 6.91527e-05
-0.845385 0.240824 0.240895 7.15802e-05
-0.845185 0.240479 0.240553 7.40039e-05
-0.844984 0.240134 0.24021 7.64238e-05
-0.844784 0.239788 0.239867 7.88398e-05
-0.844584 0.239441 0.239523 8.12518e-05
-0.844384 0.239094 0.239178 8.36598e-05
-0.844184 0.238747 0.238833 8.60639e-05
-0.843984 0.238399 0.238487 8.84639e-05
-0.843784 0.23805 0.238141 9.08598e-05
-0.843584 0.237701 0.237795 9.32515e-05
-0.843384 0.237352 0.237448 9.56392e-05
-0.843184 0.237002 0.2371 9.80226e-05
-0.842984 0.236651 0.236752 0.000100402
-0.842784 0.2363 0.236403 0.000102777
-0.842584 0.235949 0.236054 0.000105147
-0.842384 0.235597 0.235704 0.000107513
-0.842184 0.235244 0.235354 0.000109875
-0.841984 0.234891 0.235003 0.000112233
-0.841784 0.234537 0.234652 0.000114586
-0.841584 0.234183 0.2343 0.000116934
-0.841384 0.233828 0.233947 0.000119278
-0.841184 0.233473 0.233594 0.000121617
-0.840984 0.233117 0.233241 0.000123952
-0.840784 0.232761 0.232887 0.000126282
-0.840584 0.232404 0.232533 0.000128607
-0.840384 0.232047 0.232178 0.000130928
-0.840184 0.231689 0.231822 0.000133244
-0.839984 0.231331 0.231466 0.000135555
-0.839784 0.230972 0.23111 0.000137861
-0.839584 0.230612 0.230752 0.000140163
-0.839384 0.230252 0.230395 0.000142459
-0.839184 0.229892 0.230037 0.000144751
-0.838984 0.229531 0.229678 0.000147038
-0.838784 0.22917 0.229319 0.000149319
-0.838584 0.228808 0.228959 0.000151596
-0.838384 0.228445 0.228599 0.000153868
-0.838184 0.228082 0.228238 0.000156134
-0.837984 0.227719 0.227877 0.000158395
-0.837784 0.227355 0.227515 0.000160652
-0.837584 0.22699 0.227153 0.000162902
-0.837384 0.226625 0.22679 0.000165148
-0.837184 0.22626 0.226427 0.000167389
-0.836984 0.225893 0.226063 0.000169624
-0.836784 0.225527 0.225699 0.000171854
-0.836584 0.22516 0.225334 0.000174078
-0.836384 0.224792 0.224968 0.000176297
-0.836184 0.224424 0.224603 0.000178511
-0.835984 0.224055 0.224236 0.000180719
-0.835784 0.223686 0.223869 0.000182921
-0.835584 0.223316 0.223502 0.000185119
-0.835384 0.222946 0.223134 0.00018731
-0.835184 0.222576 0.222765 0.000189496
-0.834983 0.222204 0.222396 0.000191676
-0.834783 0.221833 0.222026 0.000193851
-0.834583 0.22146 0.221656 0.00019602
-0.834383 0.221088 0.221286 0.000198183
-0.834183 0.220714 0.220915 0.000200341
-0.833983 0.220341 0.220543 0.000202492
-0.833783 0.219966 0.220171 0.000204638
-0.833583 0.219591 0.219798 0.000206778
-0.833383 0.219216 0.219425 0.000208913
-0.833183 0.21884 0.219051 0.000211041
-0.832983 0.218464 0.218677 0.000213163
-0.832783 0.218087 0.218302 0.00021528
-0.832583 0.21771 0.217927 0.00021739
-0.832383 0.217332 0.217551 0.000219494
-0.832183 0.216953 0.217175 0.000221593
-0.831983 0.216575 0.216798 0.000223685
-0.831783 0.216195 0.216421 0.000225771
-0.831583 0.215815 0.216043 0.000227851
-0.831383 0.215435 0.215665 0.000229925
-0.831183 0.215054 0.215286 0.000231992
-0.830983 0.214672 0.214907 0.000234054
-0.830783 0.214291 0.214527 0.000236109
-0.830583 0.213908 0.214146 0.000238157
-0.830383 0.213525 0.213765 0.0002402
-0.830183 0.213142 0.213384 0.000242236
-0.829983 0.212758 0.213002 0.000244266
-0.829783 0.212373 0.212619 0.000246289
-0.829583 0.211988 0.212236 0.000248306
-0.829383 0.211603 0.211853 0.000250317
-0.829183 0.211217 0.211469 0.000252321
-0.828983 0.21083 0.211084 0.000254318
-0.828783 0.210443 0.210699 0.000256309
-0.828583 0.210055 0.210314 0.000258293
-0.828383 0.209667 0.209928 0.000260271
-0.828183 0.209279 0.209541 0.000262242
-0.827983 0.20889 0.209154 0.000264207
-0.827783 0.2085 0.208766 0.000266165
-0.827583 0.20811 0.208378 0.000268116
-0.827383 0.20772 0.20799 0.000270061
-0.827183 0.207328 0.2076 0.000271998
-0.826983 0.206937 0.207211 0.000273929
-0.826783 0.206545 0.206821 0.000275853
-0.826583 0.206152 0.20643 0.000277771
-0.826383 0.205759 0.206039 0.000279681
-0.826183 0.205365 0.205647 0.000281585
-0.825983 0.204971 0.205255 0.000283482
-0.825783 0.204577 0.204862 0.000285371
-0.825583 0.204181 0.204469 0.000287254
-0.825383 0.203786 0.204075 0.00028913
-0.825183 0.20339 0.203681 0.000290999
-0.824982 0.202993 0.203286 0.000292861
-0.824782 0.202596 0.202891 0.000294716
-0.824582 0.202198 0.202495 0.000296563
-0.824382 0.2018 0.202099 0.000298404
-0.824182 0.201401 0.201702 0.000300237
-0.823982 0.201002 0.201304 0.000302064
-0.823782 0.200603 0.200907 0.000303883
-0.823582 0.200202 0.200508 0.000305695
-0.823382 0.199802 0.200109 0.0003075
-0.823182 0.199401 0.19971 0.000309298
-0.822982 0.198999 0.19931 0.000311088
-0.822782 0.198597 0.19891 0.000312871
-0.822582 0.198194 0.198509 0.000314647
-0.822382 0.197791 0.198107 0.000316415
-0.822182 0.197387 0.197705 0.000318176
-0.821982 0.196983 0.197303 0.00031993
-0.821782 0.196578 0.1969 0.000321677
-0.821582 0.196173 0.196497 0.000323416
-0.821382 0.195768 0.196093 0.000325147
-0.821182 0.195361 0.195688 0.000326871
-0.820982 0.194955 0.195283 0.000328588
-0.820782 0.194548 0.194878 0.000330297
-0.820582 0.19414 0.194472 0.000331999
-0.820382 0.193732 0.194065 0.000333693
-0.820182 0.193323 0.193659 0.000335379
-0.819982 0.192914 0.193251 0.000337058
-0.819782 0.192504 0.192843 0.00033873
-0.819582 0.192094 0.192435 0.000340393
-0.819382 0.191684 0.192026 0.000342049
-0.819182 0.191272 0.191616 0.000343698
-0.818982 0.190861 0.191206 0.000345339
-0.818782 0.190449 0.190796 0.000346972
-0.818582 0.190036 0.190385 0.000348597
-0.818382 0.189623 0.189973 0.000350215
-0.818182 0.189209 0.189561 0.000351825
-0.817982 0.188795 0.189148 0.000353427
-0.817782 0.18838 0.188735 0.000355021
-0.817582 0.187965 0.188322 0.000356608
-0.817382 0.18755 0.187908 0.000358187
-0.817182 0.187134 0.187493 0.000359758
-0.816982 0.186717 0.187078 0.000361321
-0.816782 0.1863 0.186663 0.000362876
-0.816582 0.185882 0.186247 0.000364423
-0.816382 0.185464 0.18583 0.000365963
-0.816182 0.185046 0.185413 0.000367494
-0.815982 0.184627 0.184996 0.000369018
-0.815782 0.184207 0.184578 0.000370533
-0.815582 0.183787 0.184159 0.000372041
-0.815382 0.183366 0.18374 0.00037354
-0.815182 0.182945 0.18332 0.000375032
-0.814981 0.182524 0.1829 0.000376515
-0.814781 0.182102 0.18248 0.000377991
-0.814581 0.181679 0.182059 0.000379458
-0.814381 0.181256 0.181637 0.000380918
-0.814181 0.180833 0.181215 0.000382369
-0.813981 0.180409 0.180793 0.000383812
-0.813781 0.179984 0.18037 0.000385247
-0.813581 0.179559 0.179946 0.000386674
-0.813381 0.179134 0.179522 0.000388093
-0.813181 0.178708 0.179097 0.000389503
-0.812981 0.178282 0.178672 0.000390906
-0.812781 0.177855 0.178247 0.0003923
-0.812581 0.177427 0.177821 0.000393686
-0.812381 0.176999 0.177394 0.000395063
-0.812181 0.176571 0.176967 0.000396433
-0.811981 0.176142 0.17654 0.000397794
-0.811781 0.175713 0.176112 0.000399147
-0.811581 0.175283 0.175683 0.000400492
-0.811381 0.174852 0.175254 0.000401828
-0.811181 0.174422 0.174825 0.000403156
-0.810981 0.17399 0.174395 0.000404476
-0.810781 0.173559 0.173964 0.000405787
-0.810581 0.173126 0.173533 0.00040709
-0.810381 0.172693 0.173102 0.000408385
-0.810181 0.17226 0.17267 0.000409671
-0.809981 0.171826 0.172237 0.000410949
-0.809781 0.171392 0.171804 0.000412219
-0.809581 0.170958 0.171371 0.00041348
-0.809381 0.170522 0.170937 0.000414733
-0.809181 0.170087 0.170503 0.000415977
-0.808981 0.16965 0.170068 0.000417213
-0.808781 0.169214 0.169632 0.00041844
-0.808581 0.168777 0.169196 0.000419659
-0.808381 0.168339 0.16876 0.000420869
-0.808181 0.167901 0.168323 0.000422071
-0.807981 0.167462 0.167886 0.000423265
-0.807781 0.167023 0.167448 0.00042445
-0.807581 0.166584 0.167009 0.000425626
-0.807381 0.166144 0.166571 0.000426794
-0.807181 0.165703 0.166131 0.000427953
-0.806981 0.165262 0.165691 0.000429104
-0.806781 0.164821 0.165251 0.000430246
-0.806581 0.164379 0.16481 0.000431379
-0.806381 0.163936 0.164369 0.000432504
-0.806181 0.163494 0.163927 0.000433621
-0.805981 0.16305 0.163485 0.000434729
-0.805781 0.162606 0.163042 0.000435828
-0.805581 0.162162 0.162599 0.000436918
-0.805381 0.161717 0.162155 0.000438
-0.805181 0.161272 0.161711 0.000439073
-0.80498 0.160826 0.161266 0.000440138
-0.80478 0.16038 0.160821 0.000441194
-0.80458 0.159933 0.160375 0.000442241
-0.80438 0.159486 0.159929 0.00044328
-0.80418 0.159038 0.159482 0.000444309
-0.80398 0.15859 0.159035 0.000445331
-0.80378 0.158141 0.158588 0.000446343
-0.80358 0.157692 0.15814 0.000447347
-0.80338 0.157243 0.157691 0.000448342
-0.80318 0.156793 0.157242 0.000449328
-0.80298 0.156342 0.156792 0.000450306
-0.80278 0.155891 0.156342 0.000451275
-0.80258 0.15544 0.155892 0.000452235
-0.80238 0.154988 0.155441 0.000453186
-0.80218 0.154535 0.154989 0.000454129
-0.80198 0.154082 0.154537 0.000455063
-0.80178 0.153629 0.154085 0.000455988
-0.80158 0.153175 0.153632 0.000456904
-0.80138 0.152721 0.153178 0.000457811
-0.80118 0.152266 0.152725 0.00045871
-0.80098 0.151811 0.15227 0.0004596
-0.80078 0.151355 0.151815 0.000460481
-0.80058 0.150899 0.15136 0.000461353
-0.80038 0.150442 0.150904 0.000462217
-0.80018 0.149985 0.150448 0.000463071
-0.79998 0.149527 0.149991 0.000463917
-0.79978 0.149069 0.149534 0.000464754
-0.79958 0.14861 0.149076 0.000465582
-0.79938 0.148151 0.148618 0.000466402
-0.79918 0.147692 0.148159 0.000467212
-0.79898 0.147232 0.1477 0.000468014
-0.79878 0.146772 0.14724 0.000468806
-0.79858 0.146311 0.14678 0.00046959
-0.79838 0.145849 0.14632 0.000470365
-0.79818 0.145387 0.145859 0.000471131
-0.79798 0.144925 0.145397 0.000471889
-0.79778 0.144462 0.144935 0.000472637
-0.79758 0.143999 0.144472 0.000473377
-0.79738 0.143535 0.144009 0.000474107
-0.79718 0.143071 0.143546 0.000474829
-0.79698 0.142607 0.143082 0.000475542
-0.79678 0.142141 0.142618 0.000476246
-0.79658 0.141676 0.142153 0.000476941
-0.79638 0.14121 0.141687 0.000477627
-0.79618 0.140743 0.141222 0.000478305
-0.79598 0.140276 0.140755 0.000478973
-0.79578 0.139809 0.140289 0.000479633
-0.79558 0.139341 0.139821 0.000480283
-0.79538 0.138873 0.139354 0.000480925
-0.79518 0.138404 0.138885 0.000481558
-0.794979 0.137935 0.138417 0.000482182
-0.794779 0.137465 0.137948 0.000482797
-0.794579 0.136995 0.137478 0.000483403
-0.794379 0.136524 0.137008 0.000484
-0.794179 0.136053 0.136537 0.000484588
-0.793979 0.135581 0.136066 0.000485168
-0.793779 0.135109 0.135595 0.000485738
-0.793579 0.134637 0.135123 0.0004863
-0.793379 0.134164 0.134651 0.000486852
-0.793179 0.13369 0.134178 0.000487396
-0.792979 0.133216 0.133704 0.000487931
-0.792779 0.132742 0.133231 0.000488457
-0.792579 0.132267 0.132756 0.000488974
-0.792379 0.131792 0.132282 0.000489482
-0.792179 0.131316 0.131806 0.000489981
-0.791979 0.13084 0.131331 0.000490471
-0.791779 0.130364 0.130855 0.000490953
-0.791579 0.129887 0.130378 0.000491425
-0.791379 0.129409 0.129901 0.000491889
-0.791179 0.128931 0.129423 0.000492343
-0.790979 0.128453 0.128945 0.000492789
-0.790779 0.127974 0.128467 0.000493226
-0.790579 0.127494 0.127988 0.000493654
-0.790379 0.127015 0.127509 0.000494073
-0.790179 0.126534 0.127029 0.000494483
-0.789979 0.126054 0.126548 0.000494884
-0.789779 0.125572 0.126068 0.000495276
-0.789579 0.125091 0.125586 0.000495659
-0.789379 0.124609 0.125105 0.000496034
-0.789179 0.124126 0.124623 0.0004964
-0.788979 0.123643 0.12414 0.000496756
-0.788779 0.12316 0.123657 0.000497104
-0.788579 0.122676 0.123173 0.000497443
-0.788379 0.122192 0.122689 0.000497773
-0.788179 0.121707 0.122205 0.000498094
-0.787979 0.121222 0.12172 0.000498407
-0.787779 0.120736 0.121235 0.00049871
-0.787579 0.12025 0.120749 0.000499005
-0.787379 0.119763 0.120263 0.00049929
-0.787179 0.119276 0.119776 0.000499567
-0.786979 0.118789 0.119289 0.000499835
-0.786779 0.118301 0.118801 0.000500095
-0.786579 0.117813 0.118313 0.000500345
-0.786379 0.117324 0.117824 0.000500586
-0.786179 0.116834 0.117335 0.000500819
-0.785979 0.116345 0.116846 0.000501043
-0.785779 0.115855 0.116356 0.000501258
-0.785579 0.115364 0.115865 0.000501464
-0.785379 0.114873 0.115375 0.000501661
-0.785179 0.114382 0.114883 0.00050185
-0.784978 0.11389 0.114392 0.00050203
-0.784778 0.113397 0.113899 0.000502201
-0.784578 0.112904 0.113407 0.000502363
-0.784378 0.112411 0.112914 0.000502516
-0.784178 0.111918 0.11242 0.000502661
-0.783978 0.111423 0.111926 0.000502797
-0.783778 0.110929 0.111432 0.000502924
-0.783578 0.110434 0.110937 0.000503042
-0.783378 0.109938 0.110441 0.000503151
-0.783178 0.109442 0.109946 0.000503252
-0.782978 0.108946 0.109449 0.000503344
-0.782778 0.108449 0.108953 0.000503427
-0.782578 0.107952 0.108456 0.000503502
-0.782378 0.107454 0.107958 0.000503568
-0.782178 0.106956 0.10746 0.000503625
-0.781978 0.106458 0.106962 0.000503673
-0.781778 0.105959 0.106463 0.000503713
-0.781578 0.105459 0.105963 0.000503744
-0.781378 0.10496 0.105463 0.000503766
-0.781178 0.104459 0.104963 0.00050378
-0.780978 0.103959 0.104462 0.000503785
-0.780778 0.103458 0.103961 0.000503781
-0.780578 0.102956 0.10346 0.000503769
-0.780378 0.102454 0.102958 0.000503748
-0.780178 0.101951 0.102455 0.000503718
-0.779978 0.101449 0.101952 0.00050368
-0.779778 0.100945 0.101449 0.000503633
-0.779578 0.100442 0.100945 0.000503577
-0.779378 0.0999373 0.100441 0.000503513
-0.779178 0.0994327 0.0999362 0.00050344
-0.778978 0.0989277 0.099431 0.000503359
-0.778778 0.0984222 0.0989255 0.000503269
-0.778578 0.0979163 0.0984195 0.000503171
-0.778378 0.09741 0.097913 0.000503064
-0.778178 0.0969032 0.0974061 0.000502948
-0.777978 0.096396 0.0968988 0.000502824
-0.777778 0.0958884 0.0963911 0.000502692
-0.777578 0.0953803 0.0958829 0.00050255
-0.777378 0.0948718 0.0953742 0.000502401
-0.777178 0.0943629 0.0948652 0.000502243
-0.776978 0.0938536 0.0943556 0.000502076
-0.776778 0.0933438 0.0938457 0.000501901
-0.776578 0.0928336 0.0933353 0.000501717
-0.776378 0.092323 0.0928245 0.000501525
-0.776178 0.0918119 0.0923133 0.000501325
-0.775978 0.0913005 0.0918016 0.000501116
-0.775778 0.0907886 0.0912895 0.000500898
-0.775578 0.0902762 0.0907769 0.000500673
-0.775378 0.0897635 0.0902639 0.000500438
-0.775178 0.0892503 0.0897505 0.000500196
-0.774977 0.0887367 0.0892367 0.000499945
-0.774777 0.0882227 0.0887224 0.000499686
-0.774577 0.0877083 0.0882077 0.000499418
-0.774377 0.0871934 0.0876925 0.000499142
-0.774177 0.0866781 0.087177 0.000498858
-0.773977 0.0861624 0.086661 0.000498565
-0.773777 0.0856463 0.0861446 0.000498264
-0.773577 0.0851297 0.0856277 0.000497955
-0.773377 0.0846128 0.0851104 0.000497637
-0.773177 0.0840954 0.0845927 0.000497312
-0.772977 0.0835776 0.0840746 0.000496977
-0.772777 0.0830594 0.083556 0.000496635
-0.772577 0.0825407 0.083037 0.000496285
-0.772377 0.0820217 0.0825176 0.000495926
-0.772177 0.0815022 0.0819977 0.000495559
-0.771977 0.0809823 0.0814775 0.000495184
-0.771777 0.080462 0.0809568 0.0004948
-0.771577 0.0799413 0.0804357 0.000494409
-0.771377 0.0794201 0.0799141 0.000494009
-0.771177 0.0788986 0.0793922 0.000493602
-0.770977 0.0783766 0.0788698 0.000493186
-0.770777 0.0778542 0.078347 0.000492762
-0.770577 0.0773314 0.0778237 0.00049233
-0.770377 0.0768082 0.0773001 0.000491889
-0.770177 0.0762846 0.076776 0.000491441
-0.769977 0.0757605 0.0762515 0.000490985
-0.769777 0.0752361 0.0757266 0.00049052
-0.769577 0.0747112 0.0752013 0.000490048
-0.769377 0.0741859 0.0746755 0.000489568
-0.769177 0.0736603 0.0741493 0.000489079
-0.768977 0.0731342 0.0736228 0.000488583
-0.768777 0.0726077 0.0730957 0.000488079
-0.768577 0.0720808 0.0725683 0.000487566
-0.768377 0.0715534 0.0720405 0.000487046
-0.768177 0.0710257 0.0715122 0.000486518
-0.767977 0.0704976 0.0709836 0.000485982
-0.767777 0.069969 0.0704545 0.000485438
-0.767577 0.0694401 0.069925 0.000484886
-0.767377 0.0689107 0.069395 0.000484327
-0.767177 0.0683809 0.0688647 0.000483759
-0.766977 0.0678508 0.068334 0.000483184
-0.766777 0.0673202 0.0678028 0.000482601
-0.766577 0.0667892 0.0672712 0.00048201
-0.766377 0.0662578 0.0667393 0.000481411
-0.766177 0.0657261 0.0662069 0.000480805
-0.765977 0.0651939 0.0656741 0.00048019
-0.765777 0.0646613 0.0651408 0.000479569
-0.765577 0.0641283 0.0646072 0.000478939
-0.765377 0.0635949 0.0640732 0.000478302
-0.765177 0.0630611 0.0635387 0.000477657
-0.764976 0.0625269 0.0630039 0.000477004
-0.764776 0.0619923 0.0624686 0.000476344
-0.764576 0.0614573 0.0619329 0.000475676
-0.764376 0.0609219 0.0613969 0.000475
-0.764176 0.0603861 0.0608604 0.000474317
-0.763976 0.0598499 0.0603235 0.000473626
-0.763776 0.0593133 0.0597862 0.000472928
-0.763576 0.0587763 0.0592485 0.000472222
-0.763376 0.0582389 0.0587104 0.000471509
-0.763176 0.0577011 0.0581719 0.000470788
-0.762976 0.0571629 0.057633 0.00047006
-0.762776 0.0566243 0.0570937 0.000469324
-0.762576 0.0560854 0.0565539 0.000468581
-0.762376 0.055546 0.0560138 0.00046783
-0.762176 0.0550062 0.0554733 0.000467072
-0.761976 0.0544661 0.0549324 0.000466307
-0.761776 0.0539255 0.0543911 0.000465534
-0.761576 0.0533846 0.0538493 0.000464754
-0.761376 0.0528432 0.0533072 0.000463966
-0.761176 0.0523015 0.0527647 0.000463172
-0.760976 0.0517594 0.0522218 0.000462369
-0.760776 0.0512169 0.0516784 0.00046156
-0.760576 0.050674 0.0511347 0.000460743
-0.760376 0.0501307 0.0505906 0.000459919
-0.760176 0.049587 0.0500461 0.000459088
-0.759976 0.0490429 0.0495012 0.00045825
-0.759776 0.0484985 0.0489559 0.000457404
-0.759576 0.0479536 0.0484102 0.000456552
-0.759376 0.0474084 0.0478641 0.000455692
-0.759176 0.0468628 0.0473176 0.000454825
-0.758976 0.0463168 0.0467707 0.000453951
-0.758776 0.0457704 0.0462235 0.00045307
-0.758576 0.0452236 0.0456758 0.000452182
-0.758376 0.0446765 0.0451277 0.000451286
-0.758176 0.0441289 0.0445793 0.000450384
-0.757976 0.043581 0.0440304 0.000449475
-0.757776 0.0430327 0.0434812 0.000448558
-0.757576 0.042484 0.0429316 0.000447635
-0.757376 0.0419349 0.0423816 0.000446705
-0.757176 0.0413854 0.0418312 0.000445768
-0.756976 0.0408356 0.0412804 0.000444824
-0.756776 0.0402854 0.0407292 0.000443873
-0.756576 0.0397347 0.0401777 0.000442915
-0.756376 0.0391838 0.0396257 0.000441951
-0.756176 0.0386324 0.0390734 0.000440979
-0.755976 0.0380807 0.0385207 0.000440001
-0.755776 0.0375285 0.0379675 0.000439016
-0.755576 0.036976 0.0374141 0.000438024
-0.755376 0.0364232 0.0368602 0.000437026
-0.755176 0.0358699 0.0363059 0.000436021
-0.754975 0.0353163 0.0357513 0.000435009
-0.754775 0.0347623 0.0351963 0.00043399
-0.754575 0.0342079 0.0346408 0.000432965
-0.754375 0.0336531 0.0340851 0.000431933
-0.754175 0.033098 0.0335289 0.000430895
-0.753975 0.0325425 0.0329723 0.00042985
-0.753775 0.0319866 0.0324154 0.000428799
-0.753575 0.0314304 0.0318581 0.00042774
-0.753375 0.0308737 0.0313004 0.000426676
-0.753175 0.0303167 0.0307423 0.000425605
-0.752975 0.0297594 0.0301839 0.000424527
-0.752775 0.0292016 0.0296251 0.000423443
-0.752575 0.0286435 0.0290659 0.000422353
-0.752375 0.0280851 0.0285063 0.000421256
-0.752175 0.0275262 0.0279464 0.000420153
-0.751975 0.026967 0.027386 0.000419043
-0.751775 0.0264074 0.0268253 0.000417927
-0.751575 0.0258475 0.0262643 0.000416805
-0.751375 0.0252871 0.0257028 0.000415677
-0.751175 0.0247265 0.025141 0.000414542
-0.750975 0.0241654 0.0245788 0.000413401
-0.750775 0.023604 0.0240162 0.000412254
-0.750575 0.0230422 0.0234533 0.0004111
-0.750375 0.0224801 0.02289 0.00040994
-0.750175 0.0219176 0.0223263 0.000408775
-0.749975 0.0213547 0.0217623 0.000407603
-0.749775 0.0207914 0.0211979 0.000406425
-0.749575 0.0202278 0.0206331 0.000405241
-0.749375 0.0196639 0.0200679 0.000404051
-0.749175 0.0190996 0.0195024 0.000402855
-0.748975 0.0185349 0.0189365 0.000401652
-0.748775 0.0179698 0.0183703 0.000400444
-0.748575 0.0174044 0.0178037 0.00039923
-0.748375 0.0168387 0.0172367 0.00039801
-0.748175 0.0162726 0.0166693 0.000396784
-0.747975 0.0157061 0.0161016 0.000395552
-0.747775 0.0151393 0.0155336 0.000394315
-0.747575 0.0145721 0.0149651 0.000393071
-0.747375 0.0140045 0.0143963 0.000391822
-0.747175 0.0134366 0.0138272 0.000390567
-0.746975 0.0128684 0.0132577 0.000389306
-0.746775 0.0122997 0.0126878 0.000388039
-0.746575 0.0117308 0.0121175 0.000386767
-0.746375 0.0111614 0.0115469 0.000385489
-0.746175 0.0105918 0.010976 0.000384205
-0.745975 0.0100217 0.0104047 0.000382916
-0.745775 0.00945137 0.00983299 0.000381621
-0.745575 0.00888064 0.00926096 0.00038032
-0.745375 0.00830956 0.00868857 0.000379014
-0.745175 0.00773812 0.00811583 0.000377702
-0.744974 0.00716634 0.00754273 0.000376385
-0.744774 0.00659421 0.00696927 0.000375063
-0.744574 0.00602173 0.00639547 0.000373735
-0.744374 0.0054489 0.0058213 0.000372401
-0.744174 0.00487573 0.00524679 0.000371062
-0.743974 0.0043022 0.00467192 0.000369718
-0.743774 0.00372833 0.0040967 0.000368368
-0.743574 0.00315412 0.00352113 0.000367013
-0.743374 0.00257956 0.00294521 0.000365652
-0.743174 0.00200465 0.00236894 0.000364287
-0.742974 0.0014294 0.00179232 0.000362916
-0.742774 0.00085381 0.00121535 0.00036154
-0.742574 0.000277873 0.000638031 0.000360158
-0.742374 -0.000298406 6.03651e-05 0.000358772
-0.742174 -0.000875028 -0.000517648 0.00035738
-0.741974 -0.00145199 -0.00109601 0.000355983
-0.741774 -0.00202929 -0.00167471 0.000354581
-0.741574 -0.00260694 -0.00225376 0.000353174
-0.741374 -0.00318492 -0.00283316 0.000351762
-0.741174 -0.00376325 -0.0034129 0.000350345
-0.740974 -0.00434191 -0.00399298 0.000348923
-0.740774 -0.00492091 -0.00457341 0.000347495
-0.740574 -0.00550024 -0.00515418 0.000346063
-0.740374 -0.00607992 -0.00573529 0.000344626
-0.740174 -0.00665993 -0.00631674 0.000343185
-0.739974 -0.00724028 -0.00689854 0.000341738
-0.739774 -0.00782096 -0.00748067 0.000340286
-0.739574 -0.00840197 -0.00806314 0.00033883
-0.739374 -0.00898332 -0.00864596 0.000337369
-0.739174 -0.00956501 -0.00922911 0.000335903
-0.738974 -0.010147 -0.00981259 0.000334432
-0.738774 -0.0107294 -0.0103964 0.000332957
-0.738574 -0.0113121 -0.0109806 0.000331477
-0.738374 -0.0118951 -0.0115651 0.000329992
-0.738174 -0.0124784 -0.0121499 0.000328503
-0.737974 -0.0130621 -0.0127351 0.000327009
-0.737774 -0.0136461 -0.0133206 0.00032551
-0.737574 -0.0142304 -0.0139064 0.000324007
-0.737374 -0.0148151 -0.0144926 0.000322499
-0.737174 -0.0154001 -0.0150791 0.000320987
-0.736974 -0.0159854 -0.0156659 0.000319471
-0.736774 -0.016571 -0.0162531 0.00031795
-0.736574 -0.017157 -0.0168406 0.000316424
-0.736374 -0.0177433 -0.0174284 0.000314895
-0.736174 -0.0183299 -0.0180165 0.000313361
-0.735974 -0.0189168 -0.018605 0.000311822
-0.735774 -0.0195041 -0.0191938 0.000310279
-0.735574 -0.0200917 -0.019783 0.000308732
-0.735374 -0.0206796 -0.0203724 0.000307181
-0.735174 -0.0212678 -0.0209622 0.000305626
-0.734973 -0.0218564 -0.0215523 0.000304066
-0.734773 -0.0224453 -0.0221428 0.000302502
-0.734573 -0.0230345 -0.0227335 0.000300934
-0.734373 -0.023624 -0.0233246 0.000299362
-0.734173 -0.0242138 -0.023916 0.000297786
-0.733973 -0.024804 -0.0245077 0.000296206
-0.733773 -0.0253944 -0.0250998 0.000294621
-0.733573 -0.0259852 -0.0256922 0.000293033
-0.733373 -0.0265763 -0.0262849 0.000291441
-0.733173 -0.0271677 -0.0268779 0.000289845
-0.732973 -0.0277595 -0.0274712 0.000288245
-0.732773 -0.0283515 -0.0280649 0.000286641
-0.732573 -0.0289439 -0.0286588 0.000285033
-0.732373 -0.0295366 -0.0292531 0.000283422
-0.732173 -0.0301295 -0.0298477 0.000281806
-0.731973 -0.0307228 -0.0304427 0.000280187
-0.731773 -0.0313165 -0.0310379 0.000278564
-0.731573 -0.0319104 -0.0316334 0.000276938
-0.731373 -0.0325046 -0.0322293 0.000275307
-0.731173 -0.0330992 -0.0328255 0.000273674
-0.730973 -0.033694 -0.033422 0.000272036
-0.730773 -0.0342892 -0.0340188 0.000270395
-0.730573 -0.0348846 -0.0346159 0.00026875
-0.730373 -0.0354804 -0.0352133 0.000267102
-0.730173 -0.0360765 -0.0358111 0.00026545
-0.729973 -0.0366729 -0.0364091 0.000263795
-0.729773 -0.0372696 -0.0370075 0.000262136
-0.729573 -0.0378666 -0.0376061 0.000260474
-0.729373 -0.0384639 -0.0382051 0.000258808
-0.729173 -0.0390615 -0.0388044 0.000257139
-0.728973 -0.0396594 -0.039404 0.000255467
-0.728773 -0.0402577 -0.0400039 0.000253792
-0.728573 -0.0408562 -0.0406041 0.000252113
-0.728373 -0.041455 -0.0412046 0.000250431
-0.728173 -0.0420541 -0.0418054 0.000248745
-0.727973 -0.0426535 -0.0424065 0.000247057
-0.727773 -0.0432533 -0.0430079 0.000245365
-0.727573 -0.0438533 -0.0436096 0.00024367
-0.727373 -0.0444536 -0.0442116 0.000241972
-0.727173 -0.0450542 -0.0448139 0.000240271
-0.726973 -0.0456551 -0.0454165 0.000238567
-0.726773 -0.0462563 -0.0460195 0.00023686
-0.726573 -0.0468578 -0.0466227 0.00023515
-0.726373 -0.0474596 -0.0472262 0.000233437
-0.726173 -0.0480617 -0.04783 0.000231721
-0.725973 -0.0486641 -0.0484341 0.000230002
-0.725773 -0.0492668 -0.0490385 0.000228281
-0.725573 -0.0498698 -0.0496432 0.000226556
-0.725373 -0.050473 -0.0502482 0.000224829
-0.725173 -0.0510766 -0.0508535 0.000223098
-0.724972 -0.0516804 -0.0514591 0.000221365
-0.724772 -0.0522846 -0.0520649 0.00021963
-0.724572 -0.052889 -0.0526711 0.000217891
-0.724372 -0.0534937 -0.0532776 0.00021615
-0.724172 -0.0540987 -0.0538843 0.000214407
-0.723972 -0.054704 -0.0544914 0.00021266
-0.723772 -0.0553096 -0.0550987 0.000210911
-0.723572 -0.0559155 -0.0557063 0.00020916
-0.723372 -0.0565216 -0.0563142 0.000207406
-0.723172 -0.0571281 -0.0569224 0.000205649
-0.722972 -0.0577348 -0.0575309 0.00020389
-0.722772 -0.0583418 -0.0581396 0.000202129
-0.722572 -0.0589491 -0.0587487 0.000200365
-0.722372 -0.0595566 -0.059358 0.000198599
-0.722172 -0.0601645 -0.0599677 0.000196831
-0.721972 -0.0607726 -0.0605776 0.00019506
-0.721772 -0.061381 -0.0611878 0.000193287
-0.721572 -0.0619897 -0.0617982 0.000191511
-0.721372 -0.0625987 -0.062409 0.000189734
-0.721172 -0.063208 -0.06302 0.000187954
-0.720972 -0.0638175 -0.0636313 0.000186172
-0.720772 -0.0644273 -0.0642429 0.000184388
-0.720572 -0.0650374 -0.0648548 0.000182601
-0.720372 -0.0656477 -0.0654669 0.000180813
-0.720172 -0.0662584 -0.0660794 0.000179023
-0.719972 -0.0668693 -0.0666921 0.00017723
-0.719772 -0.0674805 -0.067305 0.000175436
-0.719572 -0.0680919 -0.0679183 0.00017364
-0.719372 -0.0687037 -0.0685318 0.000171841
-0.719172 -0.0693157 -0.0691456 0.000170041
-0.718972 -0.069928 -0.0697597 0.000168239
-0.718772 -0.0705405 -0.0703741 0.000166435
-0.718572 -0.0711533 -0.0709887 0.000164629
-0.718372 -0.0717664 -0.0716036 0.000162822
-0.718172 -0.0723798 -0.0722187 0.000161012
-0.717972 -0.0729934 -0.0728342 0.000159201
-0.717772 -0.0736073 -0.0734499 0.000157389
-0.717572 -0.0742214 -0.0740659 0.000155574
-0.717372 -0.0748359 -0.0746821 0.000153758
-0.717172 -0.0754506 -0.0752986 0.000151941
-0.716972 -0.0760655 -0.0759154 0.000150121
-0.716772 -0.0766807 -0.0765324 0.000148301
-0.716572 -0.0772962 -0.0771497 0.000146478
-0.716372 -0.077912 -0.0777673 0.000144655
-0.716172 -0.078528 -0.0783851 0.000142829
-0.715972 -0.0791442 -0.0790032 0.000141003
-0.715772 -0.0797608 -0.0796216 0.000139175
-0.715572 -0.0803776 -0.0802402 0.000137345
-0.715372 -0.0809946 -0.0808591 0.000135514
-0.715172 -0.0816119 -0.0814783 0.000133682
-0.714971 -0.0822295 -0.0820977 0.000131849
-0.714771 -0.0828473 -0.0827173 0.000130014
-0.714571 -0.0834654 -0.0833372 0.000128179
-0.714371 -0.0840838 -0.0839574 0.000126341
-0.714171 -0.0847024 -0.0845779 0.000124503
-0.713971 -0.0853212 -0.0851986 0.000122664
-0.713771 -0.0859403 -0.0858195 0.000120823
-0.713571 -0.0865597 -0.0864407 0.000118982
-0.713371 -0.0871793 -0.0870622 0.000117139
-0.713171 -0.0877992 -0.0876839 0.000115296
-0.712971 -0.0884193 -0.0883058 0.000113451
-0.712771 -0.0890397 -0.088928 0.000111606
-0.712571 -0.0896603 -0.0895505 0.000109759
-0.712371 -0.0902811 -0.0901732 0.000107912
-0.712171 -0.0909023 -0.0907962 0.000106064
-0.711971 -0.0915236 -0.0914194 0.000104215
-0.711771 -0.0921452 -0.0920429 0.000102365
-0.711571 -0.0927671 -0.0926666 0.000100514
-0.711371 -0.0933892 -0.0932906 9.86627e-05
-0.711171 -0.0940116 -0.0939148 9.68106e-05
-0.710971 -0.0946342 -0.0945392 9.49578e-05
-0.710771 -0.095257 -0.0951639 9.31043e-05
-0.710571 -0.0958801 -0.0957889 9.12502e-05
-0.710371 -0.0965034 -0.096414 8.93955e-05
-0.710171 -0.097127 -0.0970395 8.75402e-05
-0.709971 -0.0977508 -0.0976651 8.56844e-05
-0.709771 -0.0983749 -0.098291 8.3828e-05
-0.709571 -0.0989992 -0.0989172 8.19712e-05
-0.709371 -0.0996237 -0.0995436 8.01139e-05
-0.709171 -0.100248 -0.10017 7.82562e-05
-0.708971 -0.100873 -0.100797 7.63981e-05
-0.708771 -0.101499 -0.101424 7.45397e-05
-0.708571 -0.102124 -0.102052 7.26809e-05
-0.708371 -0.10275 -0.102679 7.08218e-05
-0.708171 -0.103376 -0.103307 6.89624e-05
-0.707971 -0.104002 -0.103935 6.71027e-05
-0.707771 -0.104629 -0.104563 6.52429e-05
-0.707571 -0.105255 -0.105192 6.33828e-05
-0.707371 -0.105882 -0.105821 6.15226e-05
-0.707171 -0.106509 -0.10645 5.96623e-05
-0.706971 -0.107137 -0.107079 5.78018e-05
-0.706771 -0.107764 -0.107708 5.59413e-05
-0.706571 -0.108392 -0.108338 5.40807e-05
-0.706371 -0.10902 -0.108968 5.22202e-05
-0.706171 -0.109648 -0.109598 5.03596e-05
-0.705971 -0.110277 -0.110228 4.84991e-05
-0.705771 -0.110906 -0.110859 4.66386e-05
-0.705571 -0.111534 -0.11149 4.47783e-05
-0.705371 -0.112164 -0.112121 4.2918e-05
-0.705171 -0.112793 -0.112752 4.1058e-05
-0.70497 -0.113423 -0.113383 3.91981e-05
-0.70477 -0.114053 -0.114015 3.73384e-05
-0.70457 -0.114683 -0.114647 3.5479e-05
-0.70437 -0.115313 -0.115279 3.36199e-05
-0.70417 -0.115943 -0.115912 3.17611e-05
-0.70397 -0.116574 -0.116544 2.99026e-05
-0.70377 -0.117205 -0.117177 2.80444e-05
-0.70357 -0.117836 -0.11781 2.61867e-05
-0.70337 -0.118468 -0.118443 2.43294e-05
-0.70317 -0.119099 -0.119077 2.24725e-05
-0.70297 -0.119731 -0.119711 2.06161e-05
-0.70277 -0.120363 -0.120344 1.87602e-05
-0.70257 -0.120996 -0.120979 1.69048e-05
-0.70237 -0.121628 -0.121613 1.505e-05
-0.70217 -0.122261 -0.122248 1.31958e-05
-0.70197 -0.122894 -0.122882 1.13423e-05
-0.70177 -0.123527 -0.123517 9.48932e-06
-0.70157 -0.12416 -0.124152 7.63706e-06
-0.70137 -0.124794 -0.124788 5.78552e-06
-0.70117 -0.125427 -0.125423 3.9347e-06
-0.70097 -0.126061 -0.126059 2.08465e-06
-0.70077 -0.126696 -0.126695 2.35394e-07
-0.70057 -0.12733 -0.127332 1.61304e-06
-0.70037 -0.127965 -0.127968 3.46063e-06
-0.70017 -0.128599 -0.128605 5.30734e-06
-0.69997 -0.129234 -0.129241 7.15315e-06
-0.69977 -0.12987 -0.129879 8.99802e-06
-0.69957 -0.130505 -0.130516 1.08419e-05
-0.69937 -0.131141 -0.131153 1.26848e-05
-0.69917 -0.131776 -0.131791 1.45268e-05
-0.69897 -0.132412 -0.132429 1.63676e-05
-0.69877 -0.133049 -0.133067 1.82074e-05
-0.69857 -0.133685 -0.133705 2.00461e-05
-0.69837 -0.134322 -0.134344 2.18836e-05
-0.69817 -0.134959 -0.134982 2.372e-05
-0.69797 -0.135596 -0.135621 2.55552e-05
-0.69777 -0.136233 -0.13626 2.73892e-05
-0.69757 -0.13687 -0.1369 2.92219e-05
-0.69737 -0.137508 -0.137539 3.10534e-05
-0.69717 -0.138146 -0.138179 3.28835e-05
-0.69697 -0.138784 -0.138819 3.47124e-05
-0.69677 -0.139422 -0.139459 3.65399e-05
-0.69657 -0.14006 -0.140099 3.8366e-05
-0.69637 -0.140699 -0.140739 4.01907e-05
-0.69617 -0.141338 -0.14138 4.20139e-05
-0.69597 -0.141977 -0.142021 4.38357e-05
-0.69577 -0.142616 -0.142662 4.5656e-05
-0.69557 -0.143255 -0.143303 4.74748e-05
-0.69537 -0.143895 -0.143944 4.9292e-05
-0.69517 -0.144535 -0.144586 5.11077e-05
-0.694969 -0.145175 -0.145228 5.29217e-05
-0.694769 -0.145815 -0.14587 5.47342e-05
-0.694569 -0.146455 -0.146512 5.65449e-05
-0.694369 -0.147096 -0.147154 5.8354e-05
-0.694169 -0.147736 -0.147796 6.01614e-05
-0.693969 -0.148377 -0.148439 6.1967e-05
-0.693769 -0.149018 -0.149082 6.37709e-05
-0.693569 -0.149659 -0.149725 6.55729e-05
-0.693369 -0.150301 -0.150368 6.73732e-05
-0.693169 -0.150943 -0.151012 6.91716e-05
-0.692969 -0.151584 -0.151655 7.09681e-05
-0.692769 -0.152226 -0.152299 7.27627e-05
-0.692569 -0.152868 -0.152943 7.45554e-05
-0.692369 -0.153511 -0.153587 7.63461e-05
-0.692169 -0.154153 -0.154231 7.81349e-05
-0.691969 -0.154796 -0.154876 7.99216e-05
-0.691769 -0.155439 -0.155521 8.17064e-05
-0.691569 -0.156082 -0.156165 8.3489e-05
-0.691369 -0.156725 -0.15681 8.52696e-05
-0.691169 -0.157368 -0.157455 8.7048e-05
-0.690969 -0.158012 -0.158101 8.88243e-05
-0.690769 -0.158656 -0.158746 9.05984e-05
-0.690569 -0.1593 -0.159392 9.23704e-05
-0.690369 -0.159944 -0.160038 9.41401e-05
-0.690169 -0.160588 -0.160684 9.59076e-05
-0.689969 -0.161232 -0.16133 9.76728e-05
-0.689769 -0.161877 -0.161976 9.94357e-05
-0.689569 -0.162522 -0.162623 0.000101196
-0.689369 -0.163167 -0.16327 0.000102954
-0.689169 -0.163812 -0.163916 0.00010471
-0.688969 -0.164457 -0.164563 0.000106464
-0.688769 -0.165102 -0.165211 0.000108215
-0.688569 -0.165748 -0.165858 0.000109963
-0.688369 -0.166394 -0.166505 0.000111709
-0.688169 -0.16704 -0.167153 0.000113453
-0.687969 -0.167686 -0.167801 0.000115194
-0.687769 -0.168332 -0.168449 0.000116932
-0.687569 -0.168978 -0.169097 0.000118668
-0.687369 -0.169625 -0.169745 0.000120401
-0.687169 -0.170272 -0.170394 0.000122132
-0.686969 -0.170919 -0.171042 0.00012386
-0.686769 -0.171566 -0.171691 0.000125585
-0.686569 -0.172213 -0.17234 0.000127308
-0.686369 -0.17286 -0.172989 0.000129028
-0.686169 -0.173508 -0.173638 0.000130745
-0.685969 -0.174155 -0.174288 0.000132459
-0.685769 -0.174803 -0.174937 0.000134171
-0.685569 -0.175451 -0.175587 0.000135879
-0.685369 -0.176099 -0.176237 0.000137585
-0.685169 -0.176747 -0.176887 0.000139288
-0.684968 -0.177396 -0.177537 0.000140988
-0.684768 -0.178044 -0.178187 0.000142685
-0.684568 -0.178693 -0.178838 0.000144379
-0.684368 -0.179342 -0.179488 0.00014607
-0.684168 -0.179991 -0.180139 0.000147758
-0.683968 -0.18064 -0.18079 0.000149443
-0.683768 -0.18129 -0.181441 0.000151125
-0.683568 -0.181939 -0.182092 0.000152804
-0.683368 -0.182589 -0.182743 0.00015448
-0.683168 -0.183238 -0.183395 0.000156152
-0.682968 -0.183888 -0.184046 0.000157822
-0.682768 -0.184538 -0.184698 0.000159488
-0.682568 -0.185189 -0.18535 0.000161151
-0.682368 -0.185839 -0.186002 0.000162811
-0.682168 -0.186489 -0.186654 0.000164467
-0.681968 -0.18714 -0.187306 0.000166121
-0.681768 -0.187791 -0.187958 0.000167771
-0.681568 -0.188442 -0.188611 0.000169417
-0.681368 -0.189093 -0.189264 0.000171061
-0.681168 -0.189744 -0.189916 0.000172701
-0.680968 -0.190395 -0.190569 0.000174337
-0.680768 -0.191046 -0.191222 0.00017597
-0.680568 -0.191698 -0.191876 0.0001776
-0.680368 -0.19235 -0.192529 0.000179226
-0.680168 -0.193002 -0.193182 0.000180849
-0.679968 -0.193653 -0.193836 0.000182468
-0.679768 -0.194306 -0.19449 0.000184084
-0.679568 -0.194958 -0.195143 0.000185696
-0.679368 -0.19561 -0.195797 0.000187304
-0.679168 -0.196263 -0.196452 0.000188909
-0.678968 -0.196915 -0.197106 0.00019051
-0.678768 -0.197568 -0.19776 0.000192108
-0.678568 -0.198221 -0.198414 0.000193702
-0.678368 -0.198874 -0.199069 0.000195292
-0.678168 -0.199527 -0.199724 0.000196879
-0.677968 -0.20018 -0.200379 0.000198462
-0.677768 -0.200833 -0.201034 0.000200041
-0.677568 -0.201487 -0.201689 0.000201616
-0.677368 -0.202141 -0.202344 0.000203187
-0.677168 -0.202794 -0.202999 0.000204755
-0.676968 -0.203448 -0.203654 0.000206318
-0.676768 -0.204102 -0.20431 0.000207878
-0.676568 -0.204756 -0.204966 0.000209434
-0.676368 -0.20541 -0.205621 0.000210986
-0.676168 -0.206065 -0.206277 0.000212534
-0.675968 -0.206719 -0.206933 0.000214078
-0.675768 -0.207374 -0.207589 0.000215618
-0.675568 -0.208028 -0.208245 0.000217154
-0.675368 -0.208683 -0.208902 0.000218686
-0.675168 -0.209338 -0.209558 0.000220214
-0.674967 -0.209993 -0.210215 0.000221738
-0.674767 -0.210648 -0.210871 0.000223258
-0.674567 -0.211303 -0.211528 0.000224774
-0.674367 -0.211959 -0.212185 0.000226285
-0.674167 -0.212614 -0.212842 0.000227792
-0.673967 -0.21327 -0.213499 0.000229296
-0.673767 -0.213925 -0.214156 0.000230795
-0.673567 -0.214581 -0.214813 0.000232289
-0.673367 -0.215237 -0.215471 0.00023378
-0.673167 -0.215893 -0.216128 0.000235266
-0.672967 -0.216549 -0.216786 0.000236748
-0.672767 -0.217205 -0.217443 0.000238226
-0.672567 -0.217861 -0.218101 0.000239699
-0.672367 -0.218518 -0.218759 0.000241168
-0.672167 -0.219174 -0.219417 0.000242632
-0.671967 -0.219831 -0.220075 0.000244092
-0.671767 -0.220488 -0.220733 0.000245548
-0.671567 -0.221144 -0.221391 0.000247
-0.671367 -0.221801 -0.22205 0.000248446
-0.671167 -0.222458 -0.222708 0.000249889
-0.670967 -0.223115 -0.223367 0.000251327
-0.670767 -0.223773 -0.224025 0.00025276
-0.670567 -0.22443 -0.224684 0.000254189
-0.670367 -0.225087 -0.225343 0.000255613
-0.670167 -0.225745 -0.226002 0.000257033
-0.669967 -0.226402 -0.226661 0.000258448
-0.669767 -0.22706 -0.22732 0.000259859
-0.669567 -0.227718 -0.227979 0.000261264
-0.669367 -0.228375 -0.228638 0.000262666
-0.669167 -0.229033 -0.229297 0.000264062
-0.668967 -0.229691 -0.229957 0.000265454
-0.668767 -0.230349 -0.230616 0.000266841
-0.668567 -0.231008 -0.231276 0.000268224
-0.668367 -0.231666 -0.231936 0.000269601
-0.668167 -0.232324 -0.232595 0.000270974
-0.667967 -0.232983 -0.233255 0.000272342
-0.667767 -0.233641 -0.233915 0.000273706
-0.667567 -0.2343 -0.234575 0.000275064
-0.667367 -0.234958 -0.235235 0.000276418
-0.667167 -0.235617 -0.235895 0.000277766
-0.666967 -0.236276 -0.236555 0.00027911
-0.666767 -0.236935 -0.237215 0.000280449
-0.666567 -0.237594 -0.237876 0.000281783
-0.666367 -0.238253 -0.238536 0.000283113
-0.666167 -0.238912 -0.239197 0.000284437
-0.665967 -0.239571 -0.239857 0.000285756
-0.665767 -0.240231 -0.240518 0.00028707
-0.665567 -0.24089 -0.241179 0.000288379
-0.665367 -0.24155 -0.241839 0.000289684
-0.665167 -0.242209 -0.2425 0.000290983
-0.664966 -0.242869 -0.243161 0.000292277
-0.664766 -0.243528 -0.243822 0.000293566
-0.664566 -0.244188 -0.244483 0.00029485
-0.664366 -0.244848 -0.245144 0.000296129
-0.664166 -0.245508 -0.245805 0.000297402
-0.663966 -0.246168 -0.246467 0.000298671
-0.663766 -0.246828 -0.247128 0.000299934
-0.663566 -0.247488 -0.247789 0.000301192
-0.663366 -0.248148 -0.248451 0.000302445
-0.663166 -0.248808 -0.249112 0.000303693
-0.662966 -0.249469 -0.249774 0.000304936
-0.662766 -0.250129 -0.250435 0.000306173
-0.662566 -0.250789 -0.251097 0.000307405
-0.662366 -0.25145 -0.251758 0.000308632
-0.662166 -0.25211 -0.25242 0.000309853
-0.661966 -0.252771 -0.253082 0.000311069
-0.661766 -0.253432 -0.253744 0.00031228
-0.661566 -0.254092 -0.254406 0.000313486
-0.661366 -0.254753 -0.255068 0.000314686
-0.661166 -0.255414 -0.25573 0.00031588
-0.660966 -0.256075 -0.256392 0.00031707
-0.660766 -0.256736 -0.257054 0.000318254
-0.660566 -0.257397 -0.257716 0.000319432
-0.660366 -0.258058 -0.258378 0.000320605
-0.660166 -0.258719 -0.259041 0.000321773
-0.659966 -0.25938 -0.259703 0.000322935
-0.659766 -0.260041 -0.260365 0.000324091
-0.659566 -0.260702 -0.261028 0.000325243
-0.659366 -0.261364 -0.26169 0.000326388
-0.659166 -0.262025 -0.262353 0.000327528
-0.658966 -0.262686 -0.263015 0.000328663
-0.658766 -0.263348 -0.263678 0.000329792
-0.658566 -0.264009 -0.26434 0.000330915
-0.658366 -0.264671 -0.265003 0.000332033
-0.658166 -0.265332 -0.265666 0.000333145
-0.657966 -0.265994 -0.266328 0.000334251
-0.657766 -0.266656 -0.266991 0.000335352
-0.657566 -0.267317 -0.267654 0.000336448
-0.657366 -0.267979 -0.268317 0.000337537
-0.657166 -0.268641 -0.26898 0.000338621
-0.656966 -0.269303 -0.269642 0.000339699
-0.656766 -0.269965 -0.270305 0.000340772
-0.656566 -0.270626 -0.270968 0.000341839
-0.656366 -0.271288 -0.271631 0.0003429
-0.656166 -0.27195 -0.272294 0.000343955
-0.655966 -0.272612 -0.272957 0.000345004
-0.655766 -0.273274 -0.27362 0.000346048
-0.655566 -0.273936 -0.274284 0.000347086
-0.655366 -0.274599 -0.274947 0.000348118
-0.655166 -0.275261 -0.27561 0.000349145
-0.654965 -0.275923 -0.276273 0.000350165
-0.654765 -0.276585 -0.276936 0.00035118
-0.654565 -0.277247 -0.277599 0.000352189
-0.654365 -0.27791 -0.278263 0.000353191
-0.654165 -0.278572 -0.278926 0.000354189
-0.653965 -0.279234 -0.279589 0.00035518
-0.653765 -0.279896 -0.280253 0.000356165
-0.653565 -0.280559 -0.280916 0.000357144
-0.653365 -0.281221 -0.281579 0.000358118
-0.653165 -0.281884 -0.282243 0.000359085
-0.652965 -0.282546 -0.282906 0.000360047
-0.652765 -0.283208 -0.283569 0.000361002
-0.652565 -0.283871 -0.284233 0.000361952
-0.652365 -0.284533 -0.284896 0.000362895
-0.652165 -0.285196 -0.28556 0.000363833
-0.651965 -0.285858 -0.286223 0.000364764
-0.651765 -0.286521 -0.286887 0.00036569
-0.651565 -0.287184 -0.28755 0.000366609
-0.651365 -0.287846 -0.288214 0.000367522
-0.651165 -0.288509 -0.288877 0.00036843
-0.650965 -0.289171 -0.289541 0.000369331
-0.650765 -0.289834 -0.290204 0.000370226
-0.650565 -0.290497 -0.290868 0.000371115
-0.650365 -0.291159 -0.291531 0.000371998
-0.650165 -0.291822 -0.292195 0.000372875
-0.649965 -0.292484 -0.292858 0.000373746
-0.649765 -0.293147 -0.293522 0.00037461
-0.649565 -0.29381 -0.294185 0.000375469
-0.649365 -0.294473 -0.294849 0.000376321
-0.649165 -0.295135 -0.295512 0.000377167
-0.648965 -0.295798 -0.296176 0.000378007
-0.648765 -0.296461 -0.296839 0.000378841
-0.648565 -0.297123 -0.297503 0.000379668
-0.648365 -0.297786 -0.298167 0.00038049
-0.648165 -0.298449 -0.29883 0.000381305
-0.647965 -0.299111 -0.299494 0.000382114
-0.647765 -0.299774 -0.300157 0.000382916
-0.647565 -0.300437 -0.300821 0.000383713
-0.647365 -0.3011 -0.301484 0.000384503
-0.647165 -0.301762 -0.302148 0.000385286
-0.646965 -0.302425 -0.302811 0.000386064
-0.646765 -0.303088 -0.303475 0.000386835
-0.646565 -0.30375 -0.304138 0.0003876
-0.646365 -0.304413 -0.304801 0.000388359
-0.646165 -0.305076 -0.305465 0.000389111
-0.645965 -0.305738 -0.306128 0.000389857
-0.645765 -0.306401 -0.306792 0.000390597
-0.645565 -0.307064 -0.307455 0.00039133
-0.645365 -0.307726 -0.308118 0.000392057
-0.645165 -0.308389 -0.308782 0.000392778
-0.644964 -0.309052 -0.309445 0.000393492
-0.644764 -0.309714 -0.310108 0.0003942
-0.644564 -0.310377 -0.310772 0.000394901
-0.644364 -0.311039 -0.311435 0.000395596
-0.644164 -0.311702 -0.312098 0.000396285
-0.643964 -0.312365 -0.312762 0.000396967
-0.643764 -0.313027 -0.313425 0.000397643
-0.643564 -0.31369 -0.314088 0.000398313
-0.643364 -0.314352 -0.314751 0.000398976
-0.643164 -0.315015 -0.315414 0.000399632
-0.642964 -0.315677 -0.316077 0.000400282
-0.642764 -0.31634 -0.31674 0.000400926
-0.642564 -0.317002 -0.317404 0.000401563
-0.642364 -0.317664 -0.318067 0.000402194
-0.642164 -0.318327 -0.31873 0.000402818
-0.641964 -0.318989 -0.319393 0.000403436
-0.641764 -0.319651 -0.320055 0.000404047
-0.641564 -0.320314 -0.320718 0.000404652
-0.641364 -0.320976 -0.321381 0.00040525
-0.641164 -0.321638 -0.322044 0.000405842
-0.640964 -0.3223 -0.322707 0.000406427
-0.640764 -0.322963 -0.32337 0.000407006
-0.640564 -0.323625 -0.324032 0.000407578
-0.640364 -0.324287 -0.324695 0.000408144
-0.640164 -0.324949 -0.325358 0.000408703
-0.639964 -0.325611 -0.32602 0.000409256
-0.639764 -0.326273 -0.326683 0.000409802
-0.639564 -0.326935 -0.327345 0.000410341
-0.639364 -0.327597 -0.328008 0.000410874
-0.639164 -0.328259 -0.32867 0.000411401
-0.638964 -0.328921 -0.329333 0.00041192
-0.638764 -0.329583 -0.329995 0.000412434
-0.638564 -0.330244 -0.330657 0.00041294
-0.638364 -0.330906 -0.33132 0.00041344
-0.638164 -0.331568 -0.331982 0.000413934
-0.637964 -0.33223 -0.332644 0.00041442
-0.637764 -0.332891 -0.333306 0.000414901
-0.637564 -0.333553 -0.333968 0.000415374
-0.637364 -0.334214 -0.33463 0.000415841
-0.637164 -0.334876 -0.335292 0.000416302
-0.636964 -0.335537 -0.335954 0.000416756
-0.636764 -0.336199 -0.336616 0.000417203
-0.636564 -0.33686 -0.337278 0.000417643
-0.636364 -0.337521 -0.337939 0.000418077
-0.636164 -0.338183 -0.338601 0.000418504
-0.635964 -0.338844 -0.339263 0.000418925
-0.635764 -0.339505 -0.339924 0.000419339
-0.635564 -0.340166 -0.340586 0.000419746
-0.635364 -0.340827 -0.341247 0.000420147
-0.635164 -0.341488 -0.341909 0.000420541
-0.634963 -0.342149 -0.34257 0.000420928
-0.634763 -0.34281 -0.343231 0.000421309
-0.634563 -0.343471 -0.343893 0.000421683
-0.634363 -0.344132 -0.344554 0.00042205
-0.634163 -0.344792 -0.345215 0.000422411
-0.633963 -0.345453 -0.345876 0.000422765
-0.633763 -0.346114 -0.346537 0.000423112
-0.633563 -0.346774 -0.347198 0.000423453
-0.633363 -0.347435 -0.347858 0.000423787
-0.633163 -0.348095 -0.348519 0.000424114
-0.632963 -0.348755 -0.34918 0.000424435
-0.632763 -0.349416 -0.34984 0.000424748
-0.632563 -0.350076 -0.350501 0.000425056
-0.632363 -0.350736 -0.351161 0.000425356
-0.632163 -0.351396 -0.351822 0.00042565
-0.631963 -0.352056 -0.352482 0.000425937
-0.631763 -0.352716 -0.353142 0.000426217
-0.631563 -0.353376 -0.353802 0.000426491
-0.631363 -0.354036 -0.354462 0.000426758
-0.631163 -0.354695 -0.355122 0.000427018
-0.630963 -0.355355 -0.355782 0.000427272
-0.630763 -0.356015 -0.356442 0.000427519
-0.630563 -0.356674 -0.357102 0.000427759
-0.630363 -0.357334 -0.357762 0.000427992
-0.630163 -0.357993 -0.358421 0.000428219
-0.629963 -0.358652 -0.359081 0.000428439
-0.629763 -0.359311 -0.35974 0.000428652
-0.629563 -0.359971 -0.360399 0.000428859
-0.629363 -0.36063 -0.361059 0.000429059
-0.629163 -0.361289 -0.361718 0.000429252
-0.628963 -0.361947 -0.362377 0.000429438
-0.628763 -0.362606 -0.363036 0.000429618
-0.628563 -0.363265 -0.363695 0.000429791
-0.628363 -0.363924 -0.364354 0.000429957
-0.628163 -0.364582 -0.365012 0.000430117
-0.627963 -0.365241 -0.365671 0.00043027
-0.627763 -0.365899 -0.366329 0.000430416
-0.627563 -0.366557 -0.366988 0.000430555
-0.627363 -0.367215 -0.367646 0.000430688
-0.627163 -0.367874 -0.368304 0.000430814
-0.626963 -0.368532 -0.368962 0.000430933
-0.626763 -0.369189 -0.369621 0.000431046
-0.626563 -0.369847 -0.370278 0.000431152
-0.626363 -0.370505 -0.370936 0.000431251
-0.626163 -0.371163 -0.371594 0.000431343
-0.625963 -0.37182 -0.372252 0.000431429
-0.625763 -0.372478 -0.372909 0.000431508
-0.625563 -0.373135 -0.373567 0.000431581
-0.625363 -0.373792 -0.374224 0.000431646
-0.625163 -0.37445 -0.374881 0.000431705
-0.624962 -0.375107 -0.375538 0.000431757
-0.624762 -0.375764 -0.376195 0.000431803
-0.624562 -0.37642 -0.376852 0.000431842
-0.624362 -0.377077 -0.377509 0.000431874
-0.624162 -0.377734 -0.378166 0.000431899
-0.623962 -0.37839 -0.378822 0.000431918
-0.623762 -0.379047 -0.379479 0.00043193
-0.623562 -0.379703 -0.380135 0.000431935
-0.623362 -0.380359 -0.380791 0.000431934
-0.623162 -0.381016 -0.381447 0.000431926
-0.622962 -0.381672 -0.382104 0.000431911
-0.622762 -0.382328 -0.382759 0.00043189
-0.622562 -0.382983 -0.383415 0.000431862
-0.622362 -0.383639 -0.384071 0.000431827
-0.622162 -0.384295 -0.384726 0.000431785
-0.621962 -0.38495 -0.385382 0.000431737
-0.621762 -0.385605 -0.386037 0.000431683
-0.621562 -0.386261 -0.386692 0.000431621
-0.621362 -0.386916 -0.387347 0.000431553
-0.621162 -0.387571 -0.388002 0.000431478
-0.620962 -0.388226 -0.388657 0.000431397
-0.620762 -0.38888 -0.389312 0.000431309
-0.620562 -0.389535 -0.389966 0.000431214
-0.620362 -0.39019 -0.390621 0.000431113
-0.620162 -0.390844 -0.391275 0.000431005
-0.619962 -0.391498 -0.391929 0.000430891
-0.619762 -0.392153 -0.392583 0.000430769
-0.619562 -0.392807 -0.393237 0.000430642
-0.619362 -0.393461 -0.393891 0.000430507
-0.619162 -0.394114 -0.394545 0.000430366
-0.618962 -0.394768 -0.395198 0.000430219
-0.618762 -0.395422 -0.395852 0.000430064
-0.618562 -0.396075 -0.396505 0.000429903
-0.618362 -0.396728 -0.397158 0.000429736
-0.618162 -0.397381 -0.397811 0.000429562
-0.617962 -0.398034 -0.398464 0.000429381
-0.617762 -0.398687 -0.399117 0.000429194
-0.617562 -0.39934 -0.399769 0.000429
-0.617362 -0.399993 -0.400422 0.0004288
-0.617162 -0.400645 -0.401074 0.000428593
-0.616962 -0.401298 -0.401726 0.00042838
-0.616762 -0.40195 -0.402378 0.00042816
-0.616562 -0.402602 -0.40303 0.000427933
-0.616362 -0.403254 -0.403682 0.0004277
-0.616162 -0.403906 -0.404333 0.00042746
-0.615962 -0.404557 -0.404985 0.000427214
-0.615762 -0.405209 -0.405636 0.000426961
-0.615562 -0.40586 -0.406287 0.000426702
-0.615362 -0.406512 -0.406938 0.000426436
-0.615162 -0.407163 -0.407589 0.000426164
-0.614961 -0.407814 -0.40824 0.000425885
-0.614761 -0.408464 -0.40889 0.0004256
-0.614561 -0.409115 -0.40954 0.000425308
-0.614361 -0.409766 -0.410191 0.00042501
-0.614161 -0.410416 -0.410841 0.000424706
-0.613961 -0.411066 -0.411491 0.000424394
-0.613761 -0.411716 -0.41214 0.000424077
-0.613561 -0.412366 -0.41279 0.000423753
-0.613361 -0.413016 -0.413439 0.000423422
-0.613161 -0.413666 -0.414089 0.000423085
-0.612961 -0.414315 -0.414738 0.000422742
-0.612761 -0.414964 -0.415387 0.000422392
-0.612561 -0.415614 -0.416036 0.000422036
-0.612361 -0.416263 -0.416684 0.000421673
-0.612161 -0.416911 -0.417333 0.000421304
-0.611961 -0.41756 -0.417981 0.000420929
-0.611761 -0.418209 -0.418629 0.000420547
-0.611561 -0.418857 -0.419277 0.000420159
-0.611361 -0.419505 -0.419925 0.000419764
-0.611161 -0.420153 -0.420573 0.000419364
-0.610961 -0.420801 -0.42122 0.000418956
-0.610761 -0.421449 -0.421868 0.000418543
-0.610561 -0.422097 -0.422515 0.000418123
-0.610361 -0.422744 -0.423162 0.000417697
-0.610161 -0.423391 -0.423808 0.000417264
-0.609961 -0.424038 -0.424455 0.000416825
-0.609761 -0.424685 -0.425102 0.00041638
-0.609561 -0.425332 -0.425748 0.000415928
-0.609361 -0.425978 -0.426394 0.000415471
-0.609161 -0.426625 -0.42704 0.000415007
-0.608961 -0.427271 -0.427686 0.000414536
-0.608761 -0.427917 -0.428331 0.00041406
-0.608561 -0.428563 -0.428977 0.000413577
-0.608361 -0.429209 -0.429622 0.000413088
-0.608161 -0.429854 -0.430267 0.000412593
-0.607961 -0.4305 -0.430912 0.000412091
-0.607761 -0.431145 -0.431556 0.000411584
-0.607561 -0.43179 -0.432201 0.00041107
-0.607361 -0.432435 -0.432845 0.00041055
-0.607161 -0.433079 -0.433489 0.000410023
-0.606961 -0.433724 -0.434133 0.000409491
-0.606761 -0.434368 -0.434777 0.000408952
-0.606561 -0.435012 -0.43542 0.000408408
-0.606361 -0.435656 -0.436064 0.000407857
-0.606161 -0.4363 -0.436707 0.0004073
-0.605961 -0.436943 -0.43735 0.000406737
-0.605761 -0.437587 -0.437993 0.000406168
-0.605561 -0.43823 -0.438635 0.000405592
-0.605361 -0.438873 -0.439278 0.000405011
-0.605161 -0.439516 -0.43992 0.000404423
-0.60496 -0.440158 -0.440562 0.00040383
-0.60476 -0.440801 -0.441204 0.00040323
-0.60456 -0.441443 -0.441845 0.000402625
-0.60436 -0.442085 -0.442487 0.000402013
-0.60416 -0.442727 -0.443128 0.000401395
-0.60396 -0.443368 -0.443769 0.000400772
-0.60376 -0.44401 -0.44441 0.000400142
-0.60356 -0.444651 -0.445051 0.000399506
-0.60336 -0.445292 -0.445691 0.000398865
-0.60316 -0.445933 -0.446331 0.000398217
-0.60296 -0.446574 -0.446971 0.000397564
-0.60276 -0.447214 -0.447611 0.000396904
-0.60256 -0.447854 -0.448251 0.000396239
-0.60236 -0.448494 -0.44889 0.000395567
-0.60216 -0.449134 -0.449529 0.00039489
-0.60196 -0.449774 -0.450168 0.000394207
-0.60176 -0.450413 -0.450807 0.000393518
-0.60156 -0.451053 -0.451445 0.000392823
-0.60136 -0.451692 -0.452084 0.000392123
-0.60116 -0.452331 -0.452722 0.000391416
-0.60096 -0.452969 -0.45336 0.000390704
-0.60076 -0.453608 -0.453998 0.000389985
-0.60056 -0.454246 -0.454635 0.000389261
-0.60036 -0.454884 -0.455272 0.000388532
-0.60016 -0.455522 -0.455909 0.000387796
-0.59996 -0.456159 -0.456546 0.000387055
-0.59976 -0.456797 -0.457183 0.000386308
-0.59956 -0.457434 -0.457819 0.000385555
-0.59936 -0.458071 -0.458455 0.000384796
-0.59916 -0.458707 -0.459091 0.000384032
-0.59896 -0.459344 -0.459727 0.000383262
-0.59876 -0.45998 -0.460363 0.000382486
-0.59856 -0.460616 -0.460998 0.000381705
-0.59836 -0.461252 -0.461633 0.000380918
-0.59816 -0.461888 -0.462268 0.000380125
-0.59796 -0.462523 -0.462902 0.000379327
-0.59776 -0.463158 -0.463537 0.000378523
-0.59756 -0.463793 -0.464171 0.000377714
-0.59736 -0.464428 -0.464805 0.000376899
-0.59716 -0.465062 -0.465439 0.000376078
-0.59696 -0.465697 -0.466072 0.000375252
-0.59676 -0.466331 -0.466705 0.00037442
-0.59656 -0.466965 -0.467338 0.000373583
-0.59636 -0.467598 -0.467971 0.00037274
-0.59616 -0.468232 -0.468604 0.000371892
-0.59596 -0.468865 -0.469236 0.000371038
-0.59576 -0.469498 -0.469868 0.000370179
-0.59556 -0.47013 -0.4705 0.000369314
-0.59536 -0.470763 -0.471131 0.000368444
-0.59516 -0.471395 -0.471763 0.000367568
-0.594959 -0.472027 -0.472394 0.000366687
-0.594759 -0.472659 -0.473025 0.000365801
-0.594559 -0.47329 -0.473655 0.000364909
-0.594359 -0.473922 -0.474286 0.000364012
-0.594159 -0.474553 -0.474916 0.000363109
-0.593959 -0.475183 -0.475546 0.000362202
-0.593759 -0.475814 -0.476175 0.000361288
-0.593559 -0.476444 -0.476805 0.00036037
-0.593359 -0.477074 -0.477434 0.000359446
-0.593159 -0.477704 -0.478063 0.000358517
-0.592959 -0.478334 -0.478691 0.000357583
-0.592759 -0.478963 -0.47932 0.000356643
-0.592559 -0.479592 -0.479948 0.000355698
-0.592359 -0.480221 -0.480576 0.000354748
-0.592159 -0.48085 -0.481203 0.000353793
-0.591959 -0.481478 -0.481831 0.000352833
-0.591759 -0.482106 -0.482458 0.000351867
-0.591559 -0.482734 -0.483085 0.000350896
-0.591359 -0.483361 -0.483711 0.00034992
-0.591159 -0.483989 -0.484338 0.000348939
-0.590959 -0.484616 -0.484964 0.000347953
-0.590759 -0.485243 -0.48559 0.000346962
-0.590559 -0.485869 -0.486215 0.000345966
-0.590359 -0.486496 -0.486841 0.000344965
-0.590159 -0.487122 -0.487466 0.000343958
-0.589959 -0.487747 -0.48809 0.000342947
-0.589759 -0.488373 -0.488715 0.000341931
-0.589559 -0.488998 -0.489339 0.000340909
-0.589359 -0.489623 -0.489963 0.000339883
-0.589159 -0.490248 -0.490587 0.000338852
-0.588959 -0.490873 -0.49121 0.000337815
-0.588759 -0.491497 -0.491834 0.000336774
-0.588559 -0.492121 -0.492457 0.000335728
-0.588359 -0.492745 -0.493079 0.000334677
-0.588159 -0.493368 -0.493702 0.000333622
-0.587959 -0.493991 -0.494324 0.000332561
-0.587759 -0.494614 -0.494946 0.000331495
-0.587559 -0.495237 -0.495567 0.000330425
-0.587359 -0.495859 -0.496188 0.00032935
-0.587159 -0.496481 -0.496809 0.00032827
-0.586959 -0.497103 -0.49743 0.000327186
-0.586759 -0.497725 -0.498051 0.000326096
-0.586559 -0.498346 -0.498671 0.000325002
-0.586359 -0.498967 -0.499291 0.000323903
-0.586159 -0.499588 -0.49991 0.0003228
-0.585959 -0.500208 -0.50053 0.000321692
-0.585759 -0.500828 -0.501149 0.000320579
-0.585559 -0.501448 -0.501768 0.000319461
-0.585359 -0.502068 -0.502386 0.000318339
-0.585159 -0.502687 -0.503004 0.000317213
-0.584958 -0.503306 -0.503622 0.000316081
-0.584758 -0.503925 -0.50424 0.000314945
-0.584558 -0.504543 -0.504857 0.000313805
-0.584358 -0.505162 -0.505474 0.00031266
-0.584158 -0.50578 -0.506091 0.000311511
-0.583958 -0.506397 -0.506708 0.000310357
-0.583758 -0.507015 -0.507324 0.000309198
-0.583558 -0.507632 -0.50794 0.000308036
-0.583358 -0.508249 -0.508555 0.000306868
-0.583158 -0.508865 -0.509171 0.000305697
-0.582958 -0.509481 -0.509786 0.000304521
-0.582758 -0.510097 -0.5104 0.00030334
-0.582558 -0.510713 -0.511015 0.000302155
-0.582358 -0.511328 -0.511629 0.000300966
-0.582158 -0.511943 -0.512243 0.000299773
-0.581958 -0.512558 -0.512856 0.000298575
-0.581758 -0.513172 -0.51347 0.000297373
-0.581558 -0.513787 -0.514083 0.000296166
-0.581358 -0.5144 -0.514695 0.000294956
-0.581158 -0.515014 -0.515308 0.000293741
-0.580958 -0.515627 -0.51592 0.000292522
-0.580758 -0.51624 -0.516531 0.000291299
-0.580558 -0.516853 -0.517143 0.000290072
-0.580358 -0.517465 -0.517754 0.00028884
-0.580158 -0.518077 -0.518365 0.000287604
-0.579958 -0.518689 -0.518975 0.000286365
-0.579758 -0.5193 -0.519586 0.000285121
-0.579558 -0.519912 -0.520195 0.000283873
-0.579358 -0.520522 -0.520805 0.000282621
-0.579158 -0.521133 -0.521414 0.000281365
-0.578958 -0.521743 -0.522023 0.000280105
-0.578758 -0.522353 -0.522632 0.000278841
-0.578558 -0.522963 -0.52324 0.000277573
-0.578358 -0.523572 -0.523848 0.000276301
-0.578158 -0.524181 -0.524456 0.000275025
-0.577958 -0.52479 -0.525063 0.000273746
-0.577758 -0.525398 -0.52567 0.000272462
-0.577558 -0.526006 -0.526277 0.000271175
-0.577358 -0.526614 -0.526884 0.000269883
-0.577158 -0.527221 -0.52749 0.000268588
-0.576958 -0.527828 -0.528096 0.000267289
-0.576758 -0.528435 -0.528701 0.000265986
-0.576558 -0.529041 -0.529306 0.00026468
-0.576358 -0.529648 -0.529911 0.00026337
-0.576158 -0.530253 -0.530515 0.000262056
-0.575958 -0.530859 -0.53112 0.000260738
-0.575758 -0.531464 -0.531723 0.000259417
-0.575558 -0.532069 -0.532327 0.000258091
-0.575358 -0.532673 -0.53293 0.000256763
-0.575158 -0.533278 -0.533533 0.000255431
-0.574957 -0.533881 -0.534136 0.000254095
-0.574757 -0.534485 -0.534738 0.000252755
-0.574557 -0.535088 -0.53534 0.000251412
-0.574357 -0.535691 -0.535941 0.000250066
-0.574157 -0.536294 -0.536542 0.000248715
-0.573957 -0.536896 -0.537143 0.000247362
-0.573757 -0.537498 -0.537744 0.000246005
-0.573557 -0.538099 -0.538344 0.000244644
-0.573357 -0.538701 -0.538944 0.00024328
-0.573157 -0.539301 -0.539543 0.000241913
-0.572957 -0.539902 -0.540143 0.000240542
-0.572757 -0.540502 -0.540741 0.000239168
-0.572557 -0.541102 -0.54134 0.000237791
-0.572357 -0.541702 -0.541938 0.00023641
-0.572157 -0.542301 -0.542536 0.000235026
-0.571957 -0.5429 -0.543133 0.000233639
-0.571757 -0.543498 -0.54373 0.000232248
-0.571557 -0.544096 -0.544327 0.000230854
-0.571357 -0.544694 -0.544924 0.000229457
-0.571157 -0.545292 -0.54552 0.000228057
-0.570957 -0.545889 -0.546116 0.000226654
-0.570757 -0.546486 -0.546711 0.000225247
-0.570557 -0.547082 -0.547306 0.000223837
-0.570357 -0.547678 -0.547901 0.000222425
-0.570157 -0.548274 -0.548495 0.000221009
-0.569957 -0.548869 -0.549089 0.00021959
-0.569757 -0.549465 -0.549683 0.000218168
-0.569557 -0.550059 -0.550276 0.000216743
-0.569357 -0.550654 -0.550869 0.000215315
-0.569157 -0.551248 -0.551461 0.000213884
-0.568957 -0.551841 -0.552054 0.00021245
-0.568757 -0.552435 -0.552646 0.000211013
-0.568557 -0.553027 -0.553237 0.000209573
-0.568357 -0.55362 -0.553828 0.000208131
-0.568157 -0.554212 -0.554419 0.000206685
-0.567957 -0.554804 -0.555009 0.000205237
-0.567757 -0.555396 -0.555599 0.000203786
-0.567557 -0.555987 -0.556189 0.000202332
-0.567357 -0.556578 -0.556779 0.000200875
-0.567157 -0.557168 -0.557367 0.000199415
-0.566957 -0.557758 -0.557956 0.000197953
-0.566757 -0.558348 -0.558544 0.000196488
-0.566557 -0.558937 -0.559132 0.000195021
-0.566357 -0.559526 -0.55972 0.00019355
-0.566157 -0.560115 -0.560307 0.000192077
-0.565957 -0.560703 -0.560894 0.000190602
-0.565757 -0.561291 -0.56148 0.000189124
-0.565557 -0.561878 -0.562066 0.000187643
-0.565357 -0.562466 -0.562652 0.00018616
-0.565157 -0.563052 -0.563237 0.000184674
-0.564956 -0.563639 -0.563822 0.000183186
-0.564756 -0.564225 -0.564406 0.000181695
-0.564556 -0.56481 -0.564991 0.000180202
-0.564356 -0.565396 -0.565574 0.000178706
-0.564156 -0.565981 -0.566158 0.000177208
-0.563956 -0.566565 -0.566741 0.000175708
-0.563756 -0.567149 -0.567323 0.000174205
-0.563556 -0.567733 -0.567906 0.0001727
-0.563356 -0.568316 -0.568488 0.000171192
-0.563156 -0.568899 -0.569069 0.000169683
-0.562956 -0.569482 -0.56965 0.000168171
-0.562756 -0.570064 -0.570231 0.000166656
-0.562556 -0.570646 -0.570811 0.00016514
-0.562356 -0.571228 -0.571391 0.000163621
-0.562156 -0.571809 -0.571971 0.0001621
-0.561956 -0.572389 -0.57255 0.000160577
-0.561756 -0.57297 -0.573129 0.000159052
-0.561556 -0.57355 -0.573707 0.000157525
-0.561356 -0.574129 -0.574285 0.000155996
-0.561156 -0.574708 -0.574863 0.000154464
-0.560956 -0.575287 -0.57544 0.000152931
-0.560756 -0.575865 -0.576017 0.000151395
-0.560556 -0.576443 -0.576593 0.000149858
-0.560356 -0.577021 -0.577169 0.000148318
-0.560156 -0.577598 -0.577745 0.000146777
-0.559956 -0.578175 -0.57832 0.000145234
-0.559756 -0.578751 -0.578895 0.000143688
-0.559556 -0.579327 -0.57947 0.000142141
-0.559356 -0.579903 -0.580044 0.000140592
-0.559156 -0.580478 -0.580617 0.000139042
-0.558956 -0.581053 -0.581191 0.000137489
-0.558756 -0.581627 -0.581763 0.000135935
-0.558556 -0.582202 -0.582336 0.000134379
-0.558356 -0.582775 -0.582908 0.000132821
-0.558156 -0.583348 -0.58348 0.000131261
-0.557956 -0.583921 -0.584051 0.0001297
-0.557756 -0.584494 -0.584622 0.000128137
-0.557556 -0.585066 -0.585192 0.000126572
-0.557356 -0.585637 -0.585762 0.000125006
-0.557156 -0.586208 -0.586332 0.000123438
-0.556956 -0.586779 -0.586901 0.000121869
-0.556756 -0.587349 -0.58747 0.000120298
-0.556556 -0.587919 -0.588038 0.000118726
-0.556356 -0.588489 -0.588606 0.000117152
-0.556156 -0.589058 -0.589174 0.000115577
-0.555956 -0.589627 -0.589741 0.000114
-0.555756 -0.590195 -0.590308 0.000112422
-0.555556 -0.590763 -0.590874 0.000110842
-0.555356 -0.591331 -0.59144 0.000109261
-0.555156 -0.591898 -0.592005 0.000107678
-0.554955 -0.592464 -0.59257 0.000106095
-0.554755 -0.593031 -0.593135 0.00010451
-0.554555 -0.593596 -0.593699 0.000102923
-0.554355 -0.594162 -0.594263 0.000101336
-0.554155 -0.594727 -0.594826 9.9747e-05
-0.553955 -0.595291 -0.595389 9.81569e-05
-0.553755 -0.595855 -0.595952 9.65657e-05
-0.553555 -0.596419 -0.596514 9.49733e-05
-0.553355 -0.596982 -0.597076 9.33798e-05
-0.553155 -0.597545 -0.597637 9.17852e-05
-0.552955 -0.598108 -0.598198 9.01894e-05
-0.552755 -0.59867 -0.598758 8.85926e-05
-0.552555 -0.599231 -0.599318 8.69948e-05
-0.552355 -0.599792 -0.599878 8.53959e-05
-0.552155 -0.600353 -0.600437 8.37961e-05
-0.551955 -0.600913 -0.600996 8.21952e-05
-0.551755 -0.601473 -0.601554 8.05935e-05
-0.551555 -0.602033 -0.602112 7.89907e-05
-0.551355 -0.602592 -0.602669 7.73871e-05
-0.551155 -0.60315 -0.603226 7.57826e-05
-0.550955 -0.603708 -0.603783 7.41773e-05
-0.550755 -0.604266 -0.604339 7.25711e-05
-0.550555 -0.604823 -0.604894 7.09642e-05
-0.550355 -0.60538 -0.60545 6.93564e-05
-0.550155 -0.605937 -0.606004 6.77479e-05
-0.549955 -0.606493 -0.606559 6.61386e-05
-0.549755 -0.607048 -0.607113 6.45287e-05
-0.549555 -0.607603 -0.607666 6.2918e-05
-0.549355 -0.608158 -0.608219 6.13067e-05
-0.549155 -0.608712 -0.608772 5.96948e-05
-0.548955 -0.609266 -0.609324 5.80822e-05
-0.548755 -0.609819 -0.609875 5.64691e-05
-0.548555 -0.610372 -0.610427 5.48554e-05
-0.548355 -0.610924 -0.610977 5.32411e-05
-0.548155 -0.611476 -0.611528 5.16264e-05
-0.547955 -0.612028 -0.612078 5.00111e-05
-0.547755 -0.612579 -0.612627 4.83954e-05
-0.547555 -0.613129 -0.613176 4.67792e-05
-0.547355 -0.613679 -0.613725 4.51626e-05
-0.547155 -0.614229 -0.614273 4.35456e-05
-0.546955 -0.614778 -0.61482 4.19283e-05
-0.546755 -0.615327 -0.615368 4.03106e-05
-0.546555 -0.615876 -0.615914 3.86925e-05
-0.546355 -0.616423 -0.616461 3.70742e-05
-0.546155 -0.616971 -0.617006 3.54556e-05
-0.545955 -0.617518 -0.617552 3.38367e-05
-0.545755 -0.618064 -0.618097 3.22176e-05
-0.545555 -0.61861 -0.618641 3.05983e-05
-0.545355 -0.619156 -0.619185 2.89789e-05
-0.545155 -0.619701 -0.619729 2.73592e-05
-0.544954 -0.620246 -0.620272 2.57395e-05
-0.544754 -0.62079 -0.620814 2.41196e-05
-0.544554 -0.621334 -0.621356 2.24996e-05
-0.544354 -0.621877 -0.621898 2.08796e-05
-0.544154 -0.62242 -0.622439 1.92595e-05
-0.543954 -0.622962 -0.62298 1.76395e-05
-0.543754 -0.623504 -0.62352 1.60194e-05
-0.543554 -0.624046 -0.62406 1.43994e-05
-0.543354 -0.624587 -0.624599 1.27794e-05
-0.543154 -0.625127 -0.625138 1.11596e-05
-0.542954 -0.625667 -0.625677 9.53978e-06
-0.542754 -0.626207 -0.626215 7.92014e-06
-0.542554 -0.626746 -0.626752 6.30066e-06
-0.542354 -0.627284 -0.627289 4.68135e-06
-0.542154 -0.627822 -0.627825 3.06224e-06
-0.541954 -0.62836 -0.628362 1.44337e-06
-0.541754 -0.628897 -0.628897 1.75261e-07
-0.541554 -0.629434 -0.629432 1.79361e-06
-0.541354 -0.62997 -0.629967 3.41167e-06
-0.541154 -0.630506 -0.630501 5.0294e-06
-0.540954 -0.631041 -0.631035 6.64679e-06
-0.540754 -0.631576 -0.631568 8.26381e-06
-0.540554 -0.63211 -0.6321 9.88043e-06
-0.540354 -0.632644 -0.632633 1.14966e-05
-0.540154 -0.633177 -0.633164 1.31124e-05
-0.539954 -0.63371 -0.633696 1.47277e-05
-0.539754 -0.634243 -0.634226 1.63425e-05
-0.539554 -0.634775 -0.634757 1.79568e-05
-0.539354 -0.635306 -0.635286 1.95706e-05
-0.539154 -0.635837 -0.635816 2.11838e-05
-0.538954 -0.636367 -0.636345 2.27964e-05
-0.538754 -0.636897 -0.636873 2.44084e-05
-0.538554 -0.637427 -0.637401 2.60198e-05
-0.538354 -0.637956 -0.637928 2.76305e-05
-0.538154 -0.638484 -0.638455 2.92406e-05
-0.537954 -0.639012 -0.638981 3.08499e-05
-0.537754 -0.63954 -0.639507 3.24585e-05
-0.537554 -0.640067 -0.640033 3.40664e-05
-0.537354 -0.640593 -0.640557 3.56735e-05
-0.537154 -0.641119 -0.641082 3.72798e-05
-0.536954 -0.641645 -0.641606 3.88853e-05
-0.536754 -0.64217 -0.642129 4.049e-05
-0.536554 -0.642694 -0.642652 4.20937e-05
-0.536354 -0.643218 -0.643175 4.36966e-05
-0.536154 -0.643742 -0.643696 4.52986e-05
-0.535954 -0.644265 -0.644218 4.68997e-05
-0.535754 -0.644787 -0.644739 4.84997e-05
-0.535554 -0.645309 -0.645259 5.00988e-05
-0.535354 -0.645831 -0.645779 5.16969e-05
-0.535154 -0.646352 -0.646299 5.3294e-05
-0.534953 -0.646872 -0.646817 5.489e-05
-0.534753 -0.647392 -0.647336 5.64849e-05
-0.534553 -0.647912 -0.647854 5.80787e-05
-0.534353 -0.648431 -0.648371 5.96715e-05
-0.534153 -0.648949 -0.648888 6.1263e-05
-0.533953 -0.649467 -0.649404 6.28534e-05
-0.533753 -0.649985 -0.64992 6.44426e-05
-0.533553 -0.650502 -0.650436 6.60306e-05
-0.533353 -0.651018 -0.65095 6.76173e-05
-0.533153 -0.651534 -0.651465 6.92028e-05
-0.532953 -0.652049 -0.651979 7.0787e-05
-0.532753 -0.652564 -0.652492 7.23699e-05
-0.532553 -0.653079 -0.653005 7.39515e-05
-0.532353 -0.653592 -0.653517 7.55317e-05
-0.532153 -0.654106 -0.654029 7.71105e-05
-0.531953 -0.654619 -0.65454 7.86879e-05
-0.531753 -0.655131 -0.655051 8.02639e-05
-0.531553 -0.655643 -0.655561 8.18385e-05
-0.531353 -0.656154 -0.656071 8.34116e-05
-0.531153 -0.656665 -0.65658 8.49832e-05
-0.530953 -0.657175 -0.657088 8.65532e-05
-0.530753 -0.657685 -0.657597 8.81218e-05
-0.530553 -0.658194 -0.658104 8.96888e-05
-0.530353 -0.658702 -0.658611 9.12542e-05
-0.530153 -0.659211 -0.659118 9.2818e-05
-0.529953 -0.659718 -0.659624 9.43802e-05
-0.529753 -0.660225 -0.660129 9.59407e-05
-0.529553 -0.660732 -0.660634 9.74995e-05
-0.529353 -0.661238 -0.661139 9.90567e-05
-0.529153 -0.661743 -0.661643 0.000100612
-0.528953 -0.662248 -0.662146 0.000102166
-0.528753 -0.662753 -0.662649 0.000103718
-0.528553 -0.663257 -0.663151 0.000105268
-0.528353 -0.66376 -0.663653 0.000106816
-0.528153 -0.664263 -0.664154 0.000108363
-0.527953 -0.664765 -0.664655 0.000109907
-0.527753 -0.665267 -0.665155 0.00011145
-0.527553 -0.665768 -0.665655 0.000112991
-0.527353 -0.666269 -0.666154 0.00011453
-0.527153 -0.666769 -0.666653 0.000116067
-0.526953 -0.667268 -0.667151 0.000117602
-0.526753 -0.667768 -0.667648 0.000119135
-0.526553 -0.668266 -0.668145 0.000120666
-0.526353 -0.668764 -0.668642 0.000122195
-0.526153 -0.669261 -0.669138 0.000123722
-0.525953 -0.669758 -0.669633 0.000125247
-0.525753 -0.670255 -0.670128 0.00012677
-0.525553 -0.670751 -0.670622 0.000128291
-0.525353 -0.671246 -0.671116 0.000129809
-0.525153 -0.671741 -0.671609 0.000131326
-0.524952 -0.672235 -0.672102 0.00013284
-0.524752 -0.672728 -0.672594 0.000134352
-0.524552 -0.673221 -0.673085 0.000135862
-0.524352 -0.673714 -0.673577 0.000137369
-0.524152 -0.674206 -0.674067 0.000138874
-0.523952 -0.674697 -0.674557 0.000140377
-0.523752 -0.675188 -0.675046 0.000141878
-0.523552 -0.675678 -0.675535 0.000143376
-0.523352 -0.676168 -0.676023 0.000144872
-0.523152 -0.676657 -0.676511 0.000146366
-0.522952 -0.677146 -0.676998 0.000147857
-0.522752 -0.677634 -0.677485 0.000149346
-0.522552 -0.678122 -0.677971 0.000150832
-0.522352 -0.678609 -0.678456 0.000152316
-0.522152 -0.679095 -0.678941 0.000153797
-0.521952 -0.679581 -0.679426 0.000155276
-0.521752 -0.680066 -0.679909 0.000156753
-0.521552 -0.680551 -0.680393 0.000158226
-0.521352 -0.681035 -0.680875 0.000159698
-0.521152 -0.681519 -0.681358 0.000161166
-0.520952 -0.682002 -0.681839 0.000162632
-0.520752 -0.682484 -0.68232 0.000164096
-0.520552 -0.682966 -0.682801 0.000165556
-0.520352 -0.683447 -0.68328 0.000167014
-0.520152 -0.683928 -0.68376 0.00016847
-0.519952 -0.684408 -0.684238 0.000169922
-0.519752 -0.684888 -0.684717 0.000171372
-0.519552 -0.685367 -0.685194 0.00017282
-0.519352 -0.685846 -0.685671 0.000174264
-0.519152 -0.686324 -0.686148 0.000175706
-0.518952 -0.686801 -0.686624 0.000177144
-0.518752 -0.687278 -0.687099 0.00017858
-0.518552 -0.687754 -0.687574 0.000180013
-0.518352 -0.688229 -0.688048 0.000181444
-0.518152 -0.688705 -0.688522 0.000182871
-0.517952 -0.689179 -0.688995 0.000184295
-0.517752 -0.689653 -0.689467 0.000185717
-0.517552 -0.690126 -0.689939 0.000187135
-0.517352 -0.690599 -0.69041 0.000188551
-0.517152 -0.691071 -0.690881 0.000189963
-0.516952 -0.691543 -0.691351 0.000191373
-0.516752 -0.692014 -0.691821 0.000192779
-0.516552 -0.692484 -0.69229 0.000194182
-0.516352 -0.692954 -0.692758 0.000195583
-0.516152 -0.693423 -0.693226 0.00019698
-0.515952 -0.693892 -0.693693 0.000198374
-0.515752 -0.69436 -0.69416 0.000199765
-0.515552 -0.694827 -0.694626 0.000201153
-0.515352 -0.695294 -0.695092 0.000202537
-0.515152 -0.695761 -0.695557 0.000203919
-0.514951 -0.696226 -0.696021 0.000205297
-0.514751 -0.696692 -0.696485 0.000206672
-0.514551 -0.697156 -0.696948 0.000208043
-0.514351 -0.69762 -0.697411 0.000209412
-0.514151 -0.698083 -0.697873 0.000210777
-0.513951 -0.698546 -0.698334 0.000212139
-0.513751 -0.699008 -0.698795 0.000213497
-0.513551 -0.69947 -0.699255 0.000214852
-0.513351 -0.699931 -0.699715 0.000216204
-0.513151 -0.700391 -0.700174 0.000217552
-0.512951 -0.700851 -0.700632 0.000218897
-0.512751 -0.70131 -0.70109 0.000220239
-0.512551 -0.701769 -0.701547 0.000221577
-0.512351 -0.702227 -0.702004 0.000222911
-0.512151 -0.702684 -0.70246 0.000224243
-0.511951 -0.703141 -0.702915 0.00022557
-0.511751 -0.703597 -0.70337 0.000226894
-0.511551 -0.704053 -0.703825 0.000228215
-0.511351 -0.704508 -0.704278 0.000229532
-0.511151 -0.704962 -0.704731 0.000230845
-0.510951 -0.705416 -0.705184 0.000232155
-0.510751 -0.705869 -0.705636 0.000233461
-0.510551 -0.706322 -0.706087 0.000234764
-0.510351 -0.706774 -0.706538 0.000236062
-0.510151 -0.707225 -0.706988 0.000237358
-0.509951 -0.707676 -0.707437 0.000238649
-0.509751 -0.708126 -0.707886 0.000239937
-0.509551 -0.708575 -0.708334 0.000241221
-0.509351 -0.709024 -0.708782 0.000242501
-0.509151 -0.709473 -0.709229 0.000243778
-0.508951 -0.70992 -0.709675 0.000245051
-0.508751 -0.710367 -0.710121 0.00024632
-0.508551 -0.710814 -0.710566 0.000247585
-0.508351 -0.71126 -0.711011 0.000248846
-0.508151 -0.711705 -0.711455 0.000250104
-0.507951 -0.712149 -0.711898 0.000251358
-0.507751 -0.712593 -0.712341 0.000252607
-0.507551 -0.713037 -0.712783 0.000253853
-0.507351 -0.713479 -0.713224 0.000255095
-0.507151 -0.713922 -0.713665 0.000256333
-0.506951 -0.714363 -0.714105 0.000257567
-0.506751 -0.714804 -0.714545 0.000258797
-0.506551 -0.715244 -0.714984 0.000260023
-0.506351 -0.715684 -0.715423 0.000261245
-0.506151 -0.716123 -0.71586 0.000262464
-0.505951 -0.716561 -0.716298 0.000263678
-0.505751 -0.716999 -0.716734 0.000264888
-0.505551 -0.717436 -0.71717 0.000266093
-0.505351 -0.717873 -0.717605 0.000267295
-0.505151 -0.718308 -0.71804 0.000268493
-0.50495 -0.718744 -0.718474 0.000269687
-0.50475 -0.719178 -0.718907 0.000270876
-0.50455 -0.719612 -0.71934 0.000272061
-0.50435 -0.720046 -0.719772 0.000273242
-0.50415 -0.720478 -0.720204 0.000274419
-0.50395 -0.72091 -0.720635 0.000275592
-0.50375 -0.721342 -0.721065 0.000276761
-0.50355 -0.721773 -0.721495 0.000277925
-0.50335 -0.722203 -0.721924 0.000279085
-0.50315 -0.722632 -0.722352 0.000280241
-0.50295 -0.723061 -0.72278 0.000281392
-0.50275 -0.72349 -0.723207 0.000282539
-0.50255 -0.723917 -0.723634 0.000283682
-0.50235 -0.724344 -0.724059 0.00028482
-0.50215 -0.724771 -0.724485 0.000285955
-0.50195 -0.725196 -0.724909 0.000287084
-0.50175 -0.725621 -0.725333 0.00028821
-0.50155 -0.726046 -0.725756 0.000289331
-0.50135 -0.72647 -0.726179 0.000290447
-0.50115 -0.726893 -0.726601 0.00029156
-0.50095 -0.727315 -0.727023 0.000292667
-0.50075 -0.727737 -0.727443 0.000293771
-0.50055 -0.728158 -0.727863 0.000294869
-0.50035 -0.728579 -0.728283 0.000295964
-0.50015 -0.728999 -0.728702 0.000297054
-0.49995 -0.729418 -0.72912 0.000298139
-0.49975 -0.729837 -0.729537 0.00029922
-0.49955 -0.730255 -0.729954 0.000300296
-0.49935 -0.730672 -0.73037 0.000301367
-0.49915 -0.731088 -0.730786 0.000302435
-0.49895 -0.731504 -0.731201 0.000303497
-0.49875 -0.73192 -0.731615 0.000304555
-0.49855 -0.732335 -0.732029 0.000305608
-0.49835 -0.732749 -0.732442 0.000306657
-0.49815 -0.733162 -0.732854 0.000307701
-0.49795 -0.733575 -0.733266 0.00030874
-0.49775 -0.733987 -0.733677 0.000309775
-0.49755 -0.734398 -0.734087 0.000310805
-0.49735 -0.734809 -0.734497 0.00031183
-0.49715 -0.735219 -0.734906 0.000312851
-0.49695 -0.735628 -0.735315 0.000313866
-0.49675 -0.736037 -0.735722 0.000314877
-0.49655 -0.736445 -0.736129 0.000315884
-0.49635 -0.736853 -0.736536 0.000316885
-0.49615 -0.73726 -0.736942 0.000317882
-0.49595 -0.737666 -0.737347 0.000318874
-0.49575 -0.738071 -0.737751 0.000319861
-0.49555 -0.738476 -0.738155 0.000320843
-0.49535 -0.73888 -0.738558 0.000321821
-0.49515 -0.739283 -0.738961 0.000322793
-0.494949 -0.739686 -0.739363 0.000323761
-0.494749 -0.740088 -0.739764 0.000324724
-0.494549 -0.74049 -0.740164 0.000325682
-0.494349 -0.740891 -0.740564 0.000326635
-0.494149 -0.741291 -0.740963 0.000327583
-0.493949 -0.74169 -0.741362 0.000328526
-0.493749 -0.742089 -0.741759 0.000329465
-0.493549 -0.742487 -0.742157 0.000330398
-0.493349 -0.742884 -0.742553 0.000331326
-0.493149 -0.743281 -0.742949 0.00033225
-0.492949 -0.743677 -0.743344 0.000333168
-0.492749 -0.744073 -0.743739 0.000334081
-0.492549 -0.744467 -0.744132 0.00033499
-0.492349 -0.744861 -0.744526 0.000335893
-0.492149 -0.745255 -0.744918 0.000336791
-0.491949 -0.745647 -0.74531 0.000337684
-0.491749 -0.746039 -0.745701 0.000338573
-0.491549 -0.746431 -0.746091 0.000339456
-0.491349 -0.746821 -0.746481 0.000340334
-0.491149 -0.747211 -0.74687 0.000341206
-0.490949 -0.747601 -0.747259 0.000342074
-0.490749 -0.747989 -0.747646 0.000342937
-0.490549 -0.748377 -0.748033 0.000343794
-0.490349 -0.748764 -0.74842 0.000344647
-0.490149 -0.749151 -0.748805 0.000345494
-0.489949 -0.749537 -0.74919 0.000346336
-0.489749 -0.749922 -0.749575 0.000347173
-0.489549 -0.750306 -0.749958 0.000348004
-0.489349 -0.75069 -0.750341 0.000348831
-0.489149 -0.751073 -0.750724 0.000349652
-0.488949 -0.751456 -0.751105 0.000350468
-0.488749 -0.751837 -0.751486 0.000351279
-0.488549 -0.752218 -0.751866 0.000352084
-0.488349 -0.752599 -0.752246 0.000352885
-0.488149 -0.752978 -0.752625 0.00035368
-0.487949 -0.753357 -0.753003 0.000354469
-0.487749 -0.753736 -0.75338 0.000355254
-0.487549 -0.754113 -0.753757 0.000356033
-0.487349 -0.75449 -0.754133 0.000356807
-0.487149 -0.754866 -0.754509 0.000357575
-0.486949 -0.755242 -0.754883 0.000358338
-0.486749 -0.755616 -0.755257 0.000359096
-0.486549 -0.75599 -0.755631 0.000359849
-0.486349 -0.756364 -0.756003 0.000360596
-0.486149 -0.756736 -0.756375 0.000361337
-0.485949 -0.757108 -0.756746 0.000362074
-0.485749 -0.75748 -0.757117 0.000362805
-0.485549 -0.75785 -0.757487 0.00036353
-0.485349 -0.75822 -0.757856 0.000364251
-0.485149 -0.758589 -0.758224 0.000364965
-0.484948 -0.758958 -0.758592 0.000365675
-0.484748 -0.759325 -0.758959 0.000366379
-0.484548 -0.759692 -0.759325 0.000367077
-0.484348 -0.760059 -0.759691 0.00036777
-0.484148 -0.760424 -0.760056 0.000368457
-0.483948 -0.760789 -0.76042 0.00036914
-0.483748 -0.761153 -0.760784 0.000369816
-0.483548 -0.761517 -0.761146 0.000370487
-0.483348 -0.76188 -0.761509 0.000371153
-0.483148 -0.762242 -0.76187 0.000371813
-0.482948 -0.762603 -0.762231 0.000372468
-0.482748 -0.762964 -0.762591 0.000373117
-0.482548 -0.763324 -0.76295 0.00037376
-0.482348 -0.763683 -0.763309 0.000374398
-0.482148 -0.764041 -0.763666 0.000375031
-0.481948 -0.764399 -0.764024 0.000375657
-0.481748 -0.764756 -0.76438 0.000376279
-0.481548 -0.765113 -0.764736 0.000376895
-0.481348 -0.765468 -0.765091 0.000377505
-0.481148 -0.765823 -0.765445 0.000378109
-0.480948 -0.766177 -0.765799 0.000378708
-0.480748 -0.766531 -0.766152 0.000379302
-0.480548 -0.766884 -0.766504 0.000379889
-0.480348 -0.767236 -0.766855 0.000380472
-0.480148 -0.767587 -0.767206 0.000381048
-0.479948 -0.767938 -0.767556 0.000381619
-0.479748 -0.768287 -0.767905 0.000382184
-0.479548 -0.768637 -0.768254 0.000382744
-0.479348 -0.768985 -0.768602 0.000383298
-0.479148 -0.769333 -0.768949 0.000383846
-0.478948 -0.76968 -0.769295 0.000384389
-0.478748 -0.770026 -0.769641 0.000384926
-0.478548 -0.770371 -0.769986 0.000385457
-0.478348 -0.770716 -0.77033 0.000385983
-0.478148 -0.77106 -0.770674 0.000386503
-0.477948 -0.771404 -0.771017 0.000387017
-0.477748 -0.771746 -0.771359 0.000387526
-0.477548 -0.772088 -0.7717 0.000388028
-0.477348 -0.772429 -0.772041 0.000388526
-0.477148 -0.77277 -0.772381 0.000389017
-0.476948 -0.773109 -0.77272 0.000389503
-0.476748 -0.773448 -0.773058 0.000389983
-0.476548 -0.773786 -0.773396 0.000390457
-0.476348 -0.774124 -0.773733 0.000390925
-0.476148 -0.774461 -0.774069 0.000391388
-0.475948 -0.774796 -0.774405 0.000391845
-0.475748 -0.775132 -0.774739 0.000392296
-0.475548 -0.775466 -0.775074 0.000392741
-0.475348 -0.7758 -0.775407 0.000393181
-0.475148 -0.776133 -0.775739 0.000393615
-0.474947 -0.776465 -0.776071 0.000394043
-0.474747 -0.776797 -0.776402 0.000394465
-0.474547 -0.777128 -0.776733 0.000394882
-0.474347 -0.777458 -0.777063 0.000395292
-0.474147 -0.777787 -0.777391 0.000395697
-0.473947 -0.778116 -0.77772 0.000396096
-0.473747 -0.778444 -0.778047 0.00039649
-0.473547 -0.778771 -0.778374 0.000396877
-0.473347 -0.779097 -0.7787 0.000397259
-0.473147 -0.779423 -0.779025 0.000397635
-0.472947 -0.779748 -0.779349 0.000398005
-0.472747 -0.780072 -0.779673 0.000398369
-0.472547 -0.780395 -0.779996 0.000398727
-0.472347 -0.780718 -0.780319 0.00039908
-0.472147 -0.781039 -0.78064 0.000399426
-0.471947 -0.781361 -0.780961 0.000399767
-0.471747 -0.781681 -0.781281 0.000400102
-0.471547 -0.782001 -0.7816 0.000400431
-0.471347 -0.782319 -0.781919 0.000400754
-0.471147 -0.782638 -0.782236 0.000401072
-0.470947 -0.782955 -0.782554 0.000401383
-0.470747 -0.783271 -0.78287 0.000401689
-0.470547 -0.783587 -0.783185 0.000401988
-0.470347 -0.783902 -0.7835 0.000402282
-0.470147 -0.784217 -0.783814 0.00040257
-0.469947 -0.78453 -0.784127 0.000402852
-0.469747 -0.784843 -0.78444 0.000403129
-0.469547 -0.785155 -0.784752 0.000403399
-0.469347 -0.785467 -0.785063 0.000403663
-0.469147 -0.785777 -0.785373 0.000403922
-0.468947 -0.786087 -0.785683 0.000404175
-0.468747 -0.786396 -0.785991 0.000404421
-0.468547 -0.786704 -0.786299 0.000404662
-0.468347 -0.787012 -0.786607 0.000404897
-0.468147 -0.787318 -0.786913 0.000405126
-0.467947 -0.787624 -0.787219 0.00040535
-0.467747 -0.78793 -0.787524 0.000405567
-0.467547 -0.788234 -0.787828 0.000405778
-0.467347 -0.788538 -0.788132 0.000405984
-0.467147 -0.788841 -0.788434 0.000406183
-0.466947 -0.789143 -0.788736 0.000406377
-0.466747 -0.789444 -0.789038 0.000406564
-0.466547 -0.789745 -0.789338 0.000406746
-0.466347 -0.790045 -0.789638 0.000406922
-0.466147 -0.790344 -0.789937 0.000407092
-0.465947 -0.790642 -0.790235 0.000407256
-0.465747 -0.79094 -0.790532 0.000407414
-0.465547 -0.791236 -0.790829 0.000407566
-0.465347 -0.791532 -0.791125 0.000407712
-0.465147 -0.791827 -0.79142 0.000407853
-0.464946 -0.792122 -0.791714 0.000407987
-0.464746 -0.792416 -0.792007 0.000408115
-0.464546 -0.792709 -0.7923 0.000408238
-0.464346 -0.793001 -0.792592 0.000408355
-0.464146 -0.793292 -0.792884 0.000408465
-0.463946 -0.793583 -0.793174 0.00040857
-0.463746 -0.793872 -0.793464 0.000408669
-0.463546 -0.794161 -0.793753 0.000408762
-0.463346 -0.79445 -0.794041 0.000408849
-0.463146 -0.794737 -0.794328 0.00040893
-0.462946 -0.795024 -0.794615 0.000409005
-0.462746 -0.79531 -0.794901 0.000409074
-0.462546 -0.795595 -0.795186 0.000409137
-0.462346 -0.795879 -0.79547 0.000409194
-0.462146 -0.796163 -0.795753 0.000409246
-0.461946 -0.796445 -0.796036 0.000409291
-0.461746 -0.796727 -0.796318 0.000409331
-0.461546 -0.797009 -0.796599 0.000409364
-0.461346 -0.797289 -0.79688 0.000409392
-0.461146 -0.797569 -0.797159 0.000409414
-0.460946 -0.797848 -0.797438 0.000409429
-0.460746 -0.798126 -0.797716 0.000409439
-0.460546 -0.798403 -0.797993 0.000409443
-0.460346 -0.798679 -0.79827 0.000409441
-0.460146 -0.798955 -0.798546 0.000409433
-0.459946 -0.79923 -0.798821 0.000409419
-0.459746 -0.799504 -0.799095 0.0004094
-0.459546 -0.799777 -0.799368 0.000409374
-0.459346 -0.80005 -0.799641 0.000409343
-0.459146 -0.800322 -0.799912 0.000409305
-0.458946 -0.800593 -0.800183 0.000409262
-0.458746 -0.800863 -0.800454 0.000409212
-0.458546 -0.801132 -0.800723 0.000409157
-0.458346 -0.801401 -0.800992 0.000409096
-0.458146 -0.801669 -0.80126 0.000409029
-0.457946 -0.801936 -0.801527 0.000408956
-0.457746 -0.802202 -0.801793 0.000408877
-0.457546 -0.802467 -0.802058 0.000408793
-0.457346 -0.802732 -0.802323 0.000408702
-0.457146 -0.802996 -0.802587 0.000408606
-0.456946 -0.803259 -0.80285 0.000408503
-0.456746 -0.803521 -0.803113 0.000408395
-0.456546 -0.803782 -0.803374 0.000408281
-0.456346 -0.804043 -0.803635 0.000408161
-0.456146 -0.804303 -0.803895 0.000408035
-0.455946 -0.804562 -0.804154 0.000407903
-0.455746 -0.80482 -0.804412 0.000407766
-0.455546 -0.805077 -0.80467 0.000407622
-0.455346 -0.805334 -0.804926 0.000407473
-0.455146 -0.80559 -0.805182 0.000407318
-0.454945 -0.805845 -0.805438 0.000407157
-0.454745 -0.806099 -0.805692 0.00040699
-0.454545 -0.806352 -0.805946 0.000406817
-0.454345 -0.806605 -0.806198 0.000406638
-0.454145 -0.806857 -0.80645 0.000406454
-0.453945 -0.807108 -0.806701 0.000406263
-0.453745 -0.807358 -0.806952 0.000406067
-0.453545 -0.807607 -0.807201 0.000405865
-0.453345 -0.807856 -0.80745 0.000405658
-0.453145 -0.808103 -0.807698 0.000405444
-0.452945 -0.80835 -0.807945 0.000405224
-0.452745 -0.808597 -0.808192 0.000404999
-0.452545 -0.808842 -0.808437 0.000404768
-0.452345 -0.809086 -0.808682 0.000404531
-0.452145 -0.80933 -0.808926 0.000404289
-0.451945 -0.809573 -0.809169 0.00040404
-0.451745 -0.809815 -0.809411 0.000403786
-0.451545 -0.810056 -0.809653 0.000403526
-0.451345 -0.810297 -0.809893 0.00040326
-0.451145 -0.810536 -0.810133 0.000402989
-0.450945 -0.810775 -0.810372 0.000402711
-0.450745 -0.811013 -0.810611 0.000402428
-0.450545 -0.81125 -0.810848 0.000402139
-0.450345 -0.811486 -0.811085 0.000401845
-0.450145 -0.811722 -0.81132 0.000401544
-0.449945 -0.811957 -0.811555 0.000401238
-0.449745 -0.812191 -0.81179 0.000400926
-0.449545 -0.812424 -0.812023 0.000400609
-0.449345 -0.812656 -0.812256 0.000400285
-0.449145 -0.812887 -0.812487 0.000399956
-0.448945 -0.813118 -0.812718 0.000399621
-0.448745 -0.813348 -0.812948 0.000399281
-0.448545 -0.813577 -0.813178 0.000398935
-0.448345 -0.813805 -0.813406 0.000398583
-0.448145 -0.814032 -0.813634 0.000398225
-0.447945 -0.814259 -0.813861 0.000397862
-0.447745 -0.814484 -0.814087 0.000397493
-0.447545 -0.814709 -0.814312 0.000397119
-0.447345 -0.814933 -0.814536 0.000396739
-0.447145 -0.815156 -0.81476 0.000396353
-0.446945 -0.815379 -0.814983 0.000395961
-0.446745 -0.8156 -0.815205 0.000395564
-0.446545 -0.815821 -0.815426 0.000395161
-0.446345 -0.816041 -0.815646 0.000394753
-0.446145 -0.81626 -0.815866 0.000394339
-0.445945 -0.816478 -0.816084 0.000393919
-0.445745 -0.816696 -0.816302 0.000393494
-0.445545 -0.816912 -0.816519 0.000393063
-0.445345 -0.817128 -0.816735 0.000392626
-0.445145 -0.817343 -0.816951 0.000392184
-0.444944 -0.817557 -0.817165 0.000391737
-0.444744 -0.81777 -0.817379 0.000391283
-0.444544 -0.817982 -0.817592 0.000390825
-0.444344 -0.818194 -0.817804 0.00039036
-0.444144 -0.818405 -0.818015 0.00038989
-0.443944 -0.818615 -0.818225 0.000389415
-0.443744 -0.818824 -0.818435 0.000388934
-0.443544 -0.819032 -0.818643 0.000388447
-0.443344 -0.819239 -0.818851 0.000387956
-0.443144 -0.819446 -0.819058 0.000387458
-0.442944 -0.819652 -0.819265 0.000386955
-0.442744 -0.819856 -0.81947 0.000386447
-0.442544 -0.82006 -0.819675 0.000385933
-0.442344 -0.820264 -0.819878 0.000385413
-0.442144 -0.820466 -0.820081 0.000384888
-0.441944 -0.820668 -0.820283 0.000384358
-0.441744 -0.820868 -0.820484 0.000383822
-0.441544 -0.821068 -0.820685 0.000383281
-0.441344 -0.821267 -0.820884 0.000382734
-0.441144 -0.821465 -0.821083 0.000382182
-0.440944 -0.821662 -0.821281 0.000381625
-0.440744 -0.821859 -0.821478 0.000381062
-0.440544 -0.822055 -0.821674 0.000380494
-0.440344 -0.822249 -0.821869 0.00037992
-0.440144 -0.822443 -0.822064 0.000379341
-0.439944 -0.822636 -0.822258 0.000378756
-0.439744 -0.822829 -0.82245 0.000378167
-0.439544 -0.82302 -0.822642 0.000377572
-0.439344 -0.82321 -0.822834 0.000376971
-0.439144 -0.8234 -0.823024 0.000376365
-0.438944 -0.823589 -0.823213 0.000375754
-0.438744 -0.823777 -0.823402 0.000375138
-0.438544 -0.823964 -0.82359 0.000374516
-0.438344 -0.82415 -0.823777 0.000373889
-0.438144 -0.824336 -0.823963 0.000373257
-0.437944 -0.82452 -0.824148 0.00037262
-0.437744 -0.824704 -0.824332 0.000371977
-0.437544 -0.824887 -0.824516 0.000371329
-0.437344 -0.825069 -0.824698 0.000370676
-0.437144 -0.82525 -0.82488 0.000370017
-0.436944 -0.825431 -0.825061 0.000369354
-0.436744 -0.82561 -0.825241 0.000368685
-0.436544 -0.825789 -0.825421 0.000368011
-0.436344 -0.825967 -0.825599 0.000367332
-0.436144 -0.826143 -0.825777 0.000366647
-0.435944 -0.82632 -0.825954 0.000365958
-0.435744 -0.826495 -0.826129 0.000365263
-0.435544 -0.826669 -0.826304 0.000364563
-0.435344 -0.826843 -0.826479 0.000363858
-0.435144 -0.827015 -0.826652 0.000363148
-0.434943 -0.827187 -0.826825 0.000362433
-0.434743 -0.827358 -0.826996 0.000361713
-0.434543 -0.827528 -0.827167 0.000360988
-0.434343 -0.827697 -0.827337 0.000360257
-0.434143 -0.827865 -0.827506 0.000359522
-0.433943 -0.828033 -0.827674 0.000358781
-0.433743 -0.828199 -0.827841 0.000358036
-0.433543 -0.828365 -0.828008 0.000357285
-0.433343 -0.82853 -0.828174 0.00035653
-0.433143 -0.828694 -0.828338 0.000355769
-0.432943 -0.828857 -0.828502 0.000355004
-0.432743 -0.82902 -0.828665 0.000354233
-0.432543 -0.829181 -0.828828 0.000353458
-0.432343 -0.829342 -0.828989 0.000352677
-0.432143 -0.829501 -0.829149 0.000351892
-0.431943 -0.82966 -0.829309 0.000351102
-0.431743 -0.829818 -0.829468 0.000350306
-0.431543 -0.829975 -0.829626 0.000349506
-0.431343 -0.830131 -0.829783 0.000348701
-0.431143 -0.830287 -0.829939 0.000347892
-0.430943 -0.830441 -0.830094 0.000347077
-0.430743 -0.830595 -0.830249 0.000346257
-0.430543 -0.830748 -0.830402 0.000345433
-0.430343 -0.8309 -0.830555 0.000344604
-0.430143 -0.831051 -0.830707 0.00034377
-0.429943 -0.831201 -0.830858 0.000342931
-0.429743 -0.83135 -0.831008 0.000342087
-0.429543 -0.831498 -0.831157 0.000341239
-0.429343 -0.831646 -0.831306 0.000340386
-0.429143 -0.831793 -0.831453 0.000339528
-0.428943 -0.831938 -0.8316 0.000338666
-0.428743 -0.832083 -0.831746 0.000337798
-0.428543 -0.832227 -0.83189 0.000336926
-0.428343 -0.832371 -0.832034 0.00033605
-0.428143 -0.832513 -0.832178 0.000335168
-0.427943 -0.832654 -0.83232 0.000334282
-0.427743 -0.832795 -0.832461 0.000333392
-0.427543 -0.832934 -0.832602 0.000332496
-0.427343 -0.833073 -0.832742 0.000331597
-0.427143 -0.833211 -0.83288 0.000330692
-0.426943 -0.833348 -0.833018 0.000329783
-0.426743 -0.833484 -0.833155 0.000328869
-0.426543 -0.83362 -0.833292 0.000327951
-0.426343 -0.833754 -0.833427 0.000327028
-0.426143 -0.833888 -0.833561 0.000326101
-0.425943 -0.83402 -0.833695 0.000325169
-0.425743 -0.834152 -0.833828 0.000324233
-0.425543 -0.834283 -0.83396 0.000323292
-0.425343 -0.834413 -0.83409 0.000322347
-0.425143 -0.834542 -0.834221 0.000321397
-0.424942 -0.83467 -0.83435 0.000320443
-0.424742 -0.834798 -0.834478 0.000319484
-0.424542 -0.834924 -0.834606 0.000318521
-0.424342 -0.83505 -0.834732 0.000317553
-0.424142 -0.835174 -0.834858 0.000316581
-0.423942 -0.835298 -0.834983 0.000315605
-0.423742 -0.835421 -0.835106 0.000314625
-0.423542 -0.835543 -0.835229 0.00031364
-0.423342 -0.835664 -0.835352 0.00031265
-0.423142 -0.835785 -0.835473 0.000311657
-0.422942 -0.835904 -0.835593 0.000310659
-0.422742 -0.836022 -0.835713 0.000309657
-0.422542 -0.83614 -0.835831 0.00030865
-0.422342 -0.836257 -0.835949 0.00030764
-0.422142 -0.836373 -0.836066 0.000306625
-0.421942 -0.836488 -0.836182 0.000305606
-0.421742 -0.836602 -0.836297 0.000304582
-0.421542 -0.836715 -0.836411 0.000303555
-0.421342 -0.836827 -0.836525 0.000302523
-0.421142 -0.836939 -0.836637 0.000301487
-0.420942 -0.837049 -0.836749 0.000300447
-0.420742 -0.837159 -0.836859 0.000299403
-0.420542 -0.837267 -0.836969 0.000298355
-0.420342 -0.837375 -0.837078 0.000297303
-0.420142 -0.837482 -0.837186 0.000296246
-0.419942 -0.837588 -0.837293 0.000295186
-0.419742 -0.837693 -0.837399 0.000294121
-0.419542 -0.837798 -0.837505 0.000293053
-0.419342 -0.837901 -0.837609 0.00029198
-0.419142 -0.838004 -0.837713 0.000290904
-0.418942 -0.838105 -0.837815 0.000289823
-0.418742 -0.838206 -0.837917 0.000288739
-0.418542 -0.838306 -0.838018 0.00028765
-0.418342 -0.838405 -0.838118 0.000286558
-0.418142 -0.838503 -0.838217 0.000285461
-0.417942 -0.8386 -0.838315 0.000284361
-0.417742 -0.838696 -0.838413 0.000283257
-0.417542 -0.838791 -0.838509 0.000282149
-0.417342 -0.838886 -0.838605 0.000281037
-0.417142 -0.838979 -0.838699 0.000279922
-0.416942 -0.839072 -0.838793 0.000278802
-0.416742 -0.839163 -0.838886 0.000277679
-0.416542 -0.839254 -0.838978 0.000276552
-0.416342 -0.839344 -0.839069 0.000275422
-0.416142 -0.839433 -0.839159 0.000274287
-0.415942 -0.839521 -0.839248 0.000273149
-0.415742 -0.839608 -0.839336 0.000272007
-0.415542 -0.839695 -0.839424 0.000270861
-0.415342 -0.83978 -0.83951 0.000269712
-0.415142 -0.839865 -0.839596 0.000268559
-0.414941 -0.839948 -0.839681 0.000267402
-0.414741 -0.840031 -0.839765 0.000266242
-0.414541 -0.840113 -0.839848 0.000265078
-0.414341 -0.840194 -0.83993 0.000263911
-0.414141 -0.840274 -0.840011 0.00026274
-0.413941 -0.840353 -0.840091 0.000261565
-0.413741 -0.840431 -0.840171 0.000260387
-0.413541 -0.840508 -0.840249 0.000259206
-0.413341 -0.840585 -0.840327 0.000258021
-0.413141 -0.84066 -0.840403 0.000256832
-0.412941 -0.840735 -0.840479 0.00025564
-0.412741 -0.840808 -0.840554 0.000254444
-0.412541 -0.840881 -0.840628 0.000253246
-0.412341 -0.840953 -0.840701 0.000252043
-0.412141 -0.841024 -0.840773 0.000250838
-0.411941 -0.841094 -0.840844 0.000249628
-0.411741 -0.841163 -0.840915 0.000248416
-0.411541 -0.841231 -0.840984 0.0002472
-0.411341 -0.841298 -0.841053 0.000245981
-0.411141 -0.841365 -0.84112 0.000244759
-0.410941 -0.84143 -0.841187 0.000243533
-0.410741 -0.841495 -0.841253 0.000242304
-0.410541 -0.841559 -0.841318 0.000241072
-0.410341 -0.841621 -0.841381 0.000239836
-0.410141 -0.841683 -0.841445 0.000238598
-0.409941 -0.841744 -0.841507 0.000237356
-0.409741 -0.841804 -0.841568 0.000236111
-0.409541 -0.841863 -0.841628 0.000234863
-0.409341 -0.841921 -0.841688 0.000233612
-0.409141 -0.841979 -0.841746 0.000232357
-0.408941 -0.842035 -0.841804 0.0002311
-0.408741 -0.84209 -0.841861 0.000229839
-0.408541 -0.842145 -0.841916 0.000228575
-0.408341 -0.842199 -0.841971 0.000227309
-0.408141 -0.842251 -0.842025 0.000226039
-0.407941 -0.842303 -0.842078 0.000224766
-0.407741 -0.842354 -0.84213 0.000223491
-0.407541 -0.842404 -0.842182 0.000222212
-0.407341 -0.842453 -0.842232 0.00022093
-0.407141 -0.842501 -0.842281 0.000219646
-0.406941 -0.842548 -0.84233 0.000218358
-0.406741 -0.842595 -0.842378 0.000217068
-0.406541 -0.84264 -0.842424 0.000215775
-0.406341 -0.842684 -0.84247 0.000214479
-0.406141 -0.842728 -0.842515 0.00021318
-0.405941 -0.842771 -0.842559 0.000211878
-0.405741 -0.842812 -0.842602 0.000210574
-0.405541 -0.842853 -0.842644 0.000209267
-0.405341 -0.842893 -0.842685 0.000207957
-0.405141 -0.842932 -0.842725 0.000206644
-0.40494 -0.84297 -0.842765 0.000205329
-0.40474 -0.843007 -0.842803 0.00020401
-0.40454 -0.843043 -0.84284 0.00020269
-0.40434 -0.843078 -0.842877 0.000201366
-0.40414 -0.843113 -0.842913 0.00020004
-0.40394 -0.843146 -0.842947 0.000198711
-0.40374 -0.843179 -0.842981 0.00019738
-0.40354 -0.84321 -0.843014 0.000196046
-0.40334 -0.843241 -0.843046 0.00019471
-0.40314 -0.843271 -0.843077 0.000193371
-0.40294 -0.843299 -0.843107 0.000192029
-0.40274 -0.843327 -0.843137 0.000190685
-0.40254 -0.843354 -0.843165 0.000189339
-0.40234 -0.84338 -0.843192 0.00018799
-0.40214 -0.843405 -0.843219 0.000186639
-0.40194 -0.843429 -0.843244 0.000185285
-0.40174 -0.843453 -0.843269 0.000183929
-0.40154 -0.843475 -0.843293 0.00018257
-0.40134 -0.843496 -0.843315 0.000181209
-0.40114 -0.843517 -0.843337 0.000179846
-0.40094 -0.843537 -0.843358 0.000178481
-0.40074 -0.843555 -0.843378 0.000177113
-0.40054 -0.843573 -0.843397 0.000175743
-0.40034 -0.84359 -0.843415 0.00017437
-0.40014 -0.843605 -0.843432 0.000172996
-0.39994 -0.84362 -0.843449 0.000171619
-0.39974 -0.843634 -0.843464 0.00017024
-0.39954 -0.843647 -0.843479 0.000168859
-0.39934 -0.843659 -0.843492 0.000167476
-0.39914 -0.843671 -0.843505 0.00016609
-0.39894 -0.843681 -0.843516 0.000164703
-0.39874 -0.84369 -0.843527 0.000163313
-0.39854 -0.843699 -0.843537 0.000161921
-0.39834 -0.843706 -0.843546 0.000160527
-0.39814 -0.843713 -0.843554 0.000159132
-0.39794 -0.843718 -0.843561 0.000157734
-0.39774 -0.843723 -0.843567 0.000156334
-0.39754 -0.843727 -0.843572 0.000154932
-0.39734 -0.84373 -0.843576 0.000153528
-0.39714 -0.843731 -0.843579 0.000152123
-0.39694 -0.843732 -0.843582 0.000150715
-0.39674 -0.843732 -0.843583 0.000149306
-0.39654 -0.843732 -0.843584 0.000147894
-0.39634 -0.84373 -0.843583 0.000146481
-0.39614 -0.843727 -0.843582 0.000145066
-0.39594 -0.843723 -0.84358 0.00014365
-0.39574 -0.843719 -0.843576 0.000142231
-0.39554 -0.843713 -0.843572 0.000140811
-0.39534 -0.843707 -0.843567 0.000139389
-0.39514 -0.843699 -0.843561 0.000137965
-0.394939 -0.843691 -0.843554 0.000136539
-0.394739 -0.843681 -0.843546 0.000135112
-0.394539 -0.843671 -0.843537 0.000133684
-0.394339 -0.84366 -0.843528 0.000132253
-0.394139 -0.843648 -0.843517 0.000130821
-0.393939 -0.843635 -0.843505 0.000129387
-0.393739 -0.843621 -0.843493 0.000127952
-0.393539 -0.843606 -0.843479 0.000126515
-0.393339 -0.84359 -0.843465 0.000125077
-0.393139 -0.843573 -0.84345 0.000123637
-0.392939 -0.843555 -0.843433 0.000122196
-0.392739 -0.843537 -0.843416 0.000120753
-0.392539 -0.843517 -0.843398 0.000119309
-0.392339 -0.843497 -0.843379 0.000117864
-0.392139 -0.843475 -0.843359 0.000116416
-0.391939 -0.843453 -0.843338 0.000114968
-0.391739 -0.843429 -0.843316 0.000113518
-0.391539 -0.843405 -0.843293 0.000112067
-0.391339 -0.84338 -0.843269 0.000110615
-0.391139 -0.843353 -0.843244 0.000109161
-0.390939 -0.843326 -0.843219 0.000107706
-0.390739 -0.843298 -0.843192 0.00010625
-0.390539 -0.843269 -0.843164 0.000104792
-0.390339 -0.843239 -0.843136 0.000103334
-0.390139 -0.843208 -0.843107 0.000101874
-0.389939 -0.843177 -0.843076 0.000100413
-0.389739 -0.843144 -0.843045 9.89506e-05
-0.389539 -0.84311 -0.843013 9.74873e-05
-0.389339 -0.843075 -0.842979 9.60229e-05
-0.389139 -0.84304 -0.842945 9.45574e-05
-0.388939 -0.843003 -0.84291 9.30909e-05
-0.388739 -0.842966 -0.842874 9.16233e-05
-0.388539 -0.842927 -0.842837 9.01546e-05
-0.388339 -0.842888 -0.842799 8.8685e-05
-0.388139 -0.842848 -0.84276 8.72144e-05
-0.387939 -0.842806 -0.842721 8.57429e-05
-0.387739 -0.842764 -0.84268 8.42704e-05
-0.387539 -0.842721 -0.842638 8.2797e-05
-0.387339 -0.842677 -0.842596 8.13228e-05
-0.387139 -0.842632 -0.842552 7.98476e-05
-0.386939 -0.842586 -0.842508 7.83716e-05
-0.386739 -0.842539 -0.842462 7.68948e-05
-0.386539 -0.842491 -0.842416 7.54172e-05
-0.386339 -0.842442 -0.842368 7.39388e-05
-0.386139 -0.842393 -0.84232 7.24596e-05
-0.385939 -0.842342 -0.842271 7.09797e-05
-0.385739 -0.84229 -0.842221 6.94991e-05
-0.385539 -0.842238 -0.84217 6.80178e-05
-0.385339 -0.842184 -0.842117 6.65358e-05
-0.385139 -0.84213 -0.842064 6.50532e-05
-0.384938 -0.842074 -0.842011 6.35699e-05
-0.384738 -0.842018 -0.841956 6.2086e-05
-0.384538 -0.84196 -0.8419 6.06016e-05
-0.384338 -0.841902 -0.841843 5.91165e-05
-0.384138 -0.841843 -0.841785 5.7631e-05
-0.383938 -0.841783 -0.841727 5.61449e-05
-0.383738 -0.841722 -0.841667 5.46583e-05
-0.383538 -0.841659 -0.841606 5.31712e-05
-0.383338 -0.841596 -0.841545 5.16837e-05
-0.383138 -0.841533 -0.841482 5.01957e-05
-0.382938 -0.841468 -0.841419 4.87073e-05
-0.382738 -0.841402 -0.841355 4.72185e-05
-0.382538 -0.841335 -0.841289 4.57293e-05
-0.382338 -0.841267 -0.841223 4.42398e-05
-0.382138 -0.841198 -0.841156 4.275e-05
-0.381938 -0.841129 -0.841088 4.12599e-05
-0.381738 -0.841058 -0.841018 3.97694e-05
-0.381538 -0.840987 -0.840948 3.82788e-05
-0.381338 -0.840914 -0.840877 3.67878e-05
-0.381138 -0.840841 -0.840805 3.52967e-05
-0.380938 -0.840766 -0.840732 3.38053e-05
-0.380738 -0.840691 -0.840659 3.23138e-05
-0.380538 -0.840615 -0.840584 3.08221e-05
-0.380338 -0.840537 -0.840508 2.93303e-05
-0.380138 -0.840459 -0.840431 2.78384e-05
-0.379938 -0.84038 -0.840354 2.63463e-05
-0.379738 -0.8403 -0.840275 2.48543e-05
-0.379538 -0.840219 -0.840195 2.33621e-05
-0.379338 -0.840137 -0.840115 2.187e-05
-0.379138 -0.840054 -0.840033 2.03778e-05
-0.378938 -0.83997 -0.839951 1.88856e-05
-0.378738 -0.839885 -0.839868 1.73935e-05
-0.378538 -0.839799 -0.839783 1.59015e-05
-0.378338 -0.839712 -0.839698 1.44095e-05
-0.378138 -0.839625 -0.839612 1.29177e-05
-0.377938 -0.839536 -0.839524 1.14259e-05
-0.377738 -0.839446 -0.839436 9.93432e-06
-0.377538 -0.839356 -0.839347 8.4429e-06
-0.377338 -0.839264 -0.839257 6.95167e-06
-0.377138 -0.839172 -0.839166 5.46065e-06
-0.376938 -0.839078 -0.839074 3.96986e-06
-0.376738 -0.838984 -0.838981 2.47932e-06
-0.376538 -0.838888 -0.838887 9.89063e-07
-0.376338 -0.838792 -0.838793 5.00899e-07
-0.376138 -0.838695 -0.838697 1.99054e-06
-0.375938 -0.838597 -0.8386 3.47984e-06
-0.375738 -0.838497 -0.838502 4.96878e-06
-0.375538 -0.838397 -0.838404 6.45734e-06
-0.375338 -0.838296 -0.838304 7.94549e-06
-0.375138 -0.838194 -0.838204 9.43322e-06
-0.374937 -0.838091 -0.838102 1.09205e-05
-0.374737 -0.837987 -0.838 1.24073e-05
-0.374537 -0.837882 -0.837896 1.38936e-05
-0.374337 -0.837776 -0.837792 1.53794e-05
-0.374137 -0.83767 -0.837686 1.68647e-05
-0.373937 -0.837562 -0.83758 1.83494e-05
-0.373737 -0.837453 -0.837473 1.98336e-05
-0.373537 -0.837343 -0.837365 2.13171e-05
-0.373337 -0.837233 -0.837256 2.28e-05
-0.373137 -0.837121 -0.837145 2.42823e-05
-0.372937 -0.837009 -0.837034 2.57639e-05
-0.372737 -0.836895 -0.836922 2.72449e-05
-0.372537 -0.836781 -0.836809 2.87251e-05
-0.372337 -0.836665 -0.836695 3.02046e-05
-0.372137 -0.836549 -0.83658 3.16834e-05
-0.371937 -0.836431 -0.836465 3.31614e-05
-0.371737 -0.836313 -0.836348 3.46386e-05
-0.371537 -0.836194 -0.83623 3.6115e-05
-0.371337 -0.836074 -0.836111 3.75905e-05
-0.371137 -0.835953 -0.835992 3.90652e-05
-0.370937 -0.83583 -0.835871 4.05391e-05
-0.370737 -0.835707 -0.835749 4.2012e-05
-0.370537 -0.835583 -0.835627 4.3484e-05
-0.370337 -0.835458 -0.835503 4.49551e-05
-0.370137 -0.835332 -0.835379 4.64252e-05
-0.369937 -0.835205 -0.835253 4.78944e-05
-0.369737 -0.835078 -0.835127 4.93625e-05
-0.369537 -0.834949 -0.835 5.08297e-05
-0.369337 -0.834819 -0.834871 5.22958e-05
-0.369137 -0.834688 -0.834742 5.37608e-05
-0.368937 -0.834556 -0.834612 5.52247e-05
-0.368737 -0.834424 -0.83448 5.66875e-05
-0.368537 -0.83429 -0.834348 5.81492e-05
-0.368337 -0.834156 -0.834215 5.96098e-05
-0.368137 -0.83402 -0.834081 6.10692e-05
-0.367937 -0.833884 -0.833946 6.25274e-05
-0.367737 -0.833746 -0.83381 6.39843e-05
-0.367537 -0.833608 -0.833673 6.54401e-05
-0.367337 -0.833468 -0.833535 6.68946e-05
-0.367137 -0.833328 -0.833396 6.83478e-05
-0.366937 -0.833187 -0.833256 6.97998e-05
-0.366737 -0.833044 -0.833116 7.12504e-05
-0.366537 -0.832901 -0.832974 7.26997e-05
-0.366337 -0.832757 -0.832831 7.41476e-05
-0.366137 -0.832612 -0.832687 7.55941e-05
-0.365937 -0.832466 -0.832543 7.70393e-05
-0.365737 -0.832319 -0.832397 7.8483e-05
-0.365537 -0.832171 -0.832251 7.99253e-05
-0.365337 -0.832022 -0.832103 8.13661e-05
-0.365137 -0.831872 -0.831955 8.28055e-05
-0.364936 -0.831721 -0.831805 8.42434e-05
-0.364736 -0.831569 -0.831655 8.56797e-05
-0.364536 -0.831416 -0.831503 8.71145e-05
-0.364336 -0.831262 -0.831351 8.85477e-05
-0.364136 -0.831108 -0.831198 8.99794e-05
-0.363936 -0.830952 -0.831043 9.14094e-05
-0.363736 -0.830795 -0.830888 9.28378e-05
-0.363536 -0.830638 -0.830732 9.42646e-05
-0.363336 -0.830479 -0.830575 9.56897e-05
-0.363136 -0.83032 -0.830417 9.71131e-05
-0.362936 -0.830159 -0.830258 9.85349e-05
-0.362736 -0.829998 -0.830097 9.99549e-05
-0.362536 -0.829835 -0.829936 0.000101373
-0.362336 -0.829672 -0.829775 0.00010279
-0.362136 -0.829507 -0.829612 0.000104204
-0.361936 -0.829342 -0.829448 0.000105617
-0.361736 -0.829176 -0.829283 0.000107028
-0.361536 -0.829009 -0.829117 0.000108438
-0.361336 -0.82884 -0.82895 0.000109845
-0.361136 -0.828671 -0.828782 0.00011125
-0.360936 -0.828501 -0.828614 0.000112654
-0.360736 -0.82833 -0.828444 0.000114056
-0.360536 -0.828158 -0.828273 0.000115455
-0.360336 -0.827985 -0.828102 0.000116853
-0.360136 -0.827811 -0.827929 0.000118249
-0.359936 -0.827636 -0.827756 0.000119642
-0.359736 -0.82746 -0.827581 0.000121034
-0.359536 -0.827283 -0.827406 0.000122424
-0.359336 -0.827106 -0.827229 0.000123811
-0.359136 -0.826927 -0.827052 0.000125197
-0.358936 -0.826747 -0.826874 0.00012658
-0.358736 -0.826566 -0.826694 0.000127962
-0.358536 -0.826385 -0.826514 0.000129341
-0.358336 -0.826202 -0.826333 0.000130718
-0.358136 -0.826018 -0.826151 0.000132093
-0.357936 -0.825834 -0.825967 0.000133465
-0.357736 -0.825648 -0.825783 0.000134836
-0.357536 -0.825462 -0.825598 0.000136204
-0.357336 -0.825274 -0.825412 0.00013757
-0.357136 -0.825086 -0.825225 0.000138933
-0.356936 -0.824897 -0.825037 0.000140295
-0.356736 -0.824706 -0.824848 0.000141654
-0.356536 -0.824515 -0.824658 0.00014301
-0.356336 -0.824323 -0.824467 0.000144364
-0.356136 -0.82413 -0.824275 0.000145716
-0.355936 -0.823936 -0.824083 0.000147066
-0.355736 -0.82374 -0.823889 0.000148413
-0.355536 -0.823544 -0.823694 0.000149758
-0.355336 -0.823347 -0.823498 0.0001511
-0.355136 -0.823149 -0.823302 0.00015244
-0.354935 -0.82295 -0.823104 0.000153777
-0.354735 -0.82275 -0.822905 0.000155112
-0.354535 -0.822549 -0.822706 0.000156444
-0.354335 -0.822348 -0.822505 0.000157774
-0.354135 -0.822145 -0.822304 0.000159101
-0.353935 -0.821941 -0.822101 0.000160425
-0.353735 -0.821736 -0.821898 0.000161747
-0.353535 -0.821531 -0.821694 0.000163066
-0.353335 -0.821324 -0.821488 0.000164383
-0.353135 -0.821116 -0.821282 0.000165697
-0.352935 -0.820908 -0.821075 0.000167008
-0.352735 -0.820698 -0.820866 0.000168317
-0.352535 -0.820488 -0.820657 0.000169623
-0.352335 -0.820276 -0.820447 0.000170926
-0.352135 -0.820064 -0.820236 0.000172226
-0.351935 -0.81985 -0.820024 0.000173524
-0.351735 -0.819636 -0.819811 0.000174819
-0.351535 -0.81942 -0.819597 0.000176111
-0.351335 -0.819204 -0.819382 0.0001774
-0.351135 -0.818987 -0.819166 0.000178687
-0.350935 -0.818769 -0.818949 0.00017997
-0.350735 -0.81855 -0.818731 0.000181251
-0.350535 -0.818329 -0.818512 0.000182529
-0.350335 -0.818108 -0.818292 0.000183804
-0.350135 -0.817886 -0.818071 0.000185075
-0.349935 -0.817663 -0.81785 0.000186344
-0.349735 -0.817439 -0.817627 0.00018761
-0.349535 -0.817214 -0.817403 0.000188873
-0.349335 -0.816988 -0.817178 0.000190133
-0.349135 -0.816761 -0.816953 0.00019139
-0.348935 -0.816534 -0.816726 0.000192644
-0.348735 -0.816305 -0.816499 0.000193895
-0.348535 -0.816075 -0.81627 0.000195143
-0.348335 -0.815844 -0.816041 0.000196388
-0.348135 -0.815613 -0.81581 0.000197629
-0.347935 -0.81538 -0.815579 0.000198868
-0.347735 -0.815146 -0.815346 0.000200103
-0.347535 -0.814912 -0.815113 0.000201335
-0.347335 -0.814676 -0.814879 0.000202564
-0.347135 -0.81444 -0.814644 0.00020379
-0.346935 -0.814202 -0.814407 0.000205013
-0.346735 -0.813964 -0.81417 0.000206232
-0.346535 -0.813725 -0.813932 0.000207448
-0.346335 -0.813484 -0.813693 0.000208661
-0.346135 -0.813243 -0.813453 0.000209871
-0.345935 -0.813001 -0.813212 0.000211077
-0.345735 -0.812757 -0.81297 0.00021228
-0.345535 -0.812513 -0.812727 0.000213479
-0.345335 -0.812268 -0.812483 0.000214676
-0.345135 -0.812022 -0.812238 0.000215869
-0.344934 -0.811775 -0.811992 0.000217058
-0.344734 -0.811527 -0.811745 0.000218244
-0.344534 -0.811278 -0.811497 0.000219427
-0.344334 -0.811028 -0.811249 0.000220606
-0.344134 -0.810777 -0.810999 0.000221782
-0.343934 -0.810525 -0.810748 0.000222954
-0.343734 -0.810272 -0.810497 0.000224123
-0.343534 -0.810019 -0.810244 0.000225289
-0.343334 -0.809764 -0.80999 0.000226451
-0.343134 -0.809508 -0.809736 0.000227609
-0.342934 -0.809252 -0.80948 0.000228764
-0.342734 -0.808994 -0.809224 0.000229915
-0.342534 -0.808735 -0.808966 0.000231063
-0.342334 -0.808476 -0.808708 0.000232207
-0.342134 -0.808215 -0.808449 0.000233347
-0.341934 -0.807954 -0.808188 0.000234484
-0.341734 -0.807691 -0.807927 0.000235617
-0.341534 -0.807428 -0.807665 0.000236747
-0.341334 -0.807164 -0.807402 0.000237873
-0.341134 -0.806898 -0.807137 0.000238995
-0.340934 -0.806632 -0.806872 0.000240113
-0.340734 -0.806365 -0.806606 0.000241228
-0.340534 -0.806097 -0.806339 0.000242339
-0.340334 -0.805828 -0.806071 0.000243446
-0.340134 -0.805557 -0.805802 0.00024455
-0.339934 -0.805286 -0.805532 0.000245649
-0.339734 -0.805014 -0.805261 0.000246745
-0.339534 -0.804741 -0.804989 0.000247837
-0.339334 -0.804467 -0.804716 0.000248926
-0.339134 -0.804193 -0.804443 0.00025001
-0.338934 -0.803917 -0.804168 0.000251091
-0.338734 -0.80364 -0.803892 0.000252167
-0.338534 -0.803362 -0.803615 0.00025324
-0.338334 -0.803083 -0.803338 0.000254309
-0.338134 -0.802804 -0.803059 0.000255374
-0.337934 -0.802523 -0.80278 0.000256435
-0.337734 -0.802242 -0.802499 0.000257492
-0.337534 -0.801959 -0.802217 0.000258545
-0.337334 -0.801675 -0.801935 0.000259594
-0.337134 -0.801391 -0.801652 0.00026064
-0.336934 -0.801106 -0.801367 0.000261681
-0.336734 -0.800819 -0.801082 0.000262718
-0.336534 -0.800532 -0.800796 0.000263751
-0.336334 -0.800244 -0.800508 0.00026478
-0.336134 -0.799954 -0.80022 0.000265805
-0.335934 -0.799664 -0.799931 0.000266826
-0.335734 -0.799373 -0.799641 0.000267843
-0.335534 -0.799081 -0.79935 0.000268856
-0.335334 -0.798788 -0.799058 0.000269864
-0.335134 -0.798494 -0.798765 0.000270869
-0.334933 -0.798199 -0.798471 0.000271869
-0.334733 -0.797903 -0.798176 0.000272865
-0.334533 -0.797606 -0.79788 0.000273857
-0.334333 -0.797308 -0.797583 0.000274845
-0.334133 -0.797009 -0.797285 0.000275829
-0.333933 -0.796709 -0.796986 0.000276808
-0.333733 -0.796409 -0.796686 0.000277783
-0.333533 -0.796107 -0.796386 0.000278754
-0.333333 -0.795804 -0.796084 0.000279721
-0.333133 -0.795501 -0.795781 0.000280683
-0.332933 -0.795196 -0.795478 0.000281641
-0.332733 -0.794891 -0.795173 0.000282595
-0.332533 -0.794584 -0.794868 0.000283545
-0.332333 -0.794277 -0.794561 0.00028449
-0.332133 -0.793969 -0.794254 0.000285431
-0.331933 -0.793659 -0.793946 0.000286367
-0.331733 -0.793349 -0.793636 0.000287299
-0.331533 -0.793038 -0.793326 0.000288227
-0.331333 -0.792726 -0.793015 0.000289151
-0.331133 -0.792412 -0.792703 0.00029007
-0.330933 -0.792098 -0.792389 0.000290984
-0.330733 -0.791783 -0.792075 0.000291894
-0.330533 -0.791467 -0.79176 0.0002928
-0.330333 -0.79115 -0.791444 0.000293701
-0.330133 -0.790833 -0.791127 0.000294598
-0.329933 -0.790514 -0.790809 0.000295491
-0.329733 -0.790194 -0.79049 0.000296378
-0.329533 -0.789873 -0.79017 0.000297262
-0.329333 -0.789551 -0.78985 0.000298141
-0.329133 -0.789229 -0.789528 0.000299015
-0.328933 -0.788905 -0.789205 0.000299885
-0.328733 -0.788581 -0.788881 0.00030075
-0.328533 -0.788255 -0.788557 0.000301611
-0.328333 -0.787929 -0.788231 0.000302467
-0.328133 -0.787601 -0.787905 0.000303319
-0.327933 -0.787273 -0.787577 0.000304166
-0.327733 -0.786944 -0.787249 0.000305008
-0.327533 -0.786613 -0.786919 0.000305846
-0.327333 -0.786282 -0.786589 0.000306679
-0.327133 -0.78595 -0.786258 0.000307507
-0.326933 -0.785617 -0.785925 0.000308331
-0.326733 -0.785283 -0.785592 0.00030915
-0.326533 -0.784948 -0.785258 0.000309965
-0.326333 -0.784612 -0.784923 0.000310775
-0.326133 -0.784275 -0.784587 0.00031158
-0.325933 -0.783937 -0.78425 0.00031238
-0.325733 -0.783598 -0.783912 0.000313176
-0.325533 -0.783259 -0.783573 0.000313967
-0.325333 -0.782918 -0.783233 0.000314753
-0.325133 -0.782576 -0.782892 0.000315535
-0.324932 -0.782234 -0.78255 0.000316312
-0.324732 -0.78189 -0.782207 0.000317084
-0.324532 -0.781546 -0.781864 0.000317851
-0.324332 -0.7812 -0.781519 0.000318614
-0.324132 -0.780854 -0.781173 0.000319371
-0.323932 -0.780507 -0.780827 0.000320124
-0.323732 -0.780158 -0.780479 0.000320872
-0.323532 -0.779809 -0.780131 0.000321615
-0.323332 -0.779459 -0.779781 0.000322354
-0.323132 -0.779108 -0.779431 0.000323087
-0.322932 -0.778756 -0.77908 0.000323816
-0.322732 -0.778403 -0.778727 0.00032454
-0.322532 -0.778049 -0.778374 0.000325258
-0.322332 -0.777694 -0.77802 0.000325972
-0.322132 -0.777338 -0.777665 0.000326682
-0.321932 -0.776981 -0.777309 0.000327386
-0.321732 -0.776624 -0.776952 0.000328085
-0.321532 -0.776265 -0.776594 0.00032878
-0.321332 -0.775905 -0.776235 0.000329469
-0.321132 -0.775545 -0.775875 0.000330153
-0.320932 -0.775183 -0.775514 0.000330833
-0.320732 -0.774821 -0.775152 0.000331508
-0.320532 -0.774458 -0.77479 0.000332177
-0.320332 -0.774093 -0.774426 0.000332842
-0.320132 -0.773728 -0.774062 0.000333502
-0.319932 -0.773362 -0.773696 0.000334156
-0.319732 -0.772995 -0.773329 0.000334806
-0.319532 -0.772627 -0.772962 0.000335451
-0.319332 -0.772258 -0.772594 0.00033609
-0.319132 -0.771888 -0.772224 0.000336725
-0.318932 -0.771517 -0.771854 0.000337354
-0.318732 -0.771145 -0.771483 0.000337979
-0.318532 -0.770772 -0.771111 0.000338598
-0.318332 -0.770398 -0.770737 0.000339213
-0.318132 -0.770024 -0.770363 0.000339822
-0.317932 -0.769648 -0.769988 0.000340426
-0.317732 -0.769271 -0.769612 0.000341025
-0.317532 -0.768894 -0.769236 0.000341619
-0.317332 -0.768515 -0.768858 0.000342208
-0.317132 -0.768136 -0.768479 0.000342792
-0.316932 -0.767756 -0.768099 0.000343371
-0.316732 -0.767375 -0.767718 0.000343944
-0.316532 -0.766992 -0.767337 0.000344513
-0.316332 -0.766609 -0.766954 0.000345076
-0.316132 -0.766225 -0.766571 0.000345634
-0.315932 -0.76584 -0.766186 0.000346187
-0.315732 -0.765454 -0.765801 0.000346735
-0.315532 -0.765067 -0.765415 0.000347278
-0.315332 -0.76468 -0.765027 0.000347815
-0.315132 -0.764291 -0.764639 0.000348348
-0.314931 -0.763901 -0.76425 0.000348875
-0.314731 -0.763511 -0.76386 0.000349397
-0.314531 -0.763119 -0.763469 0.000349913
-0.314331 -0.762726 -0.763077 0.000350425
-0.314131 -0.762333 -0.762684 0.000350931
-0.313931 -0.761939 -0.76229 0.000351432
-0.313731 -0.761543 -0.761895 0.000351928
-0.313531 -0.761147 -0.7615 0.000352419
-0.313331 -0.76075 -0.761103 0.000352904
-0.313131 -0.760352 -0.760705 0.000353384
-0.312931 -0.759953 -0.760307 0.000353859
-0.312731 -0.759553 -0.759907 0.000354328
-0.312531 -0.759152 -0.759507 0.000354793
-0.312331 -0.75875 -0.759106 0.000355252
-0.312131 -0.758348 -0.758703 0.000355705
-0.311931 -0.757944 -0.7583 0.000356154
-0.311731 -0.757539 -0.757896 0.000356597
-0.311531 -0.757134 -0.757491 0.000357035
-0.311331 -0.756727 -0.757085 0.000357468
-0.311131 -0.75632 -0.756678 0.000357895
-0.310931 -0.755911 -0.75627 0.000358317
-0.310731 -0.755502 -0.755861 0.000358733
-0.310531 -0.755092 -0.755451 0.000359145
-0.310331 -0.754681 -0.75504 0.000359551
-0.310131 -0.754269 -0.754629 0.000359951
-0.309931 -0.753856 -0.754216 0.000360347
-0.309731 -0.753442 -0.753803 0.000360737
-0.309531 -0.753027 -0.753388 0.000361121
-0.309331 -0.752611 -0.752973 0.0003615
-0.309131 -0.752195 -0.752556 0.000361874
-0.308931 -0.751777 -0.752139 0.000362243
-0.308731 -0.751358 -0.751721 0.000362606
-0.308531 -0.750939 -0.751302 0.000362964
-0.308331 -0.750518 -0.750882 0.000363316
-0.308131 -0.750097 -0.750461 0.000363663
-0.307931 -0.749675 -0.750039 0.000364005
-0.307731 -0.749252 -0.749616 0.000364341
-0.307531 -0.748828 -0.749192 0.000364672
-0.307331 -0.748403 -0.748768 0.000364998
-0.307131 -0.747977 -0.748342 0.000365318
-0.306931 -0.74755 -0.747915 0.000365632
-0.306731 -0.747122 -0.747488 0.000365942
-0.306531 -0.746693 -0.747059 0.000366245
-0.306331 -0.746264 -0.74663 0.000366544
-0.306131 -0.745833 -0.7462 0.000366837
-0.305931 -0.745401 -0.745769 0.000367124
-0.305731 -0.744969 -0.745336 0.000367407
-0.305531 -0.744536 -0.744903 0.000367683
-0.305331 -0.744101 -0.744469 0.000367955
-0.305131 -0.743666 -0.744035 0.00036822
-0.30493 -0.74323 -0.743599 0.000368481
-0.30473 -0.742793 -0.743162 0.000368736
-0.30453 -0.742355 -0.742724 0.000368985
-0.30433 -0.741916 -0.742286 0.00036923
-0.30413 -0.741477 -0.741846 0.000369468
-0.30393 -0.741036 -0.741406 0.000369701
-0.30373 -0.740594 -0.740964 0.000369929
-0.30353 -0.740152 -0.740522 0.000370151
-0.30333 -0.739708 -0.740079 0.000370368
-0.30313 -0.739264 -0.739634 0.00037058
-0.30293 -0.738819 -0.739189 0.000370785
-0.30273 -0.738372 -0.738743 0.000370986
-0.30253 -0.737925 -0.738296 0.000371181
-0.30233 -0.737477 -0.737849 0.00037137
-0.30213 -0.737028 -0.7374 0.000371554
-0.30193 -0.736578 -0.73695 0.000371733
-0.30173 -0.736128 -0.7365 0.000371906
-0.30153 -0.735676 -0.736048 0.000372074
-0.30133 -0.735223 -0.735596 0.000372236
-0.30113 -0.73477 -0.735142 0.000372392
-0.30093 -0.734315 -0.734688 0.000372543
-0.30073 -0.73386 -0.734233 0.000372689
-0.30053 -0.733404 -0.733776 0.000372829
-0.30033 -0.732946 -0.733319 0.000372964
-0.30013 -0.732488 -0.732861 0.000373093
-0.29993 -0.732029 -0.732403 0.000373217
-0.29973 -0.731569 -0.731943 0.000373335
-0.29953 -0.731109 -0.731482 0.000373448
-0.29933 -0.730647 -0.73102 0.000373555
-0.29913 -0.730184 -0.730558 0.000373657
-0.29893 -0.729721 -0.730094 0.000373753
-0.29873 -0.729256 -0.72963 0.000373844
-0.29853 -0.728791 -0.729165 0.000373929
-0.29833 -0.728325 -0.728699 0.000374009
-0.29813 -0.727857 -0.728231 0.000374083
-0.29793 -0.727389 -0.727763 0.000374152
-0.29773 -0.72692 -0.727294 0.000374215
-0.29753 -0.72645 -0.726825 0.000374273
-0.29733 -0.725979 -0.726354 0.000374325
-0.29713 -0.725508 -0.725882 0.000374372
-0.29693 -0.725035 -0.725409 0.000374413
-0.29673 -0.724562 -0.724936 0.000374449
-0.29653 -0.724087 -0.724462 0.000374479
-0.29633 -0.723612 -0.723986 0.000374504
-0.29613 -0.723135 -0.72351 0.000374523
-0.29593 -0.722658 -0.723033 0.000374537
-0.29573 -0.72218 -0.722555 0.000374546
-0.29553 -0.721701 -0.722076 0.000374548
-0.29533 -0.721221 -0.721596 0.000374546
-0.29513 -0.720741 -0.721115 0.000374538
-0.294929 -0.720259 -0.720633 0.000374524
-0.294729 -0.719776 -0.720151 0.000374505
-0.294529 -0.719293 -0.719667 0.00037448
-0.294329 -0.718808 -0.719183 0.00037445
-0.294129 -0.718323 -0.718698 0.000374415
-0.293929 -0.717837 -0.718211 0.000374374
-0.293729 -0.71735 -0.717724 0.000374327
-0.293529 -0.716862 -0.717236 0.000374275
-0.293329 -0.716373 -0.716747 0.000374217
-0.293129 -0.715883 -0.716257 0.000374154
-0.292929 -0.715393 -0.715767 0.000374086
-0.292729 -0.714901 -0.715275 0.000374012
-0.292529 -0.714408 -0.714782 0.000373933
-0.292329 -0.713915 -0.714289 0.000373848
-0.292129 -0.713421 -0.713795 0.000373757
-0.291929 -0.712926 -0.713299 0.000373662
-0.291729 -0.71243 -0.712803 0.00037356
-0.291529 -0.711933 -0.712306 0.000373454
-0.291329 -0.711435 -0.711808 0.000373341
-0.291129 -0.710936 -0.711309 0.000373224
-0.290929 -0.710436 -0.71081 0.000373101
-0.290729 -0.709936 -0.710309 0.000372972
-0.290529 -0.709434 -0.709807 0.000372838
-0.290329 -0.708932 -0.709305 0.000372698
-0.290129 -0.708429 -0.708801 0.000372554
-0.289929 -0.707925 -0.708297 0.000372403
-0.289729 -0.70742 -0.707792 0.000372247
-0.289529 -0.706914 -0.707286 0.000372086
-0.289329 -0.706407 -0.706779 0.000371919
-0.289129 -0.705899 -0.706271 0.000371747
-0.288929 -0.705391 -0.705763 0.00037157
-0.288729 -0.704881 -0.705253 0.000371387
-0.288529 -0.704371 -0.704742 0.000371198
-0.288329 -0.70386 -0.704231 0.000371005
-0.288129 -0.703348 -0.703719 0.000370806
-0.287929 -0.702835 -0.703205 0.000370601
-0.287729 -0.702321 -0.702691 0.000370391
-0.287529 -0.701806 -0.702176 0.000370175
-0.287329 -0.701291 -0.70166 0.000369955
-0.287129 -0.700774 -0.701144 0.000369728
-0.286929 -0.700257 -0.700626 0.000369497
-0.286729 -0.699738 -0.700108 0.00036926
-0.286529 -0.699219 -0.699588 0.000369018
-0.286329 -0.698699 -0.699068 0.00036877
-0.286129 -0.698178 -0.698547 0.000368517
-0.285929 -0.697656 -0.698024 0.000368258
-0.285729 -0.697133 -0.697501 0.000367994
-0.285529 -0.69661 -0.696978 0.000367725
-0.285329 -0.696085 -0.696453 0.000367451
-0.285129 -0.69556 -0.695927 0.000367171
-0.284928 -0.695034 -0.695401 0.000366885
-0.284728 -0.694507 -0.694873 0.000366595
-0.284528 -0.693979 -0.694345 0.000366299
-0.284328 -0.69345 -0.693816 0.000365998
-0.284128 -0.69292 -0.693286 0.000365691
-0.283928 -0.692389 -0.692755 0.000365379
-0.283728 -0.691858 -0.692223 0.000365062
-0.283528 -0.691325 -0.69169 0.000364739
-0.283328 -0.690792 -0.691157 0.000364412
-0.283128 -0.690258 -0.690622 0.000364078
-0.282928 -0.689723 -0.690087 0.00036374
-0.282728 -0.689187 -0.68955 0.000363396
-0.282528 -0.68865 -0.689013 0.000363047
-0.282328 -0.688113 -0.688475 0.000362693
-0.282128 -0.687574 -0.687936 0.000362333
-0.281928 -0.687035 -0.687397 0.000361969
-0.281728 -0.686494 -0.686856 0.000361599
-0.281528 -0.685953 -0.686314 0.000361223
-0.281328 -0.685411 -0.685772 0.000360843
-0.281128 -0.684868 -0.685229 0.000360457
-0.280928 -0.684325 -0.684685 0.000360066
-0.280728 -0.68378 -0.68414 0.00035967
-0.280528 -0.683234 -0.683594 0.000359268
-0.280328 -0.682688 -0.683047 0.000358861
-0.280128 -0.682141 -0.682499 0.000358449
-0.279928 -0.681593 -0.681951 0.000358032
-0.279728 -0.681044 -0.681401 0.00035761
-0.279528 -0.680494 -0.680851 0.000357183
-0.279328 -0.679943 -0.6803 0.00035675
-0.279128 -0.679392 -0.679748 0.000356312
-0.278928 -0.678839 -0.679195 0.000355869
-0.278728 -0.678286 -0.678641 0.000355421
-0.278528 -0.677732 -0.678087 0.000354967
-0.278328 -0.677177 -0.677531 0.000354509
-0.278128 -0.676621 -0.676975 0.000354045
-0.277928 -0.676064 -0.676418 0.000353577
-0.277728 -0.675506 -0.67586 0.000353103
-0.277528 -0.674948 -0.675301 0.000352624
-0.277328 -0.674389 -0.674741 0.00035214
-0.277128 -0.673828 -0.67418 0.000351651
-0.276928 -0.673267 -0.673619 0.000351156
-0.276728 -0.672705 -0.673056 0.000350657
-0.276528 -0.672143 -0.672493 0.000350152
-0.276328 -0.671579 -0.671929 0.000349643
-0.276128 -0.671015 -0.671364 0.000349128
-0.275928 -0.670449 -0.670798 0.000348609
-0.275728 -0.669883 -0.670231 0.000348084
-0.275528 -0.669316 -0.669663 0.000347554
-0.275328 -0.668748 -0.669095 0.00034702
-0.275128 -0.668179 -0.668526 0.00034648
-0.274927 -0.66761 -0.667955 0.000345935
-0.274727 -0.667039 -0.667384 0.000345385
-0.274527 -0.666468 -0.666813 0.000344831
-0.274327 -0.665896 -0.66624 0.000344271
-0.274127 -0.665322 -0.665666 0.000343706
-0.273927 -0.664749 -0.665092 0.000343136
-0.273727 -0.664174 -0.664516 0.000342562
-0.273527 -0.663598 -0.66394 0.000341982
-0.273327 -0.663022 -0.663363 0.000341398
-0.273127 -0.662444 -0.662785 0.000340808
-0.272927 -0.661866 -0.662206 0.000340214
-0.272727 -0.661287 -0.661627 0.000339614
-0.272527 -0.660707 -0.661046 0.00033901
-0.272327 -0.660127 -0.660465 0.000338401
-0.272127 -0.659545 -0.659883 0.000337787
-0.271927 -0.658963 -0.6593 0.000337168
-0.271727 -0.658379 -0.658716 0.000336544
-0.271527 -0.657795 -0.658131 0.000335916
-0.271327 -0.65721 -0.657546 0.000335282
-0.271127 -0.656625 -0.656959 0.000334644
-0.270927 -0.656038 -0.656372 0.000334001
-0.270727 -0.655451 -0.655784 0.000333353
-0.270527 -0.654862 -0.655195 0.0003327
-0.270327 -0.654273 -0.654605 0.000332043
-0.270127 -0.653683 -0.654014 0.000331381
-0.269927 -0.653092 -0.653423 0.000330713
-0.269727 -0.652501 -0.652831 0.000330042
-0.269527 -0.651908 -0.652237 0.000329365
-0.269327 -0.651315 -0.651643 0.000328684
-0.269127 -0.65072 -0.651048 0.000327997
-0.268927 -0.650125 -0.650453 0.000327307
-0.268727 -0.64953 -0.649856 0.000326611
-0.268527 -0.648933 -0.649259 0.000325911
-0.268327 -0.648335 -0.64866 0.000325206
-0.268127 -0.647737 -0.648061 0.000324496
-0.267927 -0.647138 -0.647461 0.000323782
-0.267727 -0.646538 -0.646861 0.000323063
-0.267527 -0.645937 -0.646259 0.00032234
-0.267327 -0.645335 -0.645657 0.000321611
-0.267127 -0.644732 -0.645053 0.000320878
-0.266927 -0.644129 -0.644449 0.000320141
-0.266727 -0.643525 -0.643844 0.000319399
-0.266527 -0.64292 -0.643238 0.000318652
-0.266327 -0.642314 -0.642632 0.000317901
-0.266127 -0.641707 -0.642024 0.000317145
-0.265927 -0.6411 -0.641416 0.000316385
-0.265727 -0.640491 -0.640807 0.00031562
-0.265527 -0.639882 -0.640197 0.00031485
-0.265327 -0.639272 -0.639586 0.000314076
-0.265127 -0.638661 -0.638974 0.000313298
-0.264926 -0.638049 -0.638362 0.000312515
-0.264726 -0.637437 -0.637749 0.000311727
-0.264526 -0.636824 -0.637135 0.000310935
-0.264326 -0.636209 -0.63652 0.000310139
-0.264126 -0.635594 -0.635904 0.000309338
-0.263926 -0.634979 -0.635287 0.000308533
-0.263726 -0.634362 -0.63467 0.000307723
-0.263526 -0.633745 -0.634051 0.000306909
-0.263326 -0.633126 -0.633432 0.00030609
-0.263126 -0.632507 -0.632812 0.000305267
-0.262926 -0.631887 -0.632192 0.00030444
-0.262726 -0.631267 -0.63157 0.000303608
-0.262526 -0.630645 -0.630948 0.000302772
-0.262326 -0.630023 -0.630325 0.000301932
-0.262126 -0.629399 -0.6297 0.000301087
-0.261926 -0.628775 -0.629076 0.000300238
-0.261726 -0.628151 -0.62845 0.000299385
-0.261526 -0.627525 -0.627823 0.000298527
-0.261326 -0.626898 -0.627196 0.000297665
-0.261126 -0.626271 -0.626568 0.000296799
-0.260926 -0.625643 -0.625939 0.000295929
-0.260726 -0.625014 -0.625309 0.000295054
-0.260526 -0.624384 -0.624679 0.000294175
-0.260326 -0.623754 -0.624047 0.000293292
-0.260126 -0.623123 -0.623415 0.000292405
-0.259926 -0.62249 -0.622782 0.000291513
-0.259726 -0.621857 -0.622148 0.000290617
-0.259526 -0.621224 -0.621513 0.000289718
-0.259326 -0.620589 -0.620878 0.000288814
-0.259126 -0.619954 -0.620242 0.000287906
-0.258926 -0.619317 -0.619604 0.000286993
-0.258726 -0.61868 -0.618967 0.000286077
-0.258526 -0.618043 -0.618328 0.000285157
-0.258326 -0.617404 -0.617688 0.000284232
-0.258126 -0.616765 -0.617048 0.000283304
-0.257926 -0.616124 -0.616407 0.000282371
-0.257726 -0.615483 -0.615765 0.000281434
-0.257526 -0.614841 -0.615122 0.000280494
-0.257326 -0.614199 -0.614478 0.000279549
-0.257126 -0.613555 -0.613834 0.0002786
-0.256926 -0.612911 -0.613189 0.000277648
-0.256726 -0.612266 -0.612543 0.000276691
-0.256526 -0.61162 -0.611896 0.000275731
-0.256326 -0.610974 -0.611248 0.000274766
-0.256126 -0.610326 -0.6106 0.000273798
-0.255926 -0.609678 -0.609951 0.000272826
-0.255726 -0.609029 -0.609301 0.000271849
-0.255526 -0.608379 -0.60865 0.000270869
-0.255326 -0.607728 -0.607998 0.000269885
-0.255126 -0.607077 -0.607346 0.000268898
-0.254925 -0.606425 -0.606693 0.000267906
-0.254725 -0.605772 -0.606039 0.000266911
-0.254525 -0.605118 -0.605384 0.000265911
-0.254325 -0.604463 -0.604728 0.000264908
-0.254125 -0.603808 -0.604072 0.000263902
-0.253925 -0.603152 -0.603415 0.000262891
-0.253725 -0.602495 -0.602757 0.000261877
-0.253525 -0.601837 -0.602098 0.000260859
-0.253325 -0.601178 -0.601438 0.000259837
-0.253125 -0.600519 -0.600778 0.000258812
-0.252925 -0.599859 -0.600117 0.000257783
-0.252725 -0.599198 -0.599455 0.00025675
-0.252525 -0.598536 -0.598792 0.000255713
-0.252325 -0.597874 -0.598128 0.000254673
-0.252125 -0.59721 -0.597464 0.00025363
-0.251925 -0.596546 -0.596799 0.000252582
-0.251725 -0.595881 -0.596133 0.000251532
-0.251525 -0.595216 -0.595466 0.000250477
-0.251325 -0.594549 -0.594799 0.000249419
-0.251125 -0.593882 -0.59413 0.000248358
-0.250925 -0.593214 -0.593461 0.000247293
-0.250725 -0.592545 -0.592792 0.000246224
-0.250525 -0.591876 -0.592121 0.000245152
-0.250325 -0.591205 -0.59145 0.000244076
-0.250125 -0.590534 -0.590777 0.000242997
-0.249925 -0.589862 -0.590104 0.000241915
-0.249725 -0.58919 -0.589431 0.000240829
-0.249525 -0.588516 -0.588756 0.00023974
-0.249325 -0.587842 -0.588081 0.000238647
-0.249125 -0.587167 -0.587405 0.000237551
-0.248925 -0.586491 -0.586728 0.000236451
-0.248725 -0.585815 -0.58605 0.000235349
-0.248525 -0.585137 -0.585372 0.000234242
-0.248325 -0.584459 -0.584693 0.000233133
-0.248125 -0.583781 -0.584013 0.00023202
-0.247925 -0.583101 -0.583332 0.000230904
-0.247725 -0.58242 -0.58265 0.000229785
-0.247525 -0.581739 -0.581968 0.000228662
-0.247325 -0.581057 -0.581285 0.000227537
-0.247125 -0.580375 -0.580601 0.000226408
-0.246925 -0.579691 -0.579916 0.000225275
-0.246725 -0.579007 -0.579231 0.00022414
-0.246525 -0.578322 -0.578545 0.000223001
-0.246325 -0.577636 -0.577858 0.00022186
-0.246125 -0.57695 -0.57717 0.000220715
-0.245925 -0.576262 -0.576482 0.000219567
-0.245725 -0.575574 -0.575793 0.000218416
-0.245525 -0.574885 -0.575103 0.000217262
-0.245325 -0.574196 -0.574412 0.000216104
-0.245125 -0.573505 -0.57372 0.000214944
-0.244924 -0.572814 -0.573028 0.000213781
-0.244724 -0.572122 -0.572335 0.000212615
-0.244524 -0.57143 -0.571641 0.000211445
-0.244324 -0.570736 -0.570947 0.000210273
-0.244124 -0.570042 -0.570251 0.000209098
-0.243924 -0.569347 -0.569555 0.00020792
-0.243724 -0.568652 -0.568858 0.000206738
-0.243524 -0.567955 -0.568161 0.000205554
-0.243324 -0.567258 -0.567462 0.000204368
-0.243124 -0.56656 -0.566763 0.000203178
-0.242924 -0.565861 -0.566063 0.000201985
-0.242724 -0.565162 -0.565363 0.00020079
-0.242524 -0.564462 -0.564661 0.000199591
-0.242324 -0.563761 -0.563959 0.00019839
-0.242124 -0.563059 -0.563256 0.000197186
-0.241924 -0.562357 -0.562553 0.00019598
-0.241724 -0.561654 -0.561848 0.00019477
-0.241524 -0.56095 -0.561143 0.000193558
-0.241324 -0.560245 -0.560437 0.000192343
-0.241124 -0.55954 -0.559731 0.000191125
-0.240924 -0.558833 -0.559023 0.000189905
-0.240724 -0.558126 -0.558315 0.000188682
-0.240524 -0.557419 -0.557606 0.000187457
-0.240324 -0.55671 -0.556897 0.000186229
-0.240124 -0.556001 -0.556186 0.000184998
-0.239924 -0.555291 -0.555475 0.000183764
-0.239724 -0.554581 -0.554763 0.000182528
-0.239524 -0.553869 -0.554051 0.00018129
-0.239324 -0.553157 -0.553337 0.000180049
-0.239124 -0.552444 -0.552623 0.000178805
-0.238924 -0.551731 -0.551908 0.000177559
-0.238724 -0.551016 -0.551193 0.000176311
-0.238524 -0.550301 -0.550476 0.00017506
-0.238324 -0.549586 -0.549759 0.000173806
-0.238124 -0.548869 -0.549042 0.00017255
-0.237924 -0.548152 -0.548323 0.000171292
-0.237724 -0.547434 -0.547604 0.000170031
-0.237524 -0.546715 -0.546884 0.000168768
-0.237324 -0.545996 -0.546163 0.000167503
-0.237124 -0.545275 -0.545442 0.000166235
-0.236924 -0.544554 -0.544719 0.000164965
-0.236724 -0.543833 -0.543997 0.000163693
-0.236524 -0.54311 -0.543273 0.000162418
-0.236324 -0.542387 -0.542548 0.000161141
-0.236124 -0.541663 -0.541823 0.000159862
-0.235924 -0.540939 -0.541097 0.000158581
-0.235724 -0.540214 -0.540371 0.000157297
-0.235524 -0.539488 -0.539644 0.000156011
-0.235324 -0.538761 -0.538916 0.000154723
-0.235124 -0.538033 -0.538187 0.000153433
-0.234923 -0.537305 -0.537457 0.000152141
-0.234723 -0.536576 -0.536727 0.000150847
-0.234523 -0.535847 -0.535996 0.000149551
-0.234323 -0.535116 -0.535265 0.000148252
-0.234123 -0.534385 -0.534532 0.000146952
-0.233923 -0.533653 -0.533799 0.000145649
-0.233723 -0.532921 -0.533065 0.000144345
-0.233523 -0.532188 -0.532331 0.000143038
-0.233323 -0.531454 -0.531595 0.00014173
-0.233123 -0.530719 -0.530859 0.000140419
-0.232923 -0.529984 -0.530123 0.000139107
-0.232723 -0.529248 -0.529385 0.000137792
-0.232523 -0.528511 -0.528647 0.000136476
-0.232323 -0.527773 -0.527908 0.000135158
-0.232123 -0.527035 -0.527169 0.000133838
-0.231923 -0.526296 -0.526429 0.000132516
-0.231723 -0.525556 -0.525688 0.000131193
-0.231523 -0.524816 -0.524946 0.000129867
-0.231323 -0.524075 -0.524203 0.00012854
-0.231123 -0.523333 -0.52346 0.000127211
-0.230923 -0.522591 -0.522717 0.000125881
-0.230723 -0.521848 -0.521972 0.000124548
-0.230523 -0.521104 -0.521227 0.000123214
-0.230323 -0.520359 -0.520481 0.000121878
-0.230123 -0.519614 -0.519734 0.000120541
-0.229923 -0.518868 -0.518987 0.000119202
-0.229723 -0.518121 -0.518239 0.000117861
-0.229523 -0.517374 -0.51749 0.000116518
-0.229323 -0.516625 -0.516741 0.000115174
-0.229123 -0.515877 -0.51599 0.000113829
-0.228923 -0.515127 -0.51524 0.000112482
-0.228723 -0.514377 -0.514488 0.000111133
-0.228523 -0.513626 -0.513736 0.000109783
-0.228323 -0.512874 -0.512983 0.000108432
-0.228123 -0.512122 -0.512229 0.000107079
-0.227923 -0.511369 -0.511475 0.000105724
-0.227723 -0.510615 -0.51072 0.000104368
-0.227523 -0.509861 -0.509964 0.000103011
-0.227323 -0.509106 -0.509208 0.000101652
-0.227123 -0.50835 -0.50845 0.000100292
-0.226923 -0.507594 -0.507693 9.89305e-05
-0.226723 -0.506837 -0.506934 9.75677e-05
-0.226523 -0.506079 -0.506175 9.62036e-05
-0.226323 -0.50532 -0.505415 9.48382e-05
-0.226123 -0.504561 -0.504655 9.34715e-05
-0.225923 -0.503801 -0.503893 9.21036e-05
-0.225723 -0.503041 -0.503131 9.07345e-05
-0.225523 -0.502279 -0.502369 8.93641e-05
-0.225323 -0.501517 -0.501605 8.79926e-05
-0.225123 -0.500755 -0.500841 8.66199e-05
-0.224922 -0.499991 -0.500077 8.5246e-05
-0.224722 -0.499227 -0.499311 8.3871e-05
-0.224522 -0.498463 -0.498545 8.24949e-05
-0.224322 -0.497697 -0.497778 8.11177e-05
-0.224122 -0.496931 -0.497011 7.97394e-05
-0.223922 -0.496165 -0.496243 7.83601e-05
-0.223722 -0.495397 -0.495474 7.69797e-05
-0.223522 -0.494629 -0.494705 7.55984e-05
-0.223322 -0.49386 -0.493935 7.4216e-05
-0.223122 -0.493091 -0.493164 7.28327e-05
-0.222922 -0.492321 -0.492392 7.14484e-05
-0.222722 -0.49155 -0.49162 7.00632e-05
-0.222522 -0.490779 -0.490847 6.86771e-05
-0.222322 -0.490007 -0.490074 6.729e-05
-0.222122 -0.489234 -0.4893 6.59022e-05
-0.221922 -0.48846 -0.488525 6.45134e-05
-0.221722 -0.487686 -0.487749 6.31239e-05
-0.221522 -0.486911 -0.486973 6.17335e-05
-0.221322 -0.486136 -0.486196 6.03423e-05
-0.221122 -0.48536 -0.485419 5.89504e-05
-0.220922 -0.484583 -0.484641 5.75577e-05
-0.220722 -0.483806 -0.483862 5.61643e-05
-0.220522 -0.483027 -0.483082 5.47702e-05
-0.220322 -0.482249 -0.482302 5.33754e-05
-0.220122 -0.481469 -0.481521 5.19799e-05
-0.219922 -0.480689 -0.48074 5.05838e-05
-0.219722 -0.479908 -0.479958 4.91871e-05
-0.219522 -0.479127 -0.479175 4.77897e-05
-0.219322 -0.478345 -0.478391 4.63918e-05
-0.219122 -0.477562 -0.477607 4.49933e-05
-0.218922 -0.476779 -0.476822 4.35942e-05
-0.218722 -0.475995 -0.476037 4.21946e-05
-0.218522 -0.47521 -0.475251 4.07946e-05
-0.218322 -0.474425 -0.474464 3.9394e-05
-0.218122 -0.473639 -0.473677 3.79929e-05
-0.217922 -0.472852 -0.472889 3.65915e-05
-0.217722 -0.472065 -0.4721 3.51896e-05
-0.217522 -0.471277 -0.47131 3.37873e-05
-0.217322 -0.470488 -0.47052 3.23846e-05
-0.217122 -0.469699 -0.46973 3.09815e-05
-0.216922 -0.468909 -0.468938 2.95781e-05
-0.216722 -0.468118 -0.468146 2.81744e-05
-0.216522 -0.467327 -0.467354 2.67704e-05
-0.216322 -0.466535 -0.466561 2.53661e-05
-0.216122 -0.465743 -0.465767 2.39615e-05
-0.215922 -0.46495 -0.464972 2.25567e-05
-0.215722 -0.464156 -0.464177 2.11517e-05
-0.215522 -0.463361 -0.463381 1.97464e-05
-0.215322 -0.462566 -0.462585 1.8341e-05
-0.215122 -0.461771 -0.461788 1.69354e-05
-0.214921 -0.460974 -0.46099 1.55297e-05
-0.214721 -0.460177 -0.460191 1.41239e-05
-0.214521 -0.45938 -0.459392 1.2718e-05
-0.214321 -0.458581 -0.458593 1.1312e-05
-0.214121 -0.457782 -0.457792 9.90592e-06
-0.213921 -0.456983 -0.456991 8.49982e-06
-0.213721 -0.456183 -0.45619 7.0937e-06
-0.213521 -0.455382 -0.455388 5.68759e-06
-0.213321 -0.454581 -0.454585 4.28149e-06
-0.213121 -0.453778 -0.453781 2.87545e-06
-0.212921 -0.452976 -0.452977 1.46946e-06
-0.212721 -0.452172 -0.452173 6.35657e-08
-0.212521 -0.451369 -0.451367 1.34223e-06
-0.212321 -0.450564 -0.450561 2.7479e-06
-0.212121 -0.449759 -0.449755 4.15342e-06
-0.211921 -0.448953 -0.448947 5.55878e-06
-0.211721 -0.448146 -0.448139 6.96395e-06
-0.211521 -0.447339 -0.447331 8.36891e-06
-0.211321 -0.446532 -0.446522 9.77365e-06
-0.211121 -0.445723 -0.445712 1.11781e-05
-0.210921 -0.444914 -0.444902 1.25824e-05
-0.210721 -0.444105 -0.444091 1.39863e-05
-0.210521 -0.443295 -0.443279 1.53899e-05
-0.210321 -0.442484 -0.442467 1.67932e-05
-0.210121 -0.441672 -0.441654 1.81962e-05
-0.209921 -0.44086 -0.440841 1.95988e-05
-0.209721 -0.440048 -0.440027 2.1001e-05
-0.209521 -0.439234 -0.439212 2.24027e-05
-0.209321 -0.438421 -0.438397 2.38041e-05
-0.209121 -0.437606 -0.437581 2.5205e-05
-0.208921 -0.436791 -0.436764 2.66054e-05
-0.208721 -0.435975 -0.435947 2.80054e-05
-0.208521 -0.435159 -0.43513 2.94048e-05
-0.208321 -0.434342 -0.434311 3.08037e-05
-0.208121 -0.433524 -0.433492 3.22021e-05
-0.207921 -0.432706 -0.432673 3.35998e-05
-0.207721 -0.431888 -0.431853 3.4997e-05
-0.207521 -0.431068 -0.431032 3.63936e-05
-0.207321 -0.430248 -0.43021 3.77895e-05
-0.207121 -0.429428 -0.429388 3.91848e-05
-0.206921 -0.428606 -0.428566 4.05795e-05
-0.206721 -0.427785 -0.427743 4.19734e-05
-0.206521 -0.426962 -0.426919 4.33666e-05
-0.206321 -0.426139 -0.426095 4.47591e-05
-0.206121 -0.425316 -0.42527 4.61508e-05
-0.205921 -0.424492 -0.424444 4.75418e-05
-0.205721 -0.423667 -0.423618 4.89319e-05
-0.205521 -0.422841 -0.422791 5.03213e-05
-0.205321 -0.422015 -0.421964 5.17098e-05
-0.205121 -0.421189 -0.421136 5.30975e-05
-0.20492 -0.420362 -0.420307 5.44843e-05
-0.20472 -0.419534 -0.419478 5.58702e-05
-0.20452 -0.418706 -0.418648 5.72552e-05
-0.20432 -0.417877 -0.417818 5.86392e-05
-0.20412 -0.417047 -0.416987 6.00223e-05
-0.20392 -0.416217 -0.416156 6.14045e-05
-0.20372 -0.415386 -0.415324 6.27856e-05
-0.20352 -0.414555 -0.414491 6.41657e-05
-0.20332 -0.413723 -0.413658 6.55448e-05
-0.20312 -0.412891 -0.412824 6.69229e-05
-0.20292 -0.412058 -0.411989 6.82999e-05
-0.20272 -0.411224 -0.411154 6.96757e-05
-0.20252 -0.41039 -0.410319 7.10505e-05
-0.20232 -0.409555 -0.409483 7.24241e-05
-0.20212 -0.40872 -0.408646 7.37966e-05
-0.20192 -0.407884 -0.407809 7.51679e-05
-0.20172 -0.407047 -0.406971 7.65381e-05
-0.20152 -0.40621 -0.406132 7.7907e-05
-0.20132 -0.405373 -0.405293 7.92747e-05
-0.20112 -0.404534 -0.404454 8.06411e-05
-0.20092 -0.403695 -0.403613 8.20063e-05
-0.20072 -0.402856 -0.402773 8.33701e-05
-0.20052 -0.402016 -0.401931 8.47327e-05
-0.20032 -0.401176 -0.401089 8.60939e-05
-0.20012 -0.400334 -0.400247 8.74538e-05
-0.19992 -0.399493 -0.399404 8.88123e-05
-0.19972 -0.39865 -0.39856 9.01695e-05
-0.19952 -0.397808 -0.397716 9.15252e-05
-0.19932 -0.396964 -0.396871 9.28795e-05
-0.19912 -0.39612 -0.396026 9.42324e-05
-0.19892 -0.395276 -0.39518 9.55837e-05
-0.19872 -0.394431 -0.394334 9.69337e-05
-0.19852 -0.393585 -0.393487 9.82821e-05
-0.19832 -0.392739 -0.392639 9.96289e-05
-0.19812 -0.391892 -0.391791 0.000100974
-0.19792 -0.391045 -0.390942 0.000102318
-0.19772 -0.390197 -0.390093 0.00010366
-0.19752 -0.389348 -0.389243 0.000105001
-0.19732 -0.388499 -0.388393 0.00010634
-0.19712 -0.38765 -0.387542 0.000107677
-0.19692 -0.3868 -0.386691 0.000109013
-0.19672 -0.385949 -0.385839 0.000110347
-0.19652 -0.385098 -0.384986 0.000111679
-0.19632 -0.384246 -0.384133 0.00011301
-0.19612 -0.383394 -0.383279 0.000114339
-0.19592 -0.382541 -0.382425 0.000115666
-0.19572 -0.381687 -0.38157 0.000116991
-0.19552 -0.380834 -0.380715 0.000118314
-0.19532 -0.379979 -0.379859 0.000119636
-0.19512 -0.379124 -0.379003 0.000120956
-0.194919 -0.378268 -0.378146 0.000122274
-0.194719 -0.377412 -0.377289 0.00012359
-0.194519 -0.376555 -0.376431 0.000124905
-0.194319 -0.375698 -0.375572 0.000126217
-0.194119 -0.37484 -0.374713 0.000127527
-0.193919 -0.373982 -0.373853 0.000128836
-0.193719 -0.373123 -0.372993 0.000130142
-0.193519 -0.372264 -0.372132 0.000131447
-0.193319 -0.371404 -0.371271 0.00013275
-0.193119 -0.370543 -0.370409 0.00013405
-0.192919 -0.369682 -0.369547 0.000135349
-0.192719 -0.368821 -0.368684 0.000136645
-0.192519 -0.367959 -0.367821 0.00013794
-0.192319 -0.367096 -0.366957 0.000139232
-0.192119 -0.366233 -0.366093 0.000140522
-0.191919 -0.365369 -0.365228 0.00014181
-0.191719 -0.364505 -0.364362 0.000143096
-0.191519 -0.36364 -0.363496 0.00014438
-0.191319 -0.362775 -0.36263 0.000145661
-0.191119 -0.361909 -0.361762 0.000146941
-0.190919 -0.361043 -0.360895 0.000148218
-0.190719 -0.360176 -0.360027 0.000149493
-0.190519 -0.359309 -0.359158 0.000150765
-0.190319 -0.358441 -0.358289 0.000152036
-0.190119 -0.357573 -0.357419 0.000153304
-0.189919 -0.356704 -0.356549 0.000154569
-0.189719 -0.355834 -0.355678 0.000155833
-0.189519 -0.354964 -0.354807 0.000157094
-0.189319 -0.354094 -0.353935 0.000158352
-0.189119 -0.353223 -0.353063 0.000159609
-0.188919 -0.352351 -0.35219 0.000160863
-0.188719 -0.351479 -0.351317 0.000162114
-0.188519 -0.350607 -0.350443 0.000163363
-0.188319 -0.349734 -0.349569 0.00016461
-0.188119 -0.34886 -0.348694 0.000165854
-0.187919 -0.347986 -0.347819 0.000167096
-0.187719 -0.347111 -0.346943 0.000168335
-0.187519 -0.346236 -0.346067 0.000169571
-0.187319 -0.345361 -0.34519 0.000170805
-0.187119 -0.344485 -0.344313 0.000172037
-0.186919 -0.343608 -0.343435 0.000173266
-0.186719 -0.342731 -0.342556 0.000174492
-0.186519 -0.341853 -0.341678 0.000175716
-0.186319 -0.340975 -0.340798 0.000176937
-0.186119 -0.340097 -0.339918 0.000178155
-0.185919 -0.339217 -0.339038 0.000179371
-0.185719 -0.338338 -0.338157 0.000180584
-0.185519 -0.337458 -0.337276 0.000181794
-0.185319 -0.336577 -0.336394 0.000183002
-0.185119 -0.335696 -0.335512 0.000184207
-0.184918 -0.334814 -0.334629 0.000185409
-0.184718 -0.333932 -0.333746 0.000186608
-0.184518 -0.33305 -0.332862 0.000187805
-0.184318 -0.332167 -0.331978 0.000188998
-0.184118 -0.331283 -0.331093 0.000190189
-0.183918 -0.330399 -0.330208 0.000191377
-0.183718 -0.329514 -0.329322 0.000192563
-0.183518 -0.328629 -0.328436 0.000193745
-0.183318 -0.327744 -0.327549 0.000194924
-0.183118 -0.326858 -0.326662 0.000196101
-0.182918 -0.325971 -0.325774 0.000197275
-0.182718 -0.325084 -0.324886 0.000198445
-0.182518 -0.324197 -0.323997 0.000199613
-0.182318 -0.323309 -0.323108 0.000200778
-0.182118 -0.322421 -0.322219 0.000201939
-0.181918 -0.321532 -0.321329 0.000203098
-0.181718 -0.320642 -0.320438 0.000204254
-0.181518 -0.319752 -0.319547 0.000205407
-0.181318 -0.318862 -0.318655 0.000206556
-0.181118 -0.317971 -0.317764 0.000207703
-0.180918 -0.31708 -0.316871 0.000208846
-0.180718 -0.316188 -0.315978 0.000209987
-0.180518 -0.315296 -0.315085 0.000211124
-0.180318 -0.314403 -0.314191 0.000212258
-0.180118 -0.31351 -0.313297 0.000213389
-0.179918 -0.312616 -0.312402 0.000214517
-0.179718 -0.311722 -0.311507 0.000215641
-0.179518 -0.310828 -0.310611 0.000216763
-0.179318 -0.309933 -0.309715 0.000217881
-0.179118 -0.309037 -0.308818 0.000218996
-0.178918 -0.308141 -0.307921 0.000220107
-0.178718 -0.307245 -0.307024 0.000221216
-0.178518 -0.306348 -0.306126 0.000222321
-0.178318 -0.30545 -0.305227 0.000223423
-0.178118 -0.304553 -0.304328 0.000224521
-0.177918 -0.303654 -0.303429 0.000225616
-0.177718 -0.302756 -0.302529 0.000226708
-0.177518 -0.301856 -0.301629 0.000227797
-0.177318 -0.300957 -0.300728 0.000228882
-0.177118 -0.300057 -0.299827 0.000229963
-0.176918 -0.299156 -0.298925 0.000231042
-0.176718 -0.298255 -0.298023 0.000232116
-0.176518 -0.297354 -0.297121 0.000233188
-0.176318 -0.296452 -0.296218 0.000234256
-0.176118 -0.295549 -0.295314 0.00023532
-0.175918 -0.294647 -0.29441 0.000236381
-0.175718 -0.293743 -0.293506 0.000237439
-0.175518 -0.29284 -0.292601 0.000238493
-0.175318 -0.291936 -0.291696 0.000239543
-0.175118 -0.291031 -0.29079 0.00024059
-0.174917 -0.290126 -0.289884 0.000241634
-0.174717 -0.28922 -0.288978 0.000242673
-0.174517 -0.288315 -0.288071 0.00024371
-0.174317 -0.287408 -0.287163 0.000244742
-0.174117 -0.286501 -0.286256 0.000245771
-0.173917 -0.285594 -0.285347 0.000246797
-0.173717 -0.284687 -0.284439 0.000247818
-0.173517 -0.283778 -0.28353 0.000248836
-0.173317 -0.28287 -0.28262 0.000249851
-0.173117 -0.281961 -0.28171 0.000250861
-0.172917 -0.281052 -0.2808 0.000251868
-0.172717 -0.280142 -0.279889 0.000252872
-0.172517 -0.279232 -0.278978 0.000253871
-0.172317 -0.278321 -0.278066 0.000254867
-0.172117 -0.27741 -0.277154 0.000255859
-0.171917 -0.276498 -0.276241 0.000256847
-0.171717 -0.275586 -0.275328 0.000257832
-0.171517 -0.274674 -0.274415 0.000258812
-0.171317 -0.273761 -0.273501 0.000259789
-0.171117 -0.272848 -0.272587 0.000260762
-0.170917 -0.271934 -0.271672 0.000261731
-0.170717 -0.27102 -0.270757 0.000262696
-0.170517 -0.270106 -0.269842 0.000263658
-0.170317 -0.269191 -0.268926 0.000264615
-0.170117 -0.268275 -0.26801 0.000265569
-0.169917 -0.26736 -0.267093 0.000266519
-0.169717 -0.266443 -0.266176 0.000267465
-0.169517 -0.265527 -0.265258 0.000268406
-0.169317 -0.26461 -0.264341 0.000269344
-0.169117 -0.263692 -0.263422 0.000270278
-0.168917 -0.262775 -0.262503 0.000271208
-0.168717 -0.261856 -0.261584 0.000272134
-0.168517 -0.260938 -0.260665 0.000273056
-0.168317 -0.260019 -0.259745 0.000273974
-0.168117 -0.259099 -0.258825 0.000274888
-0.167917 -0.25818 -0.257904 0.000275798
-0.167717 -0.257259 -0.256983 0.000276704
-0.167517 -0.256339 -0.256061 0.000277605
-0.167317 -0.255418 -0.255139 0.000278503
-0.167117 -0.254496 -0.254217 0.000279396
-0.166917 -0.253574 -0.253294 0.000280286
-0.166717 -0.252652 -0.252371 0.000281171
-0.166517 -0.251729 -0.251447 0.000282052
-0.166317 -0.250806 -0.250523 0.000282929
-0.166117 -0.249883 -0.249599 0.000283802
-0.165917 -0.248959 -0.248674 0.000284671
-0.165717 -0.248035 -0.247749 0.000285535
-0.165517 -0.24711 -0.246824 0.000286396
-0.165317 -0.246185 -0.245898 0.000287252
-0.165117 -0.24526 -0.244972 0.000288104
-0.164916 -0.244334 -0.244045 0.000288951
-0.164716 -0.243408 -0.243118 0.000289795
-0.164516 -0.242481 -0.242191 0.000290634
-0.164316 -0.241554 -0.241263 0.000291469
-0.164116 -0.240627 -0.240335 0.0002923
-0.163916 -0.239699 -0.239406 0.000293126
-0.163716 -0.238771 -0.238477 0.000293948
-0.163516 -0.237843 -0.237548 0.000294766
-0.163316 -0.236914 -0.236618 0.000295579
-0.163116 -0.235985 -0.235688 0.000296388
-0.162916 -0.235055 -0.234758 0.000297193
-0.162716 -0.234125 -0.233827 0.000297993
-0.162516 -0.233195 -0.232896 0.000298789
-0.162316 -0.232264 -0.231965 0.000299581
-0.162116 -0.231333 -0.231033 0.000300368
-0.161916 -0.230402 -0.2301 0.000301151
-0.161716 -0.22947 -0.229168 0.000301929
-0.161516 -0.228538 -0.228235 0.000302703
-0.161316 -0.227605 -0.227302 0.000303472
-0.161116 -0.226672 -0.226368 0.000304237
-0.160916 -0.225739 -0.225434 0.000304998
-0.160716 -0.224805 -0.224499 0.000305754
-0.160516 -0.223871 -0.223565 0.000306506
-0.160316 -0.222937 -0.222629 0.000307253
-0.160116 -0.222002 -0.221694 0.000307996
-0.159916 -0.221067 -0.220758 0.000308734
-0.159716 -0.220131 -0.219822 0.000309467
-0.159516 -0.219195 -0.218885 0.000310196
-0.159316 -0.218259 -0.217948 0.000310921
-0.159116 -0.217323 -0.217011 0.000311641
-0.158916 -0.216386 -0.216073 0.000312356
-0.158716 -0.215448 -0.215135 0.000313067
-0.158516 -0.214511 -0.214197 0.000313774
-0.158316 -0.213573 -0.213258 0.000314475
-0.158116 -0.212635 -0.212319 0.000315172
-0.157916 -0.211696 -0.21138 0.000315865
-0.157716 -0.210757 -0.21044 0.000316553
-0.157516 -0.209818 -0.2095 0.000317236
-0.157316 -0.208878 -0.20856 0.000317914
-0.157116 -0.207938 -0.207619 0.000318588
-0.156916 -0.206997 -0.206678 0.000319258
-0.156716 -0.206057 -0.205737 0.000319922
-0.156516 -0.205116 -0.204795 0.000320582
-0.156316 -0.204174 -0.203853 0.000321237
-0.156116 -0.203232 -0.20291 0.000321888
-0.155916 -0.20229 -0.201968 0.000322534
-0.155716 -0.201348 -0.201025 0.000323175
-0.155516 -0.200405 -0.200081 0.000323811
-0.155316 -0.199462 -0.199138 0.000324443
-0.155116 -0.198519 -0.198193 0.00032507
-0.154915 -0.197575 -0.197249 0.000325692
-0.154715 -0.196631 -0.196304 0.000326309
-0.154515 -0.195686 -0.195359 0.000326922
-0.154315 -0.194741 -0.194414 0.00032753
-0.154115 -0.193796 -0.193468 0.000328133
-0.153915 -0.192851 -0.192522 0.000328731
-0.153715 -0.191905 -0.191576 0.000329324
-0.153515 -0.190959 -0.190629 0.000329913
-0.153315 -0.190013 -0.189682 0.000330497
-0.153115 -0.189066 -0.188735 0.000331076
-0.152915 -0.188119 -0.187787 0.00033165
-0.152715 -0.187172 -0.186839 0.000332219
-0.152515 -0.186224 -0.185891 0.000332784
-0.152315 -0.185276 -0.184943 0.000333344
-0.152115 -0.184328 -0.183994 0.000333898
-0.151915 -0.183379 -0.183045 0.000334448
-0.151715 -0.18243 -0.182095 0.000334993
-0.151515 -0.181481 -0.181145 0.000335533
-0.151315 -0.180531 -0.180195 0.000336069
-0.151115 -0.179581 -0.179245 0.000336599
-0.150915 -0.178631 -0.178294 0.000337124
-0.150715 -0.177681 -0.177343 0.000337645
-0.150515 -0.17673 -0.176392 0.00033816
-0.150315 -0.175779 -0.17544 0.000338671
-0.150115 -0.174827 -0.174488 0.000339177
-0.149915 -0.173876 -0.173536 0.000339678
-0.149715 -0.172924 -0.172584 0.000340173
-0.149515 -0.171971 -0.171631 0.000340664
-0.149315 -0.171019 -0.170678 0.00034115
-0.149115 -0.170066 -0.169724 0.000341631
-0.148915 -0.169113 -0.168771 0.000342107
-0.148715 -0.168159 -0.167817 0.000342578
-0.148515 -0.167205 -0.166862 0.000343044
-0.148315 -0.166251 -0.165908 0.000343505
-0.148115 -0.165297 -0.164953 0.000343961
-0.147915 -0.164342 -0.163998 0.000344412
-0.147715 -0.163387 -0.163042 0.000344858
-0.147515 -0.162432 -0.162087 0.000345299
-0.147315 -0.161476 -0.161131 0.000345734
-0.147115 -0.160521 -0.160174 0.000346165
-0.146915 -0.159564 -0.159218 0.000346591
-0.146715 -0.158608 -0.158261 0.000347012
-0.146515 -0.157651 -0.157304 0.000347427
-0.146315 -0.156694 -0.156347 0.000347838
-0.146115 -0.155737 -0.155389 0.000348244
-0.145915 -0.15478 -0.154431 0.000348644
-0.145715 -0.153822 -0.153473 0.00034904
-0.145515 -0.152864 -0.152514 0.00034943
-0.145315 -0.151905 -0.151555 0.000349815
-0.145115 -0.150947 -0.150596 0.000350195
-0.144914 -0.149988 -0.149637 0.00035057
-0.144714 -0.149029 -0.148678 0.00035094
-0.144514 -0.148069 -0.147718 0.000351305
-0.144314 -0.147109 -0.146758 0.000351665
-0.144114 -0.146149 -0.145797 0.00035202
-0.143914 -0.145189 -0.144837 0.000352369
-0.143714 -0.144228 -0.143876 0.000352713
-0.143514 -0.143268 -0.142915 0.000353053
-0.143314 -0.142307 -0.141953 0.000353387
-0.143114 -0.141345 -0.140991 0.000353716
-0.142914 -0.140384 -0.14003 0.00035404
-0.142714 -0.139422 -0.139067 0.000354358
-0.142514 -0.13846 -0.138105 0.000354672
-0.142314 -0.137497 -0.137142 0.00035498
-0.142114 -0.136534 -0.136179 0.000355283
-0.141914 -0.135572 -0.135216 0.000355581
-0.141714 -0.134608 -0.134253 0.000355874
-0.141514 -0.133645 -0.133289 0.000356162
-0.141314 -0.132681 -0.132325 0.000356445
-0.141114 -0.131717 -0.131361 0.000356722
-0.140914 -0.130753 -0.130396 0.000356994
-0.140714 -0.129789 -0.129432 0.000357261
-0.140514 -0.128824 -0.128467 0.000357523
-0.140314 -0.127859 -0.127501 0.00035778
-0.140114 -0.126894 -0.126536 0.000358031
-0.139914 -0.125929 -0.12557 0.000358277
-0.139714 -0.124963 -0.124604 0.000358518
-0.139514 -0.123997 -0.123638 0.000358754
-0.139314 -0.123031 -0.122672 0.000358985
-0.139114 -0.122064 -0.121705 0.00035921
-0.138914 -0.121098 -0.120738 0.00035943
-0.138714 -0.120131 -0.119771 0.000359645
-0.138514 -0.119164 -0.118804 0.000359855
-0.138314 -0.118196 -0.117836 0.000360059
-0.138114 -0.117229 -0.116869 0.000360259
-0.137914 -0.116261 -0.115901 0.000360453
-0.137714 -0.115293 -0.114932 0.000360641
-0.137514 -0.114325 -0.113964 0.000360825
-0.137314 -0.113356 -0.112995 0.000361003
-0.137114 -0.112388 -0.112026 0.000361176
-0.136914 -0.111419 -0.111057 0.000361344
-0.136714 -0.110449 -0.110088 0.000361507
-0.136514 -0.10948 -0.109118 0.000361664
-0.136314 -0.10851 -0.108148 0.000361816
-0.136114 -0.10754 -0.107178 0.000361963
-0.135914 -0.10657 -0.106208 0.000362105
-0.135714 -0.1056 -0.105238 0.000362241
-0.135514 -0.10463 -0.104267 0.000362373
-0.135314 -0.103659 -0.103296 0.000362498
-0.135114 -0.102688 -0.102325 0.000362619
-0.134913 -0.101717 -0.101354 0.000362734
-0.134713 -0.100745 -0.100382 0.000362845
-0.134513 -0.0997736 -0.0994107 0.000362949
-0.134313 -0.0988018 -0.0984387 0.000363049
-0.134113 -0.0978298 -0.0974666 0.000363143
-0.133913 -0.0968575 -0.0964943 0.000363232
-0.133713 -0.0958851 -0.0955218 0.000363316
-0.133513 -0.0949124 -0.094549 0.000363395
-0.133313 -0.0939395 -0.0935761 0.000363468
-0.133113 -0.0929665 -0.0926029 0.000363536
-0.132913 -0.0919932 -0.0916296 0.000363599
-0.132713 -0.0910197 -0.090656 0.000363656
-0.132513 -0.090046 -0.0896823 0.000363708
-0.132313 -0.0890721 -0.0887084 0.000363755
-0.132113 -0.0880981 -0.0877343 0.000363797
-0.131913 -0.0871238 -0.0867599 0.000363833
-0.131713 -0.0861493 -0.0857854 0.000363865
-0.131513 -0.0851746 -0.0848107 0.00036389
-0.131313 -0.0841998 -0.0838358 0.000363911
-0.131113 -0.0832247 -0.0828608 0.000363926
-0.130913 -0.0822494 -0.0818855 0.000363936
-0.130713 -0.081274 -0.08091 0.000363941
-0.130513 -0.0802984 -0.0799344 0.000363941
-0.130313 -0.0793225 -0.0789586 0.000363935
-0.130113 -0.0783465 -0.0779826 0.000363924
-0.129913 -0.0773703 -0.0770064 0.000363908
-0.129713 -0.0763939 -0.07603 0.000363886
-0.129513 -0.0754174 -0.0750535 0.000363859
-0.129313 -0.0744406 -0.0740768 0.000363827
-0.129113 -0.0734637 -0.0730999 0.00036379
-0.128913 -0.0724866 -0.0721228 0.000363747
-0.128713 -0.0715093 -0.0711456 0.0003637
-0.128513 -0.0705318 -0.0701681 0.000363647
-0.128313 -0.0695541 -0.0691906 0.000363588
-0.128113 -0.0685763 -0.0682128 0.000363525
-0.127913 -0.0675983 -0.0672349 0.000363456
-0.127713 -0.0666202 -0.0662568 0.000363382
-0.127513 -0.0656418 -0.0652785 0.000363302
-0.127313 -0.0646633 -0.0643001 0.000363218
-0.127113 -0.0636846 -0.0633215 0.000363128
-0.126913 -0.0627058 -0.0623427 0.000363032
-0.126713 -0.0617267 -0.0613638 0.000362932
-0.126513 -0.0607475 -0.0603847 0.000362826
-0.126313 -0.0597682 -0.0594055 0.000362716
-0.126113 -0.0587887 -0.0584261 0.0003626
-0.125913 -0.057809 -0.0574465 0.000362478
-0.125713 -0.0568292 -0.0564668 0.000362352
-0.125513 -0.0558492 -0.0554869 0.00036222
-0.125313 -0.054869 -0.0545069 0.000362083
-0.125113 -0.0538887 -0.0535268 0.00036194
-0.124912 -0.0529082 -0.0525464 0.000361793
-0.124712 -0.0519276 -0.051566 0.00036164
-0.124512 -0.0509468 -0.0505853 0.000361482
-0.124312 -0.0499659 -0.0496046 0.000361319
-0.124112 -0.0489848 -0.0486236 0.000361151
-0.123912 -0.0480036 -0.0476426 0.000360977
-0.123712 -0.0470222 -0.0466614 0.000360798
-0.123512 -0.0460406 -0.04568 0.000360614
-0.123312 -0.045059 -0.0446985 0.000360425
-0.123112 -0.0440771 -0.0437169 0.000360231
-0.122912 -0.0430952 -0.0427351 0.000360031
-0.122712 -0.042113 -0.0417532 0.000359826
-0.122512 -0.0411308 -0.0407712 0.000359616
-0.122312 -0.0401484 -0.039789 0.000359401
-0.122112 -0.0391659 -0.0388067 0.000359181
-0.121912 -0.0381832 -0.0378242 0.000358955
-0.121712 -0.0372004 -0.0368416 0.000358724
-0.121512 -0.0362174 -0.0358589 0.000358488
-0.121312 -0.0352343 -0.0348761 0.000358247
-0.121112 -0.0342511 -0.0338931 0.000358001
-0.120912 -0.0332678 -0.03291 0.00035775
-0.120712 -0.0322843 -0.0319268 0.000357493
-0.120512 -0.0313007 -0.0309435 0.000357231
-0.120312 -0.0303169 -0.02996 0.000356964
-0.120112 -0.0293331 -0.0289764 0.000356692
-0.119912 -0.0283491 -0.0279927 0.000356415
-0.119712 -0.027365 -0.0270088 0.000356133
-0.119512 -0.0263807 -0.0260249 0.000355846
-0.119312 -0.0253964 -0.0250408 0.000355553
-0.119112 -0.0244119 -0.0240566 0.000355255
-0.118912 -0.0234273 -0.0230723 0.000354953
-0.118712 -0.0224426 -0.0220879 0.000354645
-0.118512 -0.0214577 -0.0211034 0.000354332
-0.118312 -0.0204728 -0.0201187 0.000354014
-0.118112 -0.0194877 -0.019134 0.00035369
-0.117912 -0.0185025 -0.0181491 0.000353362
-0.117712 -0.0175172 -0.0171642 0.000353029
-0.117512 -0.0165318 -0.0161791 0.00035269
-0.117312 -0.0155462 -0.0151939 0.000352347
-0.117112 -0.0145606 -0.0142086 0.000351998
-0.116912 -0.0135749 -0.0132232 0.000351644
-0.116712 -0.012589 -0.0122377 0.000351286
-0.116512 -0.0116031 -0.0112522 0.000350922
-0.116312 -0.010617 -0.0102665 0.000350553
-0.116112 -0.00963085 -0.00928067 0.000350179
-0.115912 -0.00864459 -0.00829479 0.0003498
-0.115712 -0.00765822 -0.00730881 0.000349416
-0.115512 -0.00667176 -0.00632273 0.000349027
-0.115312 -0.0056852 -0.00533656 0.000348633
-0.115112 -0.00469854 -0.0043503 0.000348234
-0.114911 -0.00371178 -0.00336395 0.00034783
-0.114711 -0.00272493 -0.00237751 0.000347421
-0.114511 -0.00173799 -0.00139098 0.000347007
-0.114311 -0.000750952 -0.000404364 0.000346588
-0.114111 0.000236176 0.00058234 0.000346164
-0.113911 0.00122339 0.00156913 0.000345735
-0.113711 0.0022107 0.002556 0.000345301
-0.113511 0.00319809 0.00354295 0.000344862
-0.113311 0.00418557 0.00452999 0.000344418
-0.113111 0.00517314 0.00551711 0.00034397
-0.112911 0.00616078 0.0065043 0.000343516
-0.112711 0.00714852 0.00749157 0.000343057
-0.112511 0.00813633 0.00847892 0.000342594
-0.112311 0.00912422 0.00946634 0.000342125
-0.112111 0.0101122 0.0104538 0.000341652
-0.111911 0.0111002 0.0114414 0.000341173
-0.111711 0.0120884 0.0124291 0.00034069
-0.111511 0.0130766 0.0134168 0.000340202
-0.111311 0.0140648 0.0144045 0.000339709
-0.111111 0.0150532 0.0153924 0.000339211
-0.110911 0.0160416 0.0163803 0.000338708
-0.110711 0.0170301 0.0173683 0.000338201
-0.110511 0.0180187 0.0183563 0.000337688
-0.110311 0.0190073 0.0193445 0.000337171
-0.110111 0.019996 0.0203326 0.000336649
-0.109911 0.0209847 0.0213209 0.000336122
-0.109711 0.0219736 0.0223091 0.00033559
-0.109511 0.0229624 0.0232975 0.000335053
-0.109311 0.0239514 0.0242859 0.000334512
-0.109111 0.0249404 0.0252744 0.000333966
-0.108911 0.0259295 0.0262629 0.000333415
-0.108711 0.0269186 0.0272514 0.000332859
-0.108511 0.0279078 0.0282401 0.000332298
-0.108311 0.028897 0.0292287 0.000331733
-0.108111 0.0298863 0.0302175 0.000331163
-0.107911 0.0308756 0.0312062 0.000330588
-0.107711 0.031865 0.0321951 0.000330008
-0.107511 0.0328545 0.0331839 0.000329424
-0.107311 0.033844 0.0341728 0.000328835
-0.107111 0.0348335 0.0351618 0.000328241
-0.106911 0.0358231 0.0361508 0.000327643
-0.106711 0.0368128 0.0371398 0.00032704
-0.106511 0.0378025 0.0381289 0.000326432
-0.106311 0.0387922 0.039118 0.00032582
-0.106111 0.039782 0.0401072 0.000325203
-0.105911 0.0407718 0.0410963 0.000324581
-0.105711 0.0417616 0.0420856 0.000323954
-0.105511 0.0427515 0.0430748 0.000323323
-0.105311 0.0437414 0.0440641 0.000322688
-0.105111 0.0447314 0.0450534 0.000322047
-0.10491 0.0457214 0.0460428 0.000321403
-0.10471 0.0467114 0.0470322 0.000320753
-0.10451 0.0477015 0.0480216 0.000320099
-0.10431 0.0486916 0.049011 0.00031944
-0.10411 0.0496817 0.0500005 0.000318777
-0.10391 0.0506719 0.05099 0.000318109
-0.10371 0.051662 0.0519795 0.000317437
-0.10351 0.0526522 0.052969 0.00031676
-0.10331 0.0536425 0.0539586 0.000316079
-0.10311 0.0546327 0.0549481 0.000315393
-0.10291 0.055623 0.0559377 0.000314702
-0.10271 0.0566133 0.0569273 0.000314008
-0.10251 0.0576036 0.0579169 0.000313308
-0.10231 0.058594 0.0589066 0.000312604
-0.10211 0.0595843 0.0598962 0.000311896
-0.10191 0.0605747 0.0608859 0.000311183
-0.10171 0.0615651 0.0618756 0.000310466
-0.10151 0.0625555 0.0628652 0.000309744
-0.10131 0.0635459 0.0638549 0.000309018
-0.10111 0.0645363 0.0648446 0.000308288
-0.10091 0.0655268 0.0658343 0.000307553
-0.10071 0.0665172 0.066824 0.000306814
-0.10051 0.0675077 0.0678137 0.00030607
-0.10031 0.0684981 0.0688035 0.000305322
-0.10011 0.0694886 0.0697932 0.00030457
-0.09991 0.0704791 0.0707829 0.000303813
-0.09971 0.0714695 0.0717726 0.000303052
-0.09951 0.07246 0.0727623 0.000302287
-0.0993099 0.0734505 0.073752 0.000301517
-0.0991099 0.074441 0.0747417 0.000300743
-0.0989099 0.0754314 0.0757314 0.000299965
-0.0987099 0.0764219 0.0767211 0.000299182
-0.0985099 0.0774124 0.0777108 0.000298395
-0.0983098 0.0784028 0.0787004 0.000297604
-0.0981098 0.0793933 0.0796901 0.000296809
-0.0979098 0.0803837 0.0806797 0.00029601
-0.0977098 0.0813742 0.0816694 0.000295206
-0.0975098 0.0823646 0.082659 0.000294398
-0.0973097 0.083355 0.0836486 0.000293586
-0.0971097 0.0843454 0.0846382 0.00029277
-0.0969097 0.0853358 0.0856277 0.000291949
-0.0967097 0.0863261 0.0866173 0.000291125
-0.0965097 0.0873165 0.0876068 0.000290296
-0.0963096 0.0883068 0.0885963 0.000289463
-0.0961096 0.0892971 0.0895858 0.000288626
-0.0959096 0.0902874 0.0905752 0.000287785
-0.0957096 0.0912777 0.0915647 0.00028694
-0.0955096 0.092268 0.0925541 0.000286091
-0.0953095 0.0932582 0.0935434 0.000285238
-0.0951095 0.0942484 0.0945328 0.00028438
-0.0949095 0.0952386 0.0955221 0.000283519
-0.0947095 0.0962287 0.0965114 0.000282654
-0.0945095 0.0972188 0.0975006 0.000281784
-0.0943094 0.0982089 0.0984898 0.000280911
-0.0941094 0.099199 0.099479 0.000280033
-0.0939094 0.100189 0.100468 0.000279152
-0.0937094 0.101179 0.101457 0.000278267
-0.0935094 0.102169 0.102446 0.000277378
-0.0933093 0.103159 0.103435 0.000276484
-0.0931093 0.104149 0.104424 0.000275587
-0.0929093 0.105139 0.105413 0.000274686
-0.0927093 0.106128 0.106402 0.000273781
-0.0925093 0.107118 0.107391 0.000272873
-0.0923092 0.108108 0.10838 0.00027196
-0.0921092 0.109098 0.109369 0.000271043
-0.0919092 0.110087 0.110357 0.000270123
-0.0917092 0.111077 0.111346 0.000269199
-0.0915092 0.112066 0.112335 0.000268271
-0.0913091 0.113056 0.113323 0.000267339
-0.0911091 0.114045 0.114312 0.000266404
-0.0909091 0.115035 0.1153 0.000265464
-0.0907091 0.116024 0.116288 0.000264521
-0.0905091 0.117013 0.117277 0.000263574
-0.090309 0.118002 0.118265 0.000262624
-0.090109 0.118992 0.119253 0.00026167
-0.089909 0.119981 0.120241 0.000260712
-0.089709 0.12097 0.121229 0.00025975
-0.089509 0.121959 0.122218 0.000258785
-0.0893089 0.122948 0.123205 0.000257816
-0.0891089 0.123937 0.124193 0.000256843
-0.0889089 0.124925 0.125181 0.000255867
-0.0887089 0.125914 0.126169 0.000254887
-0.0885089 0.126903 0.127157 0.000253904
-0.0883088 0.127891 0.128144 0.000252917
-0.0881088 0.12888 0.129132 0.000251926
-0.0879088 0.129868 0.130119 0.000250932
-0.0877088 0.130857 0.131107 0.000249934
-0.0875088 0.131845 0.132094 0.000248933
-0.0873087 0.132833 0.133081 0.000247929
-0.0871087 0.133821 0.134068 0.00024692
-0.0869087 0.13481 0.135055 0.000245909
-0.0867087 0.135798 0.136043 0.000244894
-0.0865087 0.136786 0.137029 0.000243875
-0.0863086 0.137773 0.138016 0.000242853
-0.0861086 0.138761 0.139003 0.000241828
-0.0859086 0.139749 0.13999 0.000240799
-0.0857086 0.140737 0.140976 0.000239767
-0.0855086 0.141724 0.141963 0.000238731
-0.0853085 0.142712 0.142949 0.000237692
-0.0851085 0.143699 0.143936 0.00023665
-0.0849085 0.144686 0.144922 0.000235605
-0.0847085 0.145673 0.145908 0.000234556
-0.0845085 0.14666 0.146894 0.000233504
-0.0843084 0.147647 0.14788 0.000232448
-0.0841084 0.148634 0.148866 0.000231389
-0.0839084 0.149621 0.149851 0.000230328
-0.0837084 0.150608 0.150837 0.000229262
-0.0835084 0.151595 0.151823 0.000228194
-0.0833083 0.152581 0.152808 0.000227122
-0.0831083 0.153567 0.153793 0.000226048
-0.0829083 0.154554 0.154779 0.00022497
-0.0827083 0.15554 0.155764 0.000223889
-0.0825083 0.156526 0.156749 0.000222805
-0.0823082 0.157512 0.157734 0.000221717
-0.0821082 0.158498 0.158719 0.000220627
-0.0819082 0.159484 0.159703 0.000219533
-0.0817082 0.16047 0.160688 0.000218437
-0.0815082 0.161455 0.161672 0.000217337
-0.0813081 0.162441 0.162657 0.000216235
-0.0811081 0.163426 0.163641 0.000215129
-0.0809081 0.164411 0.164625 0.00021402
-0.0807081 0.165396 0.165609 0.000212909
-0.0805081 0.166381 0.166593 0.000211794
-0.080308 0.167366 0.167577 0.000210677
-0.080108 0.168351 0.168561 0.000209556
-0.079908 0.169336 0.169544 0.000208433
-0.079708 0.17032 0.170528 0.000207306
-0.079508 0.171305 0.171511 0.000206177
-0.0793079 0.172289 0.172494 0.000205045
-0.0791079 0.173273 0.173477 0.00020391
-0.0789079 0.174257 0.17446 0.000202772
-0.0787079 0.175241 0.175443 0.000201632
-0.0785079 0.176225 0.176426 0.000200489
-0.0783078 0.177209 0.177408 0.000199342
-0.0781078 0.178192 0.17839 0.000198194
-0.0779078 0.179176 0.179373 0.000197042
-0.0777078 0.180159 0.180355 0.000195888
-0.0775078 0.181142 0.181337 0.00019473
-0.0773077 0.182125 0.182319 0.000193571
-0.0771077 0.183108 0.1833 0.000192408
-0.0769077 0.184091 0.184282 0.000191243
-0.0767077 0.185073 0.185263 0.000190075
-0.0765077 0.186056 0.186245 0.000188905
-0.0763076 0.187038 0.187226 0.000187732
-0.0761076 0.18802 0.188207 0.000186556
-0.0759076 0.189002 0.189188 0.000185378
-0.0757076 0.189984 0.190168 0.000184198
-0.0755076 0.190966 0.191149 0.000183014
-0.0753075 0.191948 0.192129 0.000181828
-0.0751075 0.192929 0.19311 0.00018064
-0.0749075 0.19391 0.19409 0.000179449
-0.0747075 0.194891 0.19507 0.000178256
-0.0745075 0.195872 0.196049 0.000177061
-0.0743074 0.196853 0.197029 0.000175862
-0.0741074 0.197834 0.198009 0.000174662
-0.0739074 0.198814 0.198988 0.000173459
-0.0737074 0.199795 0.199967 0.000172254
-0.0735074 0.200775 0.200946 0.000171046
-0.0733073 0.201755 0.201925 0.000169836
-0.0731073 0.202735 0.202904 0.000168624
-0.0729073 0.203715 0.203882 0.000167409
-0.0727073 0.204694 0.204861 0.000166192
-0.0725073 0.205674 0.205839 0.000164973
-0.0723072 0.206653 0.206817 0.000163752
-0.0721072 0.207632 0.207795 0.000162528
-0.0719072 0.208611 0.208772 0.000161302
-0.0717072 0.20959 0.20975 0.000160074
-0.0715072 0.210568 0.210727 0.000158844
-0.0713071 0.211547 0.211704 0.000157611
-0.0711071 0.212525 0.212681 0.000156377
-0.0709071 0.213503 0.213658 0.00015514
-0.0707071 0.214481 0.214635 0.000153901
-0.0705071 0.215459 0.215611 0.00015266
-0.070307 0.216436 0.216587 0.000151417
-0.070107 0.217413 0.217564 0.000150172
-0.069907 0.218391 0.218539 0.000148925
-0.069707 0.219368 0.219515 0.000147676
-0.069507 0.220344 0.220491 0.000146425
-0.0693069 0.221321 0.221466 0.000145172
-0.0691069 0.222297 0.222441 0.000143917
-0.0689069 0.223274 0.223416 0.00014266
-0.0687069 0.22425 0.224391 0.000141401
-0.0685069 0.225226 0.225366 0.000140141
-0.0683068 0.226201 0.22634 0.000138878
-0.0681068 0.227177 0.227314 0.000137614
-0.0679068 0.228152 0.228288 0.000136347
-0.0677068 0.229127 0.229262 0.000135079
-0.0675068 0.230102 0.230236 0.000133809
-0.0673067 0.231077 0.231209 0.000132538
-0.0671067 0.232051 0.232182 0.000131264
-0.0669067 0.233025 0.233155 0.000129989
-0.0667067 0.234 0.234128 0.000128712
-0.0665067 0.234974 0.235101 0.000127433
-0.0663066 0.235947 0.236073 0.000126153
-0.0661066 0.236921 0.237046 0.000124871
-0.0659066 0.237894 0.238018 0.000123587
-0.0657066 0.238867 0.238989 0.000122302
-0.0655066 0.23984 0.239961 0.000121015
-0.0653065 0.240813 0.240932 0.000119726
-0.0651065 0.241785 0.241904 0.000118436
-0.0649065 0.242757 0.242875 0.000117144
-0.0647065 0.243729 0.243845 0.000115851
-0.0645065 0.244701 0.244816 0.000114556
-0.0643064 0.245673 0.245786 0.00011326
-0.0641064 0.246644 0.246756 0.000111962
-0.0639064 0.247615 0.247726 0.000110663
-0.0637064 0.248586 0.248696 0.000109363
-0.0635064 0.249557 0.249665 0.000108061
-0.0633063 0.250528 0.250634 0.000106757
-0.0631063 0.251498 0.251603 0.000105452
-0.0629063 0.252468 0.252572 0.000104146
-0.0627063 0.253438 0.253541 0.000102839
-0.0625063 0.254408 0.254509 0.00010153
-0.0623062 0.255377 0.255477 0.00010022
-0.0621062 0.256346 0.256445 9.89081e-05
-0.0619062 0.257315 0.257413 9.75953e-05
-0.0617062 0.258284 0.25838 9.62814e-05
-0.0615062 0.259252 0.259347 9.49662e-05
-0.0613061 0.260221 0.260314 9.36497e-05
-0.0611061 0.261189 0.261281 9.23321e-05
-0.0609061 0.262156 0.262247 9.10134e-05
-0.0607061 0.263124 0.263214 8.96935e-05
-0.0605061 0.264091 0.26418 8.83724e-05
-0.060306 0.265058 0.265145 8.70503e-05
-0.060106 0.266025 0.266111 8.5727e-05
-0.059906 0.266992 0.267076 8.44027e-05
-0.059706 0.267958 0.268041 8.30774e-05
-0.059506 0.268924 0.269006 8.1751e-05
-0.0593059 0.26989 0.269971 8.04236e-05
-0.0591059 0.270856 0.270935 7.90952e-05
-0.0589059 0.271821 0.271899 7.77658e-05
-0.0587059 0.272786 0.272863 7.64355e-05
-0.0585059 0.273751 0.273826 7.51042e-05
-0.0583058 0.274716 0.27479 7.37721e-05
-0.0581058 0.27568 0.275753 7.2439e-05
-0.0579058 0.276644 0.276715 7.11051e-05
-0.0577058 0.277608 0.277678 6.97703e-05
-0.0575058 0.278572 0.27864 6.84347e-05
-0.0573057 0.279535 0.279602 6.70983e-05
-0.0571057 0.280498 0.280564 6.57611e-05
-0.0569057 0.281461 0.281525 6.44231e-05
-0.0567057 0.282424 0.282487 6.30843e-05
-0.0565057 0.283386 0.283448 6.17449e-05
-0.0563056 0.284348 0.284408 6.04047e-05
-0.0561056 0.28531 0.285369 5.90638e-05
-0.0559056 0.286271 0.286329 5.77223e-05
-0.0557056 0.287233 0.287289 5.638e-05
-0.0555056 0.288194 0.288249 5.50372e-05
-0.0553055 0.289154 0.289208 5.36938e-05
-0.0551055 0.290115 0.290167 5.23497e-05
-0.0549055 0.291075 0.291126 5.10051e-05
-0.0547055 0.292035 0.292084 4.96599e-05
-0.0545055 0.292994 0.293043 4.83142e-05
-0.0543054 0.293954 0.294001 4.6968e-05
-0.0541054 0.294913 0.294958 4.56213e-05
-0.0539054 0.295872 0.295916 4.42741e-05
-0.0537054 0.29683 0.296873 4.29265e-05
-0.0535054 0.297788 0.29783 4.15785e-05
-0.0533053 0.298746 0.298787 4.023e-05
-0.0531053 0.299704 0.299743 3.88811e-05
-0.0529053 0.300661 0.300699 3.75319e-05
-0.0527053 0.301619 0.301655 3.61823e-05
-0.0525053 0.302575 0.30261 3.48324e-05
-0.0523052 0.303532 0.303565 3.34821e-05
-0.0521052 0.304488 0.30452 3.21316e-05
-0.0519052 0.305444 0.305475 3.07808e-05
-0.0517052 0.3064 0.306429 2.94298e-05
-0.0515052 0.307355 0.307383 2.80785e-05
-0.0513051 0.30831 0.308337 2.6727e-05
-0.0511051 0.309265 0.309291 2.53753e-05
-0.0509051 0.31022 0.310244 2.40235e-05
-0.0507051 0.311174 0.311197 2.26715e-05
-0.0505051 0.312128 0.312149 2.13193e-05
-0.050305 0.313081 0.313101 1.99671e-05
-0.050105 0.314035 0.314053 1.86147e-05
-0.049905 0.314988 0.315005 1.72623e-05
-0.049705 0.31594 0.315956 1.59099e-05
-0.049505 0.316893 0.316907 1.45574e-05
-0.0493049 0.317845 0.317858 1.32049e-05
-0.0491049 0.318797 0.318809 1.18524e-05
-0.0489049 0.319748 0.319759 1.05e-05
-0.0487049 0.320699 0.320708 9.14759e-06
-0.0485049 0.32165 0.321658 7.79526e-06
-0.0483048 0.322601 0.322607 6.44302e-06
-0.0481048 0.323551 0.323556 5.0909e-06
-0.0479048 0.324501 0.324505 3.7389e-06
-0.0477048 0.325451 0.325453 2.38706e-06
-0.0475048 0.3264 0.326401 1.03539e-06
-0.0473047 0.327349 0.327349 3.16085e-07
-0.0471047 0.328298 0.328296 1.66735e-06
-0.0469047 0.329246 0.329243 3.01838e-06
-0.0467047 0.330194 0.33019 4.36916e-06
-0.0465047 0.331142 0.331136 5.71967e-06
-0.0463046 0.332089 0.332082 7.06989e-06
-0.0461046 0.333036 0.333028 8.41979e-06
-0.0459046 0.333983 0.333973 9.76936e-06
-0.0457046 0.334929 0.334918 1.11186e-05
-0.0455046 0.335875 0.335863 1.24674e-05
-0.0453045 0.336821 0.336807 1.38159e-05
-0.0451045 0.337766 0.337751 1.51639e-05
-0.0449045 0.338712 0.338695 1.65115e-05
-0.0447045 0.339656 0.339638 1.78587e-05
-0.0445045 0.340601 0.340582 1.92053e-05
-0.0443044 0.341545 0.341524 2.05515e-05
-0.0441044 0.342489 0.342467 2.18972e-05
-0.0439044 0.343432 0.343409 2.32423e-05
-0.0437044 0.344375 0.344351 2.45869e-05
-0.0435044 0.345318 0.345292 2.59309e-05
-0.0433043 0.34626 0.346233 2.72743e-05
-0.0431043 0.347202 0.347174 2.86171e-05
-0.0429043 0.348144 0.348114 2.99593e-05
-0.0427043 0.349085 0.349054 3.13008e-05
-0.0425043 0.350026 0.349994 3.26416e-05
-0.0423042 0.350967 0.350933 3.39818e-05
-0.0421042 0.351907 0.351872 3.53212e-05
-0.0419042 0.352847 0.352811 3.66599e-05
-0.0417042 0.353787 0.353749 3.79978e-05
-0.0415042 0.354726 0.354687 3.9335e-05
-0.0413041 0.355665 0.355625 4.06714e-05
-0.0411041 0.356604 0.356562 4.20069e-05
-0.0409041 0.357542 0.357499 4.33416e-05
-0.0407041 0.35848 0.358435 4.46755e-05
-0.0405041 0.359417 0.359371 4.60085e-05
-0.040304 0.360355 0.360307 4.73406e-05
-0.040104 0.361291 0.361243 4.86718e-05
-0.039904 0.362228 0.362178 5.00021e-05
-0.039704 0.363164 0.363113 5.13314e-05
-0.039504 0.3641 0.364047 5.26597e-05
-0.0393039 0.365035 0.364981 5.3987e-05
-0.0391039 0.36597 0.365915 5.53134e-05
-0.0389039 0.366905 0.366848 5.66387e-05
-0.0387039 0.367839 0.367781 5.79629e-05
-0.0385039 0.368773 0.368713 5.92861e-05
-0.0383038 0.369706 0.369646 6.06082e-05
-0.0381038 0.370639 0.370577 6.19291e-05
-0.0379038 0.371572 0.371509 6.3249e-05
-0.0377038 0.372505 0.37244 6.45676e-05
-0.0375038 0.373437 0.373371 6.58852e-05
-0.0373037 0.374368 0.374301 6.72015e-05
-0.0371037 0.3753 0.375231 6.85166e-05
-0.0369037 0.37623 0.376161 6.98305e-05
-0.0367037 0.377161 0.37709 7.11431e-05
-0.0365037 0.378091 0.378019 7.24545e-05
-0.0363036 0.379021 0.378947 7.37646e-05
-0.0361036 0.37995 0.379875 7.50734e-05
-0.0359036 0.380879 0.380803 7.63808e-05
-0.0357036 0.381808 0.38173 7.76869e-05
-0.0355036 0.382736 0.382657 7.89917e-05
-0.0353035 0.383664 0.383584 8.0295e-05
-0.0351035 0.384591 0.38451 8.1597e-05
-0.0349035 0.385518 0.385435 8.28975e-05
-0.0347035 0.386445 0.386361 8.41966e-05
-0.0345035 0.387371 0.387286 8.54942e-05
-0.0343034 0.388297 0.38821 8.67903e-05
-0.0341034 0.389223 0.389135 8.8085e-05
-0.0339034 0.390148 0.390058 8.93781e-05
-0.0337034 0.391072 0.390982 9.06696e-05
-0.0335034 0.391997 0.391905 9.19597e-05
-0.0333033 0.392921 0.392827 9.32481e-05
-0.0331033 0.393844 0.39375 9.45349e-05
-0.0329033 0.394767 0.394671 9.58201e-05
-0.0327033 0.39569 0.395593 9.71037e-05
-0.0325033 0.396612 0.396514 9.83857e-05
-0.0323032 0.397534 0.397434 9.96659e-05
-0.0321032 0.398455 0.398355 0.000100944
-0.0319032 0.399377 0.399274 0.000102221
-0.0317032 0.400297 0.400194 0.000103496
-0.0315032 0.401217 0.401113 0.00010477
-0.0313031 0.402137 0.402031 0.000106041
-0.0311031 0.403057 0.402949 0.000107311
-0.0309031 0.403976 0.403867 0.000108579
-0.0307031 0.404894 0.404785 0.000109845
-0.0305031 0.405813 0.405701 0.00011111
-0.030303 0.40673 0.406618 0.000112372
-0.030103 0.407648 0.407534 0.000113633
-0.029903 0.408565 0.40845 0.000114891
-0.029703 0.409481 0.409365 0.000116148
-0.029503 0.410397 0.41028 0.000117403
-0.0293029 0.411313 0.411194 0.000118656
-0.0291029 0.412228 0.412108 0.000119907
-0.0289029 0.413143 0.413022 0.000121156
-0.0287029 0.414057 0.413935 0.000122402
-0.0285029 0.414971 0.414848 0.000123647
-0.0283028 0.415885 0.41576 0.00012489
-0.0281028 0.416798 0.416672 0.000126131
-0.0279028 0.417711 0.417583 0.000127369
-0.0277028 0.418623 0.418494 0.000128606
-0.0275028 0.419535 0.419405 0.00012984
-0.0273027 0.420446 0.420315 0.000131073
-0.0271027 0.421357 0.421225 0.000132303
-0.0269027 0.422268 0.422134 0.000133531
-0.0267027 0.423178 0.423043 0.000134756
-0.0265027 0.424087 0.423951 0.00013598
-0.0263026 0.424997 0.424859 0.000137201
-0.0261026 0.425905 0.425767 0.00013842
-0.0259026 0.426814 0.426674 0.000139637
-0.0257026 0.427722 0.427581 0.000140851
-0.0255026 0.428629 0.428487 0.000142063
-0.0253025 0.429536 0.429393 0.000143273
-0.0251025 0.430443 0.430298 0.000144481
-0.0249025 0.431349 0.431203 0.000145686
-0.0247025 0.432254 0.432108 0.000146888
-0.0245025 0.43316 0.433012 0.000148089
-0.0243024 0.434064 0.433915 0.000149287
-0.0241024 0.434969 0.434818 0.000150482
-0.0239024 0.435873 0.435721 0.000151675
-0.0237024 0.436776 0.436623 0.000152866
-0.0235024 0.437679 0.437525 0.000154054
-0.0233023 0.438581 0.438426 0.000155239
-0.0231023 0.439483 0.439327 0.000156422
-0.0229023 0.440385 0.440227 0.000157603
-0.0227023 0.441286 0.441127 0.000158781
-0.0225023 0.442187 0.442027 0.000159956
-0.0223022 0.443087 0.442926 0.000161129
-0.0221022 0.443987 0.443824 0.000162299
-0.0219022 0.444886 0.444723 0.000163467
-0.0217022 0.445785 0.44562 0.000164631
-0.0215022 0.446683 0.446517 0.000165794
-0.0213021 0.447581 0.447414 0.000166953
-0.0211021 0.448478 0.44831 0.00016811
-0.0209021 0.449375 0.449206 0.000169264
-0.0207021 0.450272 0.450101 0.000170415
-0.0205021 0.451168 0.450996 0.000171564
-0.020302 0.452063 0.451891 0.00017271
-0.020102 0.452958 0.452785 0.000173853
-0.019902 0.453853 0.453678 0.000174993
-0.019702 0.454747 0.454571 0.000176131
-0.019502 0.455641 0.455463 0.000177265
-0.0193019 0.456534 0.456355 0.000178397
-0.0191019 0.457427 0.457247 0.000179526
-0.0189019 0.458319 0.458138 0.000180652
-0.0187019 0.45921 0.459029 0.000181775
-0.0185019 0.460102 0.459919 0.000182896
-0.0183018 0.460992 0.460808 0.000184013
-0.0181018 0.461883 0.461697 0.000185127
-0.0179018 0.462772 0.462586 0.000186238
-0.0177018 0.463662 0.463474 0.000187347
-0.0175018 0.46455 0.464362 0.000188452
-0.0173017 0.465439 0.465249 0.000189555
-0.0171017 0.466327 0.466136 0.000190654
-0.0169017 0.467214 0.467022 0.00019175
-0.0167017 0.468101 0.467908 0.000192843
-0.0165017 0.468987 0.468793 0.000193933
-0.0163016 0.469873 0.469678 0.00019502
-0.0161016 0.470758 0.470562 0.000196104
-0.0159016 0.471643 0.471446 0.000197185
-0.0157016 0.472527 0.472329 0.000198263
-0.0155016 0.473411 0.473212 0.000199337
-0.0153015 0.474295 0.474094 0.000200408
-0.0151015 0.475177 0.474976 0.000201476
-0.0149015 0.47606 0.475857 0.000202541
-0.0147015 0.476942 0.476738 0.000203603
-0.0145015 0.477823 0.477618 0.000204661
-0.0143014 0.478704 0.478498 0.000205716
-0.0141014 0.479584 0.479377 0.000206768
-0.0139014 0.480464 0.480256 0.000207817
-0.0137014 0.481343 0.481134 0.000208862
-0.0135014 0.482222 0.482012 0.000209904
-0.0133013 0.4831 0.482889 0.000210942
-0.0131013 0.483978 0.483766 0.000211978
-0.0129013 0.484855 0.484642 0.000213009
-0.0127013 0.485732 0.485518 0.000214038
-0.0125013 0.486608 0.486393 0.000215063
-0.0123012 0.487484 0.487268 0.000216085
-0.0121012 0.488359 0.488142 0.000217103
-0.0119012 0.489234 0.489016 0.000218117
-0.0117012 0.490108 0.489889 0.000219129
-0.0115012 0.490981 0.490761 0.000220137
-0.0113011 0.491855 0.491633 0.000221141
-0.0111011 0.492727 0.492505 0.000222142
-0.0109011 0.493599 0.493376 0.000223139
-0.0107011 0.494471 0.494247 0.000224133
-0.0105011 0.495342 0.495117 0.000225123
-0.010301 0.496212 0.495986 0.00022611
-0.010101 0.497082 0.496855 0.000227093
-0.00990099 0.497952 0.497724 0.000228072
-0.00970097 0.49882 0.498591 0.000229048
-0.00950095 0.499689 0.499459 0.00023002
-0.00930093 0.500557 0.500326 0.000230989
-0.00910091 0.501424 0.501192 0.000231954
-0.00890089 0.502291 0.502058 0.000232915
-0.00870087 0.503157 0.502923 0.000233873
-0.00850085 0.504023 0.503788 0.000234826
-0.00830083 0.504888 0.504652 0.000235777
-0.00810081 0.505752 0.505516 0.000236723
-0.00790079 0.506616 0.506379 0.000237666
-0.00770077 0.50748 0.507241 0.000238605
-0.00750075 0.508343 0.508103 0.00023954
-0.00730073 0.509205 0.508965 0.000240471
-0.00710071 0.510067 0.509826 0.000241399
-0.00690069 0.510929 0.510686 0.000242323
-0.00670067 0.511789 0.511546 0.000243243
-0.00650065 0.51265 0.512405 0.000244159
-0.00630063 0.513509 0.513264 0.000245071
-0.00610061 0.514368 0.514122 0.00024598
-0.00590059 0.515227 0.51498 0.000246884
-0.00570057 0.516085 0.515837 0.000247785
-0.00550055 0.516942 0.516694 0.000248682
-0.00530053 0.517799 0.51755 0.000249574
-0.00510051 0.518656 0.518405 0.000250463
-0.00490049 0.519512 0.51926 0.000251348
-0.00470047 0.520367 0.520115 0.000252229
-0.00450045 0.521222 0.520968 0.000253106
-0.00430043 0.522076 0.521822 0.000253979
-0.00410041 0.522929 0.522674 0.000254848
-0.00390039 0.523782 0.523527 0.000255713
-0.00370037 0.524635 0.524378 0.000256574
-0.00350035 0.525487 0.525229 0.000257431
-0.00330033 0.526338 0.52608 0.000258284
-0.00310031 0.527189 0.52693 0.000259133
-0.00290029 0.528039 0.527779 0.000259978
-0.00270027 0.528889 0.528628 0.000260819
-0.00250025 0.529738 0.529476 0.000261655
-0.00230023 0.530586 0.530324 0.000262488
-0.00210021 0.531434 0.531171 0.000263316
-0.00190019 0.532281 0.532017 0.00026414
-0.00170017 0.533128 0.532863 0.00026496
-0.00150015 0.533974 0.533709 0.000265776
-0.00130013 0.53482 0.534553 0.000266588
-0.00110011 0.535665 0.535398 0.000267395
-0.00090009 0.536509 0.536241 0.000268199
-0.00070007 0.537353 0.537084 0.000268998
-0.00050005 0.538197 0.537927 0.000269793
-0.00030003 0.539039 0.538769 0.000270584
-0.00010001 0.539881 0.53961 0.00027137
0.00010001 0.540723 0.540451 0.000272152
0.00030003 0.541564 0.541291 0.00027293
0.00050005 0.542404 0.542131 0.000273704
0.00070007 0.543244 0.54297 0.000274473
0.00090009 0.544083 0.543808 0.000275238
0.00110011 0.544922 0.544646 0.000275999
0.00130013 0.54576 0.545483 0.000276755
0.00150015 0.546597 0.54632 0.000277507
0.00170017 0.547434 0.547156 0.000278255
0.00190019 0.548271 0.547992 0.000278998
0.00210021 0.549106 0.548827 0.000279737
0.00230023 0.549941 0.549661 0.000280472
0.00250025 0.550776 0.550495 0.000281202
0.00270027 0.55161 0.551328 0.000281928
0.00290029 0.552443 0.55216 0.000282649
0.00310031 0.553276 0.552992 0.000283366
0.00330033 0.554108 0.553824 0.000284079
0.00350035 0.554939 0.554654 0.000284787
0.00370037 0.55577 0.555485 0.00028549
0.00390039 0.5566 0.556314 0.00028619
0.00410041 0.55743 0.557143 0.000286884
0.00430043 0.558259 0.557972 0.000287574
0.00450045 0.559088 0.558799 0.00028826
0.00470047 0.559915 0.559627 0.000288941
0.00490049 0.560743 0.560453 0.000289618
0.00510051 0.561569 0.561279 0.00029029
0.00530053 0.562395 0.562104 0.000290958
0.00550055 0.563221 0.562929 0.000291621
0.00570057 0.564046 0.563753 0.000292279
0.00590059 0.56487 0.564577 0.000292933
0.00610061 0.565693 0.5654 0.000293582
0.00630063 0.566516 0.566222 0.000294227
0.00650065 0.567339 0.567044 0.000294867
0.00670067 0.56816 0.567865 0.000295503
0.00690069 0.568982 0.568685 0.000296134
0.00710071 0.569802 0.569505 0.00029676
0.00730073 0.570622 0.570325 0.000297382
0.00750075 0.571441 0.571143 0.000297999
0.00770077 0.57226 0.571961 0.000298611
0.00790079 0.573078 0.572779 0.000299219
0.00810081 0.573895 0.573595 0.000299822
0.00830083 0.574712 0.574412 0.00030042
0.00850085 0.575528 0.575227 0.000301014
0.00870087 0.576344 0.576042 0.000301603
0.00890089 0.577158 0.576856 0.000302187
0.00910091 0.577973 0.57767 0.000302766
0.00930093 0.578786 0.578483 0.000303341
0.00950095 0.579599 0.579295 0.000303911
0.00970097 0.580412 0.580107 0.000304477
0.00990099 0.581223 0.580918 0.000305037
0.010101 0.582034 0.581729 0.000305593
0.010301 0.582845 0.582539 0.000306144
0.0105011 0.583655 0.583348 0.00030669
0.0107011 0.584464 0.584157 0.000307232
0.0109011 0.585272 0.584965 0.000307768
0.0111011 0.58608 0.585772 0.0003083
0.0113011 0.586888 0.586579 0.000308827
0.0115012 0.587694 0.587385 0.00030935
0.0117012 0.5885 0.58819 0.000309867
0.0119012 0.589306 0.588995 0.00031038
0.0121012 0.59011 0.589799 0.000310887
0.0123012 0.590914 0.590603 0.00031139
0.0125013 0.591718 0.591406 0.000311888
0.0127013 0.59252 0.592208 0.000312382
0.0129013 0.593322 0.59301 0.00031287
0.0131013 0.594124 0.593811 0.000313353
0.0133013 0.594925 0.594611 0.000313832
0.0135014 0.595725 0.595411 0.000314306
0.0137014 0.596524 0.59621 0.000314774
0.0139014 0.597323 0.597008 0.000315238
0.0141014 0.598121 0.597806 0.000315697
0.0143014 0.598919 0.598603 0.000316151
0.0145015 0.599716 0.599399 0.0003166
0.0147015 0.600512 0.600195 0.000317045
0.0149015 0.601308 0.60099 0.000317484
0.0151015 0.602103 0.601785 0.000317918
0.0153015 0.602897 0.602578 0.000318348
0.0155016 0.60369 0.603372 0.000318772
0.0157016 0.604483 0.604164 0.000319192
0.0159016 0.605276 0.604956 0.000319606
0.0161016 0.606067 0.605747 0.000320016
0.0163016 0.606858 0.606538 0.00032042
0.0165017 0.607648 0.607328 0.00032082
0.0167017 0.608438 0.608117 0.000321214
0.0169017 0.609227 0.608905 0.000321604
0.0171017 0.610015 0.609693 0.000321988
0.0173017 0.610803 0.61048 0.000322368
0.0175018 0.61159 0.611267 0.000322742
0.0177018 0.612376 0.612053 0.000323112
0.0179018 0.613161 0.612838 0.000323476
0.0181018 0.613946 0.613623 0.000323836
0.0183018 0.614731 0.614406 0.00032419
0.0185019 0.615514 0.61519 0.000324539
0.0187019 0.616297 0.615972 0.000324884
0.0189019 0.617079 0.616754 0.000325223
0.0191019 0.617861 0.617535 0.000325557
0.0193019 0.618642 0.618316 0.000325886
0.019502 0.619422 0.619096 0.00032621
0.019702 0.620201 0.619875 0.000326529
0.019902 0.62098 0.620653 0.000326843
0.020102 0.621758 0.621431 0.000327152
0.020302 0.622536 0.622208 0.000327456
0.0205021 0.623312 0.622985 0.000327754
0.0207021 0.624088 0.62376 0.000328048
0.0209021 0.624864 0.624535 0.000328336
0.0211021 0.625638 0.62531 0.00032862
0.0213021 0.626412 0.626084 0.000328898
0.0215022 0.627186 0.626857 0.000329171
0.0217022 0.627958 0.627629 0.000329439
0.0219022 0.62873 0.628401 0.000329702
0.0221022 0.629501 0.629172 0.00032996
0.0223022 0.630272 0.629942 0.000330212
0.0225023 0.631042 0.630711 0.00033046
0.0227023 0.631811 0.63148 0.000330702
0.0229023 0.632579 0.632249 0.00033094
0.0231023 0.633347 0.633016 0.000331172
0.0233023 0.634114 0.633783 0.000331399
0.0235024 0.634881 0.634549 0.00033162
0.0237024 0.635646 0.635314 0.000331837
0.0239024 0.636411 0.636079 0.000332049
0.0241024 0.637175 0.636843 0.000332255
0.0243024 0.637939 0.637607 0.000332456
0.0245025 0.638702 0.638369 0.000332652
0.0247025 0.639464 0.639131 0.000332843
0.0249025 0.640225 0.639892 0.000333029
0.0251025 0.640986 0.640653 0.000333209
0.0253025 0.641746 0.641413 0.000333384
0.0255026 0.642505 0.642172 0.000333555
0.0257026 0.643264 0.64293 0.00033372
0.0259026 0.644022 0.643688 0.000333879
0.0261026 0.644779 0.644445 0.000334034
0.0263026 0.645536 0.645201 0.000334183
0.0265027 0.646291 0.645957 0.000334328
0.0267027 0.647046 0.646712 0.000334467
0.0269027 0.647801 0.647466 0.0003346
0.0271027 0.648554 0.64822 0.000334729
0.0273027 0.649307 0.648972 0.000334853
0.0275028 0.650059 0.649724 0.000334971
0.0277028 0.650811 0.650476 0.000335084
0.0279028 0.651562 0.651226 0.000335192
0.0281028 0.652312 0.651976 0.000335294
0.0283028 0.653061 0.652725 0.000335392
0.0285029 0.653809 0.653474 0.000335484
0.0287029 0.654557 0.654222 0.000335571
0.0289029 0.655304 0.654969 0.000335653
0.0291029 0.656051 0.655715 0.00033573
0.0293029 0.656796 0.656461 0.000335801
0.029503 0.657541 0.657206 0.000335867
0.029703 0.658286 0.65795 0.000335928
0.029903 0.659029 0.658693 0.000335984
0.030103 0.659772 0.659436 0.000336035
0.030303 0.660514 0.660178 0.00033608
0.0305031 0.661255 0.660919 0.00033612
0.0307031 0.661996 0.66166 0.000336155
0.0309031 0.662736 0.662399 0.000336185
0.0311031 0.663475 0.663138 0.000336209
0.0313031 0.664213 0.663877 0.000336228
0.0315032 0.664951 0.664614 0.000336242
0.0317032 0.665688 0.665351 0.000336251
0.0319032 0.666424 0.666087 0.000336255
0.0321032 0.667159 0.666823 0.000336253
0.0323032 0.667894 0.667557 0.000336247
0.0325033 0.668628 0.668291 0.000336235
0.0327033 0.669361 0.669025 0.000336217
0.0329033 0.670093 0.669757 0.000336195
0.0331033 0.670825 0.670489 0.000336167
0.0333033 0.671556 0.67122 0.000336134
0.0335034 0.672286 0.67195 0.000336096
0.0337034 0.673016 0.67268 0.000336053
0.0339034 0.673744 0.673408 0.000336004
0.0341034 0.674472 0.674136 0.000335951
0.0343034 0.6752 0.674864 0.000335892
0.0345035 0.675926 0.67559 0.000335828
0.0347035 0.676652 0.676316 0.000335758
0.0349035 0.677377 0.677041 0.000335684
0.0351035 0.678101 0.677765 0.000335604
0.0353035 0.678824 0.678489 0.000335519
0.0355036 0.679547 0.679212 0.000335429
0.0357036 0.680269 0.679934 0.000335334
0.0359036 0.68099 0.680655 0.000335233
0.0361036 0.681711 0.681376 0.000335127
0.0363036 0.68243 0.682095 0.000335016
0.0365037 0.683149 0.682814 0.0003349
0.0367037 0.683868 0.683533 0.000334779
0.0369037 0.684585 0.68425 0.000334652
0.0371037 0.685302 0.684967 0.000334521
0.0373037 0.686017 0.685683 0.000334384
0.0375038 0.686733 0.686398 0.000334242
0.0377038 0.687447 0.687113 0.000334095
0.0379038 0.688161 0.687827 0.000333942
0.0381038 0.688873 0.68854 0.000333785
0.0383038 0.689585 0.689252 0.000333622
0.0385039 0.690297 0.689963 0.000333454
0.0387039 0.691007 0.690674 0.000333281
0.0389039 0.691717 0.691384 0.000333103
0.0391039 0.692426 0.692093 0.000332919
0.0393039 0.693134 0.692802 0.000332731
0.039504 0.693842 0.693509 0.000332537
0.039704 0.694548 0.694216 0.000332338
0.039904 0.695254 0.694922 0.000332134
0.040104 0.695959 0.695628 0.000331925
0.040304 0.696664 0.696332 0.00033171
0.0405041 0.697367 0.697036 0.000331491
0.0407041 0.69807 0.697739 0.000331266
0.0409041 0.698772 0.698441 0.000331037
0.0411041 0.699473 0.699143 0.000330802
0.0413041 0.700174 0.699843 0.000330562
0.0415042 0.700874 0.700543 0.000330317
0.0417042 0.701573 0.701242 0.000330066
0.0419042 0.702271 0.701941 0.000329811
0.0421042 0.702968 0.702638 0.000329551
0.0423042 0.703665 0.703335 0.000329285
0.0425043 0.70436 0.704031 0.000329015
0.0427043 0.705055 0.704727 0.000328739
0.0429043 0.70575 0.705421 0.000328458
0.0431043 0.706443 0.706115 0.000328172
0.0433043 0.707136 0.706808 0.000327881
0.0435044 0.707828 0.7075 0.000327585
0.0437044 0.708519 0.708191 0.000327284
0.0439044 0.709209 0.708882 0.000326978
0.0441044 0.709898 0.709572 0.000326666
0.0443044 0.710587 0.710261 0.00032635
0.0445045 0.711275 0.710949 0.000326029
0.0447045 0.711962 0.711636 0.000325702
0.0449045 0.712648 0.712323 0.000325371
0.0451045 0.713334 0.713009 0.000325034
0.0453045 0.714019 0.713694 0.000324693
0.0455046 0.714703 0.714378 0.000324346
0.0457046 0.715386 0.715062 0.000323995
0.0459046 0.716068 0.715744 0.000323638
0.0461046 0.71675 0.716426 0.000323276
0.0463046 0.71743 0.717107 0.00032291
0.0465047 0.71811 0.717788 0.000322538
0.0467047 0.718789 0.718467 0.000322162
0.0469047 0.719468 0.719146 0.00032178
0.0471047 0.720145 0.719824 0.000321393
0.0473047 0.720822 0.720501 0.000321002
0.0475048 0.721498 0.721177 0.000320605
0.0477048 0.722173 0.721853 0.000320204
0.0479048 0.722847 0.722527 0.000319798
0.0481048 0.723521 0.723201 0.000319386
0.0483048 0.724193 0.723874 0.00031897
0.0485049 0.724865 0.724547 0.000318549
0.0487049 0.725536 0.725218 0.000318122
0.0489049 0.726207 0.725889 0.000317691
0.0491049 0.726876 0.726559 0.000317255
0.0493049 0.727545 0.727228 0.000316814
0.049505 0.728213 0.727896 0.000316369
0.049705 0.72888 0.728564 0.000315918
0.049905 0.729546 0.72923 0.000315462
0.050105 0.730211 0.729896 0.000315002
0.050305 0.730876 0.730561 0.000314536
0.0505051 0.731539 0.731225 0.000314066
0.0507051 0.732202 0.731889 0.000313591
0.0509051 0.732865 0.732551 0.000313111
0.0511051 0.733526 0.733213 0.000312626
0.0513051 0.734186 0.733874 0.000312137
0.0515052 0.734846 0.734534 0.000311642
0.0517052 0.735505 0.735194 0.000311143
0.0519052 0.736163 0.735852 0.000310639
0.0521052 0.73682 0.73651 0.00031013
0.0523052 0.737476 0.737167 0.000309616
0.0525053 0.738132 0.737823 0.000309098
0.0527053 0.738787 0.738478 0.000308575
0.0529053 0.739441 0.739132 0.000308047
0.0531053 0.740094 0.739786 0.000307514
0.0533053 0.740746 0.740439 0.000306976
0.0535054 0.741397 0.741091 0.000306434
0.0537054 0.742048 0.741742 0.000305887
0.0539054 0.742698 0.742392 0.000305335
0.0541054 0.743347 0.743042 0.000304779
0.0543054 0.743995 0.74369 0.000304218
0.0545055 0.744642 0.744338 0.000303652
0.0547055 0.745288 0.744985 0.000303081
0.0549055 0.745934 0.745631 0.000302506
0.0551055 0.746579 0.746277 0.000301926
0.0553055 0.747223 0.746921 0.000301341
0.0555056 0.747866 0.747565 0.000300752
0.0557056 0.748508 0.748208 0.000300158
0.0559056 0.749149 0.74885 0.00029956
0.0561056 0.74979 0.749491 0.000298956
0.0563056 0.75043 0.750131 0.000298349
0.0565057 0.751069 0.750771 0.000297736
0.0567057 0.751707 0.751409 0.000297119
0.0569057 0.752344 0.752047 0.000296498
0.0571057 0.75298 0.752684 0.000295871
0.0573057 0.753616 0.75332 0.000295241
0.0575058 0.75425 0.753956 0.000294605
0.0577058 0.754884 0.75459 0.000293965
0.0579058 0.755517 0.755224 0.000293321
0.0581058 0.756149 0.755857 0.000292672
0.0583058 0.756781 0.756489 0.000292019
0.0585059 0.757411 0.75712 0.000291361
0.0587059 0.758041 0.75775 0.000290698
0.0589059 0.758669 0.758379 0.000290031
0.0591059 0.759297 0.759008 0.00028936
0.0593059 0.759924 0.759636 0.000288684
0.059506 0.760551 0.760263 0.000288003
0.059706 0.761176 0.760889 0.000287318
0.059906 0.7618 0.761514 0.000286629
0.060106 0.762424 0.762138 0.000285935
0.060306 0.763047 0.762762 0.000285237
0.0605061 0.763669 0.763384 0.000284535
0.0607061 0.76429 0.764006 0.000283828
0.0609061 0.76491 0.764627 0.000283117
0.0611061 0.76553 0.765247 0.000282401
0.0613061 0.766148 0.765866 0.000281681
0.0615062 0.766766 0.766485 0.000280957
0.0617062 0.767383 0.767102 0.000280228
0.0619062 0.767998 0.767719 0.000279495
0.0621062 0.768614 0.768335 0.000278757
0.0623062 0.769228 0.76895 0.000278016
0.0625063 0.769841 0.769564 0.00027727
0.0627063 0.770454 0.770177 0.000276519
0.0629063 0.771065 0.770789 0.000275765
0.0631063 0.771676 0.771401 0.000275006
0.0633063 0.772286 0.772012 0.000274243
0.0635064 0.772895 0.772621 0.000273476
0.0637064 0.773503 0.77323 0.000272704
0.0639064 0.77411 0.773838 0.000271929
0.0641064 0.774717 0.774446 0.000271149
0.0643064 0.775322 0.775052 0.000270365
0.0645065 0.775927 0.775657 0.000269577
0.0647065 0.776531 0.776262 0.000268784
0.0649065 0.777134 0.776866 0.000267988
0.0651065 0.777736 0.777469 0.000267187
0.0653065 0.778337 0.778071 0.000266382
0.0655066 0.778937 0.778672 0.000265573
0.0657066 0.779537 0.779272 0.00026476
0.0659066 0.780136 0.779872 0.000263943
0.0661066 0.780733 0.78047 0.000263122
0.0663066 0.78133 0.781068 0.000262297
0.0665067 0.781926 0.781665 0.000261468
0.0667067 0.782521 0.78226 0.000260634
0.0669067 0.783115 0.782856 0.000259797
0.0671067 0.783709 0.78345 0.000258956
0.0673067 0.784301 0.784043 0.00025811
0.0675068 0.784893 0.784635 0.000257261
0.0677068 0.785483 0.785227 0.000256408
0.0679068 0.786073 0.785818 0.000255551
0.0681068 0.786662 0.786407 0.00025469
0.0683068 0.78725 0.786996 0.000253825
0.0685069 0.787837 0.787584 0.000252956
0.0687069 0.788424 0.788172 0.000252083
0.0689069 0.789009 0.788758 0.000251206
0.0691069 0.789594 0.789343 0.000250325
0.0693069 0.790177 0.789928 0.000249441
0.069507 0.79076 0.790511 0.000248552
0.069707 0.791342 0.791094 0.00024766
0.069907 0.791923 0.791676 0.000246764
0.070107 0.792503 0.792257 0.000245864
0.070307 0.793082 0.792837 0.000244961
0.0705071 0.79366 0.793416 0.000244054
0.0707071 0.794238 0.793994 0.000243142
0.0709071 0.794814 0.794572 0.000242228
0.0711071 0.79539 0.795148 0.000241309
0.0713071 0.795965 0.795724 0.000240387
0.0715072 0.796538 0.796299 0.000239461
0.0717072 0.797111 0.796873 0.000238531
0.0719072 0.797683 0.797446 0.000237598
0.0721072 0.798254 0.798018 0.000236661
0.0723072 0.798825 0.798589 0.00023572
0.0725073 0.799394 0.799159 0.000234776
0.0727073 0.799963 0.799729 0.000233828
0.0729073 0.80053 0.800297 0.000232876
0.0731073 0.801097 0.800865 0.000231921
0.0733073 0.801663 0.801432 0.000230963
0.0735074 0.802227 0.801997 0.00023
0.0737074 0.802791 0.802562 0.000229035
0.0739074 0.803354 0.803126 0.000228065
0.0741074 0.803917 0.80369 0.000227093
0.0743074 0.804478 0.804252 0.000226116
0.0745075 0.805038 0.804813 0.000225136
0.0747075 0.805598 0.805374 0.000224153
0.0749075 0.806156 0.805933 0.000223167
0.0751075 0.806714 0.806492 0.000222177
0.0753075 0.807271 0.807049 0.000221183
0.0755076 0.807826 0.807606 0.000220186
0.0757076 0.808381 0.808162 0.000219186
0.0759076 0.808935 0.808717 0.000218182
0.0761076 0.809489 0.809271 0.000217175
0.0763076 0.810041 0.809825 0.000216165
0.0765077 0.810592 0.810377 0.000215151
0.0767077 0.811142 0.810928 0.000214134
0.0769077 0.811692 0.811479 0.000213114
0.0771077 0.81224 0.812028 0.00021209
0.0773077 0.812788 0.812577 0.000211063
0.0775078 0.813335 0.813125 0.000210033
0.0777078 0.813881 0.813672 0.000209
0.0779078 0.814426 0.814218 0.000207964
0.0781078 0.81497 0.814763 0.000206924
0.0783078 0.815513 0.815307 0.000205881
0.0785079 0.816055 0.81585 0.000204835
0.0787079 0.816596 0.816392 0.000203786
0.0789079 0.817136 0.816934 0.000202734
0.0791079 0.817676 0.817474 0.000201678
0.0793079 0.818214 0.818014 0.00020062
0.079508 0.818752 0.818552 0.000199558
0.079708 0.819288 0.81909 0.000198494
0.079908 0.819824 0.819627 0.000197426
0.080108 0.820359 0.820163 0.000196355
0.080308 0.820893 0.820698 0.000195282
0.0805081 0.821426 0.821232 0.000194205
0.0807081 0.821958 0.821765 0.000193125
0.0809081 0.822489 0.822297 0.000192043
0.0811081 0.823019 0.822828 0.000190957
0.0813081 0.823549 0.823359 0.000189869
0.0815082 0.824077 0.823888 0.000188777
0.0817082 0.824604 0.824417 0.000187683
0.0819082 0.825131 0.824944 0.000186586
0.0821082 0.825656 0.825471 0.000185486
0.0823082 0.826181 0.825997 0.000184383
0.0825083 0.826705 0.826521 0.000183277
0.0827083 0.827228 0.827045 0.000182169
0.0829083 0.827749 0.827568 0.000181057
0.0831083 0.82827 0.82809 0.000179943
0.0833083 0.82879 0.828612 0.000178827
0.0835084 0.829309 0.829132 0.000177707
0.0837084 0.829828 0.829651 0.000176585
0.0839084 0.830345 0.830169 0.00017546
0.0841084 0.830861 0.830687 0.000174332
0.0843084 0.831376 0.831203 0.000173202
0.0845085 0.831891 0.831719 0.000172069
0.0847085 0.832404 0.832233 0.000170933
0.0849085 0.832917 0.832747 0.000169795
0.0851085 0.833428 0.83326 0.000168654
0.0853085 0.833939 0.833772 0.000167511
0.0855086 0.834449 0.834282 0.000166365
0.0857086 0.834958 0.834792 0.000165217
0.0859086 0.835465 0.835301 0.000164066
0.0861086 0.835972 0.835809 0.000162912
0.0863086 0.836478 0.836317 0.000161756
0.0865087 0.836983 0.836823 0.000160598
0.0867087 0.837488 0.837328 0.000159437
0.0869087 0.837991 0.837832 0.000158274
0.0871087 0.838493 0.838336 0.000157108
0.0873087 0.838994 0.838838 0.00015594
0.0875088 0.839494 0.83934 0.000154769
0.0877088 0.839994 0.83984 0.000153597
0.0879088 0.840492 0.84034 0.000152421
0.0881088 0.84099 0.840839 0.000151244
0.0883088 0.841486 0.841336 0.000150064
0.0885089 0.841982 0.841833 0.000148882
0.0887089 0.842477 0.842329 0.000147698
0.0889089 0.84297 0.842824 0.000146511
0.0891089 0.843463 0.843318 0.000145322
0.0893089 0.843955 0.843811 0.000144131
0.089509 0.844446 0.844303 0.000142938
0.089709 0.844936 0.844794 0.000141743
0.089909 0.845425 0.845284 0.000140545
0.090109 0.845913 0.845773 0.000139346
0.090309 0.8464 0.846262 0.000138144
0.0905091 0.846886 0.846749 0.00013694
0.0907091 0.847371 0.847235 0.000135734
0.0909091 0.847855 0.847721 0.000134526
0.0911091 0.848339 0.848205 0.000133316
0.0913091 0.848821 0.848689 0.000132104
0.0915092 0.849302 0.849172 0.00013089
0.0917092 0.849783 0.849653 0.000129674
0.0919092 0.850262 0.850134 0.000128456
0.0921092 0.850741 0.850614 0.000127236
0.0923092 0.851218 0.851092 0.000126014
0.0925093 0.851695 0.85157 0.00012479
0.0927093 0.852171 0.852047 0.000123565
0.0929093 0.852645 0.852523 0.000122337
0.0931093 0.853119 0.852998 0.000121108
0.0933093 0.853592 0.853472 0.000119877
0.0935094 0.854064 0.853945 0.000118644
0.0937094 0.854534 0.854417 0.000117409
0.0939094 0.855004 0.854888 0.000116172
0.0941094 0.855473 0.855358 0.000114934
0.0943094 0.855941 0.855828 0.000113694
0.0945095 0.856408 0.856296 0.000112452
0.0947095 0.856874 0.856763 0.000111209
0.0949095 0.857339 0.857229 0.000109964
0.0951095 0.857804 0.857695 0.000108717
0.0953095 0.858267 0.858159 0.000107469
0.0955096 0.858729 0.858623 0.000106219
0.0957096 0.85919 0.859085 0.000104967
0.0959096 0.85965 0.859547 0.000103714
0.0961096 0.86011 0.860007 0.00010246
0.0963096 0.860568 0.860467 0.000101203
0.0965097 0.861025 0.860925 9.99456e-05
0.0967097 0.861482 0.861383 9.86864e-05
0.0969097 0.861937 0.86184 9.74257e-05
0.0971097 0.862392 0.862296 9.61636e-05
0.0973097 0.862845 0.86275 9.49e-05
0.0975098 0.863298 0.863204 9.3635e-05
0.0977098 0.863749 0.863657 9.23687e-05
0.0979098 0.8642 0.864109 9.11009e-05
0.0981098 0.86465 0.86456 8.98318e-05
0.0983098 0.865098 0.86501 8.85614e-05
0.0985099 0.865546 0.865459 8.72897e-05
0.0987099 0.865993 0.865907 8.60166e-05
0.0989099 0.866438 0.866354 8.47423e-05
0.0991099 0.866883 0.8668 8.34668e-05
0.0993099 0.867327 0.867245 8.219e-05
0.09951 0.86777 0.867689 8.0912e-05
0.09971 0.868212 0.868132 7.96328e-05
0.09991 0.868652 0.868574 7.83524e-05
0.10011 0.869092 0.869015 7.70709e-05
0.10031 0.869531 0.869455 7.57883e-05
0.10051 0.869969 0.869895 7.45046e-05
0.10071 0.870406 0.870333 7.32197e-05
0.10091 0.870842 0.87077 7.19338e-05
0.10111 0.871277 0.871206 7.06468e-05
0.10131 0.871711 0.871642 6.93589e-05
0.10151 0.872144 0.872076 6.80699e-05
0.10171 0.872576 0.87251 6.67799e-05
0.10191 0.873007 0.872942 6.54889e-05
0.10211 0.873438 0.873373 6.4197e-05
0.10231 0.873867 0.873804 6.29042e-05
0.10251 0.874295 0.874233 6.16105e-05
0.10271 0.874722 0.874662 6.03159e-05
0.10291 0.875148 0.875089 5.90204e-05
0.10311 0.875573 0.875516 5.77241e-05
0.10331 0.875998 0.875941 5.64269e-05
0.10351 0.876421 0.876366 5.5129e-05
0.10371 0.876843 0.876789 5.38302e-05
0.10391 0.877264 0.877212 5.25307e-05
0.10411 0.877685 0.877634 5.12305e-05
0.10431 0.878104 0.878054 4.99295e-05
0.10451 0.878522 0.878474 4.86279e-05
0.10471 0.87894 0.878892 4.73255e-05
0.10491 0.879356 0.87931 4.60225e-05
0.105111 0.879771 0.879727 4.47189e-05
0.105311 0.880186 0.880142 4.34146e-05
0.105511 0.880599 0.880557 4.21098e-05
0.105711 0.881012 0.880971 4.08043e-05
0.105911 0.881423 0.881384 3.94983e-05
0.106111 0.881834 0.881795 3.81918e-05
0.106311 0.882243 0.882206 3.68848e-05
0.106511 0.882651 0.882616 3.55772e-05
0.106711 0.883059 0.883025 3.42692e-05
0.106911 0.883465 0.883432 3.29608e-05
0.107111 0.883871 0.883839 3.16519e-05
0.107311 0.884275 0.884245 3.03426e-05
0.107511 0.884679 0.88465 2.90329e-05
0.107711 0.885081 0.885054 2.77228e-05
0.107911 0.885483 0.885456 2.64124e-05
0.108111 0.885883 0.885858 2.51017e-05
0.108311 0.886283 0.886259 2.37906e-05
0.108511 0.886681 0.886659 2.24793e-05
0.108711 0.887079 0.887058 2.11677e-05
0.108911 0.887476 0.887456 1.98558e-05
0.109111 0.887871 0.887853 1.85437e-05
0.109311 0.888266 0.888248 1.72315e-05
0.109511 0.888659 0.888643 1.5919e-05
0.109711 0.889052 0.889037 1.46064e-05
0.109911 0.889443 0.88943 1.32936e-05
0.110111 0.889834 0.889822 1.19807e-05
0.110311 0.890224 0.890213 1.06678e-05
0.110511 0.890612 0.890603 9.35471e-06
0.110711 0.891 0.890992 8.04159e-06
0.110911 0.891386 0.89138 6.72844e-06
0.111111 0.891772 0.891766 5.41527e-06
0.111311 0.892156 0.892152 4.1021e-06
0.111511 0.89254 0.892537 2.78896e-06
0.111711 0.892923 0.892921 1.47587e-06
0.111911 0.893304 0.893304 1.62844e-07
0.112111 0.893685 0.893686 1.15009e-06
0.112311 0.894064 0.894067 2.46292e-06
0.112511 0.894443 0.894447 3.77562e-06
0.112711 0.894821 0.894826 5.08817e-06
0.112911 0.895197 0.895204 6.40054e-06
0.113111 0.895573 0.89558 7.71273e-06
0.113311 0.895947 0.895956 9.0247e-06
0.113511 0.896321 0.896331 1.03364e-05
0.113711 0.896693 0.896705 1.16479e-05
0.113911 0.897065 0.897078 1.29591e-05
0.114111 0.897436 0.89745 1.427e-05
0.114311 0.897805 0.897821 1.55806e-05
0.114511 0.898174 0.898191 1.68909e-05
0.114711 0.898541 0.898559 1.82008e-05
0.114911 0.898908 0.898927 1.95103e-05
0.115112 0.899273 0.899294 2.08194e-05
0.115312 0.899638 0.89966 2.21281e-05
0.115512 0.900001 0.900025 2.34363e-05
0.115712 0.900364 0.900388 2.47441e-05
0.115912 0.900725 0.900751 2.60514e-05
0.116112 0.901086 0.901113 2.73582e-05
0.116312 0.901445 0.901474 2.86645e-05
0.116512 0.901804 0.901834 2.99702e-05
0.116712 0.902161 0.902192 3.12754e-05
0.116912 0.902518 0.90255 3.258e-05
0.117112 0.902873 0.902907 3.38839e-05
0.117312 0.903227 0.903263 3.51873e-05
0.117512 0.903581 0.903617 3.649e-05
0.117712 0.903933 0.903971 3.7792e-05
0.117912 0.904285 0.904324 3.90933e-05
0.118112 0.904635 0.904675 4.03939e-05
0.118312 0.904984 0.905026 4.16938e-05
0.118512 0.905333 0.905376 4.29929e-05
0.118712 0.90568 0.905724 4.42912e-05
0.118912 0.906026 0.906072 4.55888e-05
0.119112 0.906372 0.906419 4.68855e-05
0.119312 0.906716 0.906764 4.81814e-05
0.119512 0.907059 0.907109 4.94765e-05
0.119712 0.907402 0.907452 5.07707e-05
0.119912 0.907743 0.907795 5.20639e-05
0.120112 0.908083 0.908137 5.33563e-05
0.120312 0.908422 0.908477 5.46477e-05
0.120512 0.908761 0.908817 5.59382e-05
0.120712 0.909098 0.909155 5.72276e-05
0.120912 0.909434 0.909493 5.85161e-05
0.121112 0.909769 0.909829 5.98036e-05
0.121312 0.910103 0.910164 6.109e-05
0.121512 0.910436 0.910499 6.23753e-05
0.121712 0.910769 0.910832 6.36596e-05
0.121912 0.9111 0.911165 6.49427e-05
0.122112 0.91143 0.911496 6.62248e-05
0.122312 0.911759 0.911826 6.75057e-05
0.122512 0.912087 0.912156 6.87854e-05
0.122712 0.912414 0.912484 7.00639e-05
0.122912 0.91274 0.912811 7.13413e-05
0.123112 0.913065 0.913137 7.26174e-05
0.123312 0.913389 0.913463 7.38923e-05
0.123512 0.913712 0.913787 7.51658e-05
0.123712 0.914034 0.91411 7.64382e-05
0.123912 0.914354 0.914432 7.77092e-05
0.124112 0.914674 0.914753 7.89788e-05
0.124312 0.914993 0.915073 8.02472e-05
0.124512 0.915311 0.915393 8.15141e-05
0.124712 0.915628 0.915711 8.27797e-05
0.124912 0.915944 0.916028 8.40439e-05
0.125113 0.916258 0.916344 8.53066e-05
0.125313 0.916572 0.916659 8.65679e-05
0.125513 0.916885 0.916973 8.78277e-05
0.125713 0.917196 0.917286 8.90861e-05
0.125913 0.917507 0.917597 9.03429e-05
0.126113 0.917817 0.917908 9.15982e-05
0.126313 0.918125 0.918218 9.28519e-05
0.126513 0.918433 0.918527 9.41041e-05
0.126713 0.91874 0.918835 9.53547e-05
0.126913 0.919045 0.919142 9.66037e-05
0.127113 0.91935 0.919447 9.7851e-05
0.127313 0.919653 0.919752 9.90967e-05
0.127513 0.919956 0.920056 0.000100341
0.127713 0.920257 0.920359 0.000101583
0.127913 0.920557 0.92066 0.000102824
0.128113 0.920857 0.920961 0.000104063
0.128313 0.921155 0.92126 0.0001053
0.128513 0.921452 0.921559 0.000106535
0.128713 0.921749 0.921856 0.000107769
0.128913 0.922044 0.922153 0.000109001
0.129113 0.922338 0.922448 0.000110231
0.129313 0.922631 0.922743 0.000111459
0.129513 0.922924 0.923036 0.000112685
0.129713 0.923215 0.923329 0.000113909
0.129913 0.923505 0.92362 0.000115132
0.130113 0.923794 0.92391 0.000116352
0.130313 0.924082 0.9242 0.000117571
0.130513 0.924369 0.924488 0.000118788
0.130713 0.924655 0.924775 0.000120002
0.130913 0.92494 0.925061 0.000121215
0.131113 0.925224 0.925346 0.000122425
0.131313 0.925507 0.92563 0.000123634
0.131513 0.925789 0.925913 0.000124841
0.131713 0.926069 0.926196 0.000126045
0.131913 0.926349 0.926477 0.000127247
0.132113 0.926628 0.926756 0.000128448
0.132313 0.926906 0.927035 0.000129646
0.132513 0.927182 0.927313 0.000130842
0.132713 0.927458 0.92759 0.000132035
0.132913 0.927733 0.927866 0.000133227
0.133113 0.928006 0.928141 0.000134416
0.133313 0.928279 0.928415 0.000135603
0.133513 0.92855 0.928687 0.000136788
0.133713 0.928821 0.928959 0.000137971
0.133913 0.92909 0.92923 0.000139151
0.134113 0.929359 0.929499 0.000140329
0.134313 0.929626 0.929768 0.000141505
0.134513 0.929893 0.930035 0.000142678
0.134713 0.930158 0.930302 0.000143849
0.134913 0.930422 0.930567 0.000145018
0.135114 0.930685 0.930832 0.000146184
0.135314 0.930948 0.931095 0.000147347
0.135514 0.931209 0.931357 0.000148509
0.135714 0.931469 0.931619 0.000149668
0.135914 0.931728 0.931879 0.000150824
0.136114 0.931986 0.932138 0.000151978
0.136314 0.932243 0.932396 0.000153129
0.136514 0.932499 0.932653 0.000154278
0.136714 0.932754 0.93291 0.000155424
0.136914 0.933008 0.933165 0.000156568
0.137114 0.933261 0.933419 0.000157709
0.137314 0.933513 0.933672 0.000158848
0.137514 0.933764 0.933924 0.000159983
0.137714 0.934013 0.934174 0.000161117
0.137914 0.934262 0.934424 0.000162247
0.138114 0.93451 0.934673 0.000163375
0.138314 0.934756 0.934921 0.0001645
0.138514 0.935002 0.935168 0.000165623
0.138714 0.935247 0.935413 0.000166743
0.138914 0.93549 0.935658 0.00016786
0.139114 0.935733 0.935902 0.000168974
0.139314 0.935974 0.936144 0.000170085
0.139514 0.936214 0.936386 0.000171194
0.139714 0.936454 0.936626 0.0001723
0.139914 0.936692 0.936865 0.000173403
0.140114 0.936929 0.937104 0.000174503
0.140314 0.937166 0.937341 0.0001756
0.140514 0.937401 0.937577 0.000176694
0.140714 0.937635 0.937813 0.000177786
0.140914 0.937868 0.938047 0.000178874
0.141114 0.9381 0.93828 0.00017996
0.141314 0.938331 0.938512 0.000181042
0.141514 0.938561 0.938743 0.000182122
0.141714 0.93879 0.938973 0.000183199
0.141914 0.939018 0.939202 0.000184272
0.142114 0.939245 0.93943 0.000185343
0.142314 0.939471 0.939657 0.00018641
0.142514 0.939695 0.939883 0.000187475
0.142714 0.939919 0.940108 0.000188536
0.142914 0.940142 0.940331 0.000189594
0.143114 0.940363 0.940554 0.000190649
0.143314 0.940584 0.940776 0.000191701
0.143514 0.940803 0.940996 0.00019275
0.143714 0.941022 0.941216 0.000193796
0.143914 0.941239 0.941434 0.000194838
0.144114 0.941456 0.941652 0.000195878
0.144314 0.941671 0.941868 0.000196914
0.144514 0.941886 0.942083 0.000197947
0.144714 0.942099 0.942298 0.000198976
0.144914 0.942311 0.942511 0.000200003
0.145115 0.942522 0.942723 0.000201026
0.145315 0.942732 0.942934 0.000202045
0.145515 0.942941 0.943145 0.000203062
0.145715 0.943149 0.943354 0.000204075
0.145915 0.943356 0.943562 0.000205084
0.146115 0.943562 0.943769 0.000206091
0.146315 0.943767 0.943974 0.000207094
0.146515 0.943971 0.944179 0.000208093
0.146715 0.944174 0.944383 0.00020909
0.146915 0.944376 0.944586 0.000210082
0.147115 0.944577 0.944788 0.000211072
0.147315 0.944776 0.944988 0.000212057
0.147515 0.944975 0.945188 0.00021304
0.147715 0.945172 0.945386 0.000214018
0.147915 0.945369 0.945584 0.000214994
0.148115 0.945564 0.94578 0.000215966
0.148315 0.945759 0.945976 0.000216934
0.148515 0.945952 0.94617 0.000217899
0.148715 0.946145 0.946363 0.00021886
0.148915 0.946336 0.946556 0.000219817
0.149115 0.946526 0.946747 0.000220771
0.149315 0.946715 0.946937 0.000221721
0.149515 0.946903 0.947126 0.000222668
0.149715 0.947091 0.947314 0.000223611
0.149915 0.947277 0.947501 0.00022455
0.150115 0.947462 0.947687 0.000225486
0.150315 0.947646 0.947872 0.000226418
0.150515 0.947828 0.948056 0.000227346
0.150715 0.94801 0.948239 0.000228271
0.150915 0.948191 0.94842 0.000229192
0.151115 0.948371 0.948601 0.000230109
0.151315 0.94855 0.948781 0.000231022
0.151515 0.948727 0.948959 0.000231932
0.151715 0.948904 0.949137 0.000232837
0.151915 0.949079 0.949313 0.000233739
0.152115 0.949254 0.949488 0.000234637
0.152315 0.949427 0.949663 0.000235531
0.152515 0.9496 0.949836 0.000236422
0.152715 0.949771 0.950008 0.000237308
0.152915 0.949941 0.95018 0.000238191
0.153115 0.950111 0.95035 0.000239069
0.153315 0.950279 0.950519 0.000239944
0.153515 0.950446 0.950687 0.000240815
0.153715 0.950612 0.950854 0.000241682
0.153915 0.950777 0.95102 0.000242545
0.154115 0.950941 0.951184 0.000243404
0.154315 0.951104 0.951348 0.000244259
0.154515 0.951266 0.951511 0.00024511
0.154715 0.951427 0.951673 0.000245957
0.154915 0.951587 0.951833 0.0002468
0.155116 0.951745 0.951993 0.000247639
0.155316 0.951903 0.952151 0.000248473
0.155516 0.95206 0.952309 0.000249304
0.155716 0.952215 0.952465 0.000250131
0.155916 0.95237 0.952621 0.000250954
0.156116 0.952523 0.952775 0.000251772
0.156316 0.952676 0.952928 0.000252586
0.156516 0.952827 0.95308 0.000253397
0.156716 0.952977 0.953232 0.000254203
0.156916 0.953127 0.953382 0.000255005
0.157116 0.953275 0.953531 0.000255802
0.157316 0.953422 0.953679 0.000256596
0.157516 0.953568 0.953826 0.000257385
0.157716 0.953713 0.953971 0.000258171
0.157916 0.953857 0.954116 0.000258952
0.158116 0.954 0.95426 0.000259728
0.158316 0.954142 0.954403 0.000260501
0.158516 0.954283 0.954544 0.000261269
0.158716 0.954423 0.954685 0.000262033
0.158916 0.954562 0.954824 0.000262792
0.159116 0.954699 0.954963 0.000263548
0.159316 0.954836 0.9551 0.000264299
0.159516 0.954972 0.955237 0.000265046
0.159716 0.955106 0.955372 0.000265788
0.159916 0.95524 0.955506 0.000266526
0.160116 0.955372 0.955639 0.00026726
0.160316 0.955503 0.955771 0.000267989
0.160516 0.955634 0.955902 0.000268714
0.160716 0.955763 0.956032 0.000269434
0.160916 0.955891 0.956161 0.00027015
0.161116 0.956018 0.956289 0.000270862
0.161316 0.956145 0.956416 0.000271569
0.161516 0.95627 0.956542 0.000272272
0.161716 0.956394 0.956667 0.000272971
0.161916 0.956517 0.95679 0.000273665
0.162116 0.956638 0.956913 0.000274354
0.162316 0.956759 0.957034 0.000275039
0.162516 0.956879 0.957155 0.000275719
0.162716 0.956998 0.957274 0.000276395
0.162916 0.957116 0.957393 0.000277067
0.163116 0.957232 0.95751 0.000277734
0.163316 0.957348 0.957626 0.000278396
0.163516 0.957462 0.957741 0.000279054
0.163716 0.957576 0.957856 0.000279707
0.163916 0.957688 0.957969 0.000280356
0.164116 0.9578 0.958081 0.000281
0.164316 0.95791 0.958192 0.000281639
0.164516 0.958019 0.958301 0.000282274
0.164716 0.958127 0.95841 0.000282905
0.164916 0.958235 0.958518 0.00028353
0.165117 0.958341 0.958625 0.000284151
0.165317 0.958446 0.958731 0.000284768
0.165517 0.95855 0.958835 0.000285379
0.165717 0.958653 0.958939 0.000285986
0.165917 0.958755 0.959041 0.000286589
0.166117 0.958855 0.959143 0.000287186
0.166317 0.958955 0.959243 0.000287779
0.166517 0.959054 0.959342 0.000288368
0.166717 0.959152 0.959441 0.000288951
0.166917 0.959248 0.959538 0.00028953
0.167117 0.959344 0.959634 0.000290104
0.167317 0.959438 0.959729 0.000290674
0.167517 0.959532 0.959823 0.000291238
0.167717 0.959624 0.959916 0.000291798
0.167917 0.959716 0.960008 0.000292353
0.168117 0.959806 0.960099 0.000292904
0.168317 0.959895 0.960189 0.000293449
0.168517 0.959983 0.960277 0.00029399
0.168717 0.960071 0.960365 0.000294526
0.168917 0.960157 0.960452 0.000295057
0.169117 0.960242 0.960537 0.000295584
0.169317 0.960326 0.960622 0.000296105
0.169517 0.960409 0.960705 0.000296622
0.169717 0.96049 0.960788 0.000297134
0.169917 0.960571 0.960869 0.000297641
0.170117 0.960651 0.960949 0.000298143
0.170317 0.96073 0.961028 0.00029864
0.170517 0.960808 0.961107 0.000299132
0.170717 0.960884 0.961184 0.00029962
0.170917 0.96096 0.96126 0.000300102
0.171117 0.961034 0.961335 0.00030058
0.171317 0.961108 0.961409 0.000301053
0.171517 0.96118 0.961482 0.000301521
0.171717 0.961251 0.961553 0.000301983
0.171917 0.961322 0.961624 0.000302441
0.172117 0.961391 0.961694 0.000302894
0.172317 0.961459 0.961763 0.000303343
0.172517 0.961526 0.96183 0.000303786
0.172717 0.961592 0.961897 0.000304224
0.172917 0.961657 0.961962 0.000304657
0.173117 0.961721 0.962027 0.000305085
0.173317 0.961784 0.96209 0.000305508
0.173517 0.961846 0.962152 0.000305927
0.173717 0.961907 0.962213 0.00030634
0.173917 0.961967 0.962274 0.000306748
0.174117 0.962026 0.962333 0.000307151
0.174317 0.962083 0.962391 0.00030755
0.174517 0.96214 0.962448 0.000307943
0.174717 0.962195 0.962504 0.000308331
0.174917 0.96225 0.962559 0.000308714
0.175118 0.962303 0.962613 0.000309092
0.175318 0.962356 0.962665 0.000309465
0.175518 0.962407 0.962717 0.000309833
0.175718 0.962458 0.962768 0.000310196
0.175918 0.962507 0.962817 0.000310554
0.176118 0.962555 0.962866 0.000310907
0.176318 0.962602 0.962913 0.000311255
0.176518 0.962648 0.96296 0.000311597
0.176718 0.962693 0.963005 0.000311935
0.176918 0.962737 0.96305 0.000312267
0.177118 0.96278 0.963093 0.000312594
0.177318 0.962822 0.963135 0.000312917
0.177518 0.962863 0.963176 0.000313234
0.177718 0.962903 0.963216 0.000313546
0.177918 0.962942 0.963255 0.000313853
0.178118 0.962979 0.963294 0.000314154
0.178318 0.963016 0.96333 0.000314451
0.178518 0.963052 0.963366 0.000314743
0.178718 0.963086 0.963401 0.000315029
0.178918 0.96312 0.963435 0.00031531
0.179118 0.963152 0.963468 0.000315586
0.179318 0.963184 0.963499 0.000315857
0.179518 0.963214 0.96353 0.000316123
0.179718 0.963243 0.96356 0.000316383
0.179918 0.963271 0.963588 0.000316639
0.180118 0.963299 0.963616 0.000316889
0.180318 0.963325 0.963642 0.000317134
0.180518 0.96335 0.963667 0.000317374
0.180718 0.963374 0.963692 0.000317609
0.180918 0.963397 0.963715 0.000317838
0.181118 0.963419 0.963737 0.000318063
0.181318 0.96344 0.963758 0.000318282
0.181518 0.96346 0.963778 0.000318496
0.181718 0.963478 0.963797 0.000318704
0.181918 0.963496 0.963815 0.000318908
0.182118 0.963513 0.963832 0.000319106
0.182318 0.963529 0.963848 0.000319299
0.182518 0.963543 0.963863 0.000319487
0.182718 0.963557 0.963876 0.00031967
0.182918 0.963569 0.963889 0.000319847
0.183118 0.963581 0.963901 0.00032002
0.183318 0.963591 0.963911 0.000320187
0.183518 0.963601 0.963921 0.000320348
0.183718 0.963609 0.963929 0.000320505
0.183918 0.963616 0.963937 0.000320656
0.184118 0.963622 0.963943 0.000320802
0.184318 0.963628 0.963949 0.000320943
0.184518 0.963632 0.963953 0.000321079
0.184718 0.963635 0.963956 0.000321209
0.184918 0.963637 0.963958 0.000321334
0.185119 0.963638 0.963959 0.000321454
0.185319 0.963638 0.963959 0.000321569
0.185519 0.963637 0.963958 0.000321678
0.185719 0.963635 0.963956 0.000321782
0.185919 0.963631 0.963953 0.000321881
0.186119 0.963627 0.963949 0.000321975
0.186319 0.963622 0.963944 0.000322063
0.186519 0.963616 0.963938 0.000322146
0.186719 0.963608 0.963931 0.000322224
0.186919 0.9636 0.963922 0.000322297
0.187119 0.96359 0.963913 0.000322364
0.187319 0.96358 0.963902 0.000322426
0.187519 0.963568 0.963891 0.000322483
0.187719 0.963556 0.963878 0.000322534
0.187919 0.963542 0.963865 0.00032258
0.188119 0.963527 0.96385 0.000322621
0.188319 0.963512 0.963834 0.000322657
0.188519 0.963495 0.963818 0.000322688
0.188719 0.963477 0.9638 0.000322713
0.188919 0.963458 0.963781 0.000322733
0.189119 0.963438 0.963761 0.000322747
0.189319 0.963418 0.96374 0.000322757
0.189519 0.963396 0.963718 0.000322761
0.189719 0.963373 0.963695 0.00032276
0.189919 0.963348 0.963671 0.000322753
0.190119 0.963323 0.963646 0.000322742
0.190319 0.963297 0.96362 0.000322725
0.190519 0.96327 0.963593 0.000322702
0.190719 0.963242 0.963564 0.000322675
0.190919 0.963212 0.963535 0.000322642
0.191119 0.963182 0.963505 0.000322604
0.191319 0.963151 0.963473 0.000322561
0.191519 0.963118 0.963441 0.000322512
0.191719 0.963085 0.963407 0.000322458
0.191919 0.96305 0.963373 0.000322399
0.192119 0.963015 0.963337 0.000322335
0.192319 0.962978 0.963301 0.000322265
0.192519 0.962941 0.963263 0.00032219
0.192719 0.962902 0.963224 0.00032211
0.192919 0.962862 0.963184 0.000322025
0.193119 0.962822 0.963144 0.000321934
0.193319 0.96278 0.963102 0.000321838
0.193519 0.962737 0.963059 0.000321737
0.193719 0.962693 0.963015 0.000321631
0.193919 0.962648 0.96297 0.000321519
0.194119 0.962603 0.962924 0.000321402
0.194319 0.962556 0.962877 0.00032128
0.194519 0.962508 0.962829 0.000321153
0.194719 0.962459 0.96278 0.00032102
0.194919 0.962408 0.962729 0.000320882
0.19512 0.962357 0.962678 0.000320739
0.19532 0.962305 0.962626 0.000320591
0.19552 0.962252 0.962572 0.000320437
0.19572 0.962198 0.962518 0.000320278
0.19592 0.962143 0.962463 0.000320114
0.19612 0.962086 0.962406 0.000319945
0.19632 0.962029 0.962349 0.00031977
0.19652 0.961971 0.96229 0.000319591
0.19672 0.961911 0.962231 0.000319406
0.19692 0.961851 0.96217 0.000319216
0.19712 0.961789 0.962108 0.00031902
0.19732 0.961727 0.962046 0.00031882
0.19752 0.961663 0.961982 0.000318614
0.19772 0.961599 0.961917 0.000318403
0.19792 0.961533 0.961851 0.000318187
0.19812 0.961466 0.961784 0.000317966
0.19832 0.961399 0.961716 0.000317739
0.19852 0.96133 0.961648 0.000317507
0.19872 0.96126 0.961578 0.000317271
0.19892 0.961189 0.961507 0.000317029
0.19912 0.961118 0.961434 0.000316781
0.19932 0.961045 0.961361 0.000316529
0.19952 0.960971 0.961287 0.000316271
0.19972 0.960896 0.961212 0.000316009
0.19992 0.96082 0.961136 0.000315741
0.20012 0.960743 0.961059 0.000315468
0.20032 0.960665 0.96098 0.00031519
0.20052 0.960586 0.960901 0.000314906
0.20072 0.960506 0.960821 0.000314618
0.20092 0.960425 0.960739 0.000314324
0.20112 0.960343 0.960657 0.000314026
0.20132 0.96026 0.960573 0.000313722
0.20152 0.960175 0.960489 0.000313413
0.20172 0.96009 0.960403 0.000313099
0.20192 0.960004 0.960317 0.00031278
0.20212 0.959917 0.960229 0.000312455
0.20232 0.959828 0.960141 0.000312126
0.20252 0.959739 0.960051 0.000311792
0.20272 0.959649 0.95996 0.000311452
0.20292 0.959557 0.959868 0.000311108
0.20312 0.959465 0.959776 0.000310758
0.20332 0.959371 0.959682 0.000310403
0.20352 0.959277 0.959587 0.000310043
0.20372 0.959181 0.959491 0.000309678
0.20392 0.959085 0.959394 0.000309309
0.20412 0.958987 0.959296 0.000308934
0.20432 0.958889 0.959197 0.000308554
0.20452 0.958789 0.959097 0.000308169
0.20472 0.958689 0.958996 0.000307779
0.20492 0.958587 0.958894 0.000307384
0.205121 0.958484 0.958791 0.000306983
0.205321 0.95838 0.958687 0.000306578
0.205521 0.958276 0.958582 0.000306168
0.205721 0.95817 0.958476 0.000305753
0.205921 0.958063 0.958369 0.000305333
0.206121 0.957955 0.95826 0.000304908
0.206321 0.957847 0.958151 0.000304478
0.206521 0.957737 0.958041 0.000304043
0.206721 0.957626 0.957929 0.000303603
0.206921 0.957514 0.957817 0.000303159
0.207121 0.957401 0.957704 0.000302709
0.207321 0.957287 0.957589 0.000302254
0.207521 0.957172 0.957474 0.000301795
0.207721 0.957056 0.957357 0.00030133
0.207921 0.956939 0.95724 0.000300861
0.208121 0.956821 0.957121 0.000300386
0.208321 0.956702 0.957002 0.000299907
0.208521 0.956582 0.956881 0.000299423
0.208721 0.956461 0.95676 0.000298934
0.208921 0.956339 0.956637 0.00029844
0.209121 0.956216 0.956514 0.000297941
0.209321 0.956092 0.956389 0.000297438
0.209521 0.955966 0.956263 0.000296929
0.209721 0.95584 0.956137 0.000296416
0.209921 0.955713 0.956009 0.000295898
0.210121 0.955585 0.95588 0.000295375
0.210321 0.955456 0.95575 0.000294847
0.210521 0.955325 0.95562 0.000294315
0.210721 0.955194 0.955488 0.000293777
0.210921 0.955062 0.955355 0.000293235
0.211121 0.954928 0.955221 0.000292688
0.211321 0.954794 0.955086 0.000292137
0.211521 0.954659 0.95495 0.00029158
0.211721 0.954522 0.954813 0.000291019
0.211921 0.954385 0.954675 0.000290453
0.212121 0.954247 0.954537 0.000289883
0.212321 0.954107 0.954397 0.000289307
0.212521 0.953967 0.954256 0.000288727
0.212721 0.953825 0.954114 0.000288143
0.212921 0.953683 0.953971 0.000287553
0.213121 0.95354 0.953827 0.000286959
0.213321 0.953395 0.953681 0.000286361
0.213521 0.95325 0.953535 0.000285757
0.213721 0.953103 0.953388 0.000285149
0.213921 0.952956 0.95324 0.000284536
0.214121 0.952807 0.953091 0.000283919
0.214321 0.952658 0.952941 0.000283297
0.214521 0.952507 0.95279 0.000282671
0.214721 0.952356 0.952638 0.000282039
0.214921 0.952203 0.952484 0.000281404
0.215122 0.95205 0.95233 0.000280763
0.215322 0.951895 0.952175 0.000280119
0.215522 0.951739 0.952019 0.000279469
0.215722 0.951583 0.951862 0.000278815
0.215922 0.951425 0.951703 0.000278157
0.216122 0.951267 0.951544 0.000277494
0.216322 0.951107 0.951384 0.000276826
0.216522 0.950946 0.951223 0.000276154
0.216722 0.950785 0.95106 0.000275478
0.216922 0.950622 0.950897 0.000274797
0.217122 0.950459 0.950733 0.000274111
0.217322 0.950294 0.950567 0.000273422
0.217522 0.950128 0.950401 0.000272727
0.217722 0.949962 0.950234 0.000272028
0.217922 0.949794 0.950065 0.000271325
0.218122 0.949625 0.949896 0.000270618
0.218322 0.949456 0.949726 0.000269906
0.218522 0.949285 0.949554 0.000269189
0.218722 0.949113 0.949382 0.000268469
0.218922 0.948941 0.949208 0.000267744
0.219122 0.948767 0.949034 0.000267014
0.219322 0.948592 0.948859 0.000266281
0.219522 0.948417 0.948682 0.000265542
0.219722 0.94824 0.948505 0.0002648
0.219922 0.948062 0.948326 0.000264053
0.220122 0.947884 0.948147 0.000263302
0.220322 0.947704 0.947967 0.000262547
0.220522 0.947523 0.947785 0.000261788
0.220722 0.947342 0.947603 0.000261024
0.220922 0.947159 0.947419 0.000260256
0.221122 0.946975 0.947235 0.000259484
0.221322 0.946791 0.947049 0.000258708
0.221522 0.946605 0.946863 0.000257927
0.221722 0.946418 0.946676 0.000257142
0.221922 0.946231 0.946487 0.000256353
0.222122 0.946042 0.946298 0.00025556
0.222322 0.945852 0.946107 0.000254763
0.222522 0.945662 0.945916 0.000253962
0.222722 0.94547 0.945723 0.000253156
0.222922 0.945278 0.94553 0.000252347
0.223122 0.945084 0.945335 0.000251533
0.223322 0.944889 0.94514 0.000250715
0.223522 0.944694 0.944944 0.000249894
0.223722 0.944497 0.944746 0.000249068
0.223922 0.9443 0.944548 0.000248238
0.224122 0.944101 0.944348 0.000247404
0.224322 0.943901 0.944148 0.000246566
0.224522 0.943701 0.943947 0.000245724
0.224722 0.943499 0.943744 0.000244879
0.224922 0.943297 0.943541 0.000244029
0.225123 0.943093 0.943336 0.000243175
0.225323 0.942889 0.943131 0.000242318
0.225523 0.942683 0.942925 0.000241456
0.225723 0.942477 0.942717 0.000240591
0.225923 0.942269 0.942509 0.000239721
0.226123 0.942061 0.942299 0.000238848
0.226323 0.941851 0.942089 0.000237971
0.226523 0.941641 0.941878 0.00023709
0.226723 0.941429 0.941665 0.000236205
0.226923 0.941217 0.941452 0.000235317
0.227123 0.941003 0.941238 0.000234424
0.227323 0.940789 0.941022 0.000233528
0.227523 0.940574 0.940806 0.000232628
0.227723 0.940357 0.940589 0.000231725
0.227923 0.94014 0.940371 0.000230817
0.228123 0.939921 0.940151 0.000229906
0.228323 0.939702 0.939931 0.000228991
0.228523 0.939482 0.93971 0.000228073
0.228723 0.939261 0.939488 0.00022715
0.228923 0.939038 0.939265 0.000226225
0.229123 0.938815 0.93904 0.000225295
0.229323 0.938591 0.938815 0.000224362
0.229523 0.938366 0.938589 0.000223425
0.229723 0.938139 0.938362 0.000222485
0.229923 0.937912 0.938134 0.000221541
0.230123 0.937684 0.937905 0.000220593
0.230323 0.937455 0.937675 0.000219642
0.230523 0.937225 0.937444 0.000218688
0.230723 0.936994 0.937211 0.00021773
0.230923 0.936762 0.936978 0.000216768
0.231123 0.936529 0.936744 0.000215803
0.231323 0.936295 0.936509 0.000214835
0.231523 0.93606 0.936273 0.000213863
0.231723 0.935824 0.936037 0.000212887
0.231923 0.935587 0.935799 0.000211908
0.232123 0.935349 0.93556 0.000210926
0.232323 0.93511 0.93532 0.00020994
0.232523 0.93487 0.935079 0.000208951
0.232723 0.934629 0.934837 0.000207959
0.232923 0.934387 0.934594 0.000206963
0.233123 0.934145 0.934351 0.000205964
0.233323 0.933901 0.934106 0.000204962
0.233523 0.933656 0.93386 0.000203956
0.233723 0.93341 0.933613 0.000202947
0.233923 0.933164 0.933366 0.000201935
0.234123 0.932916 0.933117 0.00020092
0.234323 0.932667 0.932867 0.000199901
0.234523 0.932418 0.932617 0.00019888
0.234723 0.932167 0.932365 0.000197855
0.234923 0.931916 0.932113 0.000196827
0.235124 0.931663 0.931859 0.000195795
0.235324 0.93141 0.931605 0.000194761
0.235524 0.931155 0.931349 0.000193723
0.235724 0.9309 0.931093 0.000192683
0.235924 0.930644 0.930835 0.000191639
0.236124 0.930386 0.930577 0.000190592
0.236324 0.930128 0.930318 0.000189543
0.236524 0.929869 0.930057 0.00018849
0.236724 0.929609 0.929796 0.000187434
0.236924 0.929348 0.929534 0.000186375
0.237124 0.929085 0.929271 0.000185314
0.237324 0.928822 0.929007 0.000184249
0.237524 0.928558 0.928741 0.000183181
0.237724 0.928293 0.928475 0.000182111
0.237924 0.928027 0.928208 0.000181037
0.238124 0.92776 0.92794 0.000179961
0.238324 0.927492 0.927671 0.000178882
0.238524 0.927224 0.927401 0.0001778
0.238724 0.926954 0.92713 0.000176715
0.238924 0.926683 0.926859 0.000175627
0.239124 0.926411 0.926586 0.000174537
0.239324 0.926139 0.926312 0.000173443
0.239524 0.925865 0.926037 0.000172347
0.239724 0.92559 0.925762 0.000171249
0.239924 0.925315 0.925485 0.000170147
0.240124 0.925038 0.925207 0.000169043
0.240324 0.924761 0.924929 0.000167936
0.240524 0.924482 0.924649 0.000166827
0.240724 0.924203 0.924369 0.000165715
0.240924 0.923923 0.924087 0.0001646
0.241124 0.923641 0.923805 0.000163483
0.241324 0.923359 0.923522 0.000162363
0.241524 0.923076 0.923237 0.00016124
0.241724 0.922792 0.922952 0.000160115
0.241924 0.922507 0.922666 0.000158988
0.242124 0.922221 0.922379 0.000157858
0.242324 0.921934 0.92209 0.000156725
0.242524 0.921646 0.921801 0.00015559
0.242724 0.921357 0.921511 0.000154453
0.242924 0.921067 0.92122 0.000153313
0.243124 0.920776 0.920928 0.000152171
0.243324 0.920485 0.920636 0.000151026
0.243524 0.920192 0.920342 0.000149879
0.243724 0.919898 0.920047 0.00014873
0.243924 0.919604 0.919751 0.000147578
0.244124 0.919308 0.919455 0.000146424
0.244324 0.919012 0.919157 0.000145268
0.244524 0.918714 0.918859 0.000144109
0.244724 0.918416 0.918559 0.000142948
0.244924 0.918117 0.918259 0.000141785
0.245125 0.917817 0.917957 0.00014062
0.245325 0.917515 0.917655 0.000139453
0.245525 0.917213 0.917352 0.000138283
0.245725 0.91691 0.917047 0.000137111
0.245925 0.916606 0.916742 0.000135937
0.246125 0.916301 0.916436 0.000134761
0.246325 0.915996 0.916129 0.000133583
0.246525 0.915689 0.915821 0.000132403
0.246725 0.915381 0.915512 0.000131221
0.246925 0.915072 0.915202 0.000130037
0.247125 0.914763 0.914892 0.00012885
0.247325 0.914452 0.91458 0.000127662
0.247525 0.914141 0.914267 0.000126472
0.247725 0.913828 0.913954 0.00012528
0.247925 0.913515 0.913639 0.000124085
0.248125 0.913201 0.913324 0.000122889
0.248325 0.912885 0.913007 0.000121692
0.248525 0.912569 0.91269 0.000120492
0.248725 0.912252 0.912372 0.00011929
0.248925 0.911934 0.912052 0.000118087
0.249125 0.911615 0.911732 0.000116881
0.249325 0.911295 0.911411 0.000115674
0.249525 0.910975 0.911089 0.000114465
0.249725 0.910653 0.910766 0.000113255
0.249925 0.91033 0.910442 0.000112043
0.250125 0.910007 0.910117 0.000110829
0.250325 0.909682 0.909792 0.000109613
0.250525 0.909357 0.909465 0.000108396
0.250725 0.90903 0.909138 0.000107177
0.250925 0.908703 0.908809 0.000105956
0.251125 0.908375 0.90848 0.000104734
0.251325 0.908046 0.908149 0.00010351
0.251525 0.907716 0.907818 0.000102285
0.251725 0.907385 0.907486 0.000101058
0.251925 0.907053 0.907153 9.98293e-05
0.252125 0.90672 0.906818 9.85994e-05
0.252325 0.906386 0.906484 9.7368e-05
0.252525 0.906051 0.906148 9.61352e-05
0.252725 0.905716 0.905811 9.49009e-05
0.252925 0.905379 0.905473 9.36653e-05
0.253125 0.905042 0.905134 9.24282e-05
0.253325 0.904704 0.904795 9.11898e-05
0.253525 0.904364 0.904454 8.995e-05
0.253725 0.904024 0.904113 8.87089e-05
0.253925 0.903683 0.90377 8.74665e-05
0.254125 0.903341 0.903427 8.62228e-05
0.254325 0.902998 0.903083 8.49778e-05
0.254525 0.902654 0.902738 8.37316e-05
0.254725 0.902309 0.902392 8.24842e-05
0.254925 0.901964 0.902045 8.12356e-05
0.255126 0.901617 0.901697 7.99858e-05
0.255326 0.90127 0.901348 7.87349e-05
0.255526 0.900921 0.900999 7.74828e-05
0.255726 0.900572 0.900648 7.62296e-05
0.255926 0.900222 0.900297 7.49753e-05
0.256126 0.899871 0.899944 7.37199e-05
0.256326 0.899519 0.899591 7.24635e-05
0.256526 0.899166 0.899237 7.12061e-05
0.256726 0.898812 0.898882 6.99477e-05
0.256926 0.898457 0.898526 6.86882e-05
0.257126 0.898101 0.898169 6.74278e-05
0.257326 0.897745 0.897811 6.61665e-05
0.257526 0.897387 0.897452 6.49043e-05
0.257726 0.897029 0.897092 6.36411e-05
0.257926 0.896669 0.896732 6.23771e-05
0.258126 0.896309 0.89637 6.11122e-05
0.258326 0.895948 0.896008 5.98465e-05
0.258526 0.895586 0.895645 5.858e-05
0.258726 0.895223 0.89528 5.73127e-05
0.258926 0.894859 0.894915 5.60446e-05
0.259126 0.894495 0.894549 5.47758e-05
0.259326 0.894129 0.894182 5.35063e-05
0.259526 0.893762 0.893815 5.2236e-05
0.259726 0.893395 0.893446 5.09651e-05
0.259926 0.893027 0.893076 4.96935e-05
0.260126 0.892657 0.892706 4.84213e-05
0.260326 0.892287 0.892335 4.71485e-05
0.260526 0.891916 0.891962 4.58751e-05
0.260726 0.891544 0.891589 4.46011e-05
0.260926 0.891172 0.891215 4.33265e-05
0.261126 0.890798 0.89084 4.20515e-05
0.261326 0.890423 0.890464 4.07759e-05
0.261526 0.890048 0.890087 3.94999e-05
0.261726 0.889672 0.88971 3.82233e-05
0.261926 0.889294 0.889331 3.69464e-05
0.262126 0.888916 0.888952 3.5669e-05
0.262326 0.888537 0.888571 3.43912e-05
0.262526 0.888157 0.88819 3.31131e-05
0.262726 0.887776 0.887808 3.18346e-05
0.262926 0.887395 0.887425 3.05558e-05
0.263126 0.887012 0.887041 2.92767e-05
0.263326 0.886628 0.886656 2.79972e-05
0.263526 0.886244 0.886271 2.67176e-05
0.263726 0.885859 0.885884 2.54377e-05
0.263926 0.885473 0.885497 2.41575e-05
0.264126 0.885086 0.885109 2.28772e-05
0.264326 0.884698 0.884719 2.15967e-05
0.264526 0.884309 0.884329 2.0316e-05
0.264726 0.883919 0.883938 1.90352e-05
0.264926 0.883529 0.883546 1.77543e-05
0.265127 0.883137 0.883154 1.64733e-05
0.265327 0.882745 0.88276 1.51923e-05
0.265527 0.882352 0.882366 1.39112e-05
0.265727 0.881958 0.88197 1.26301e-05
0.265927 0.881563 0.881574 1.1349e-05
0.266127 0.881167 0.881177 1.00679e-05
0.266327 0.88077 0.880779 8.78684e-06
0.266527 0.880372 0.88038 7.50586e-06
0.266727 0.879974 0.87998 6.22498e-06
0.266927 0.879575 0.87958 4.9442e-06
0.267127 0.879174 0.879178 3.66356e-06
0.267327 0.878773 0.878776 2.38308e-06
0.267527 0.878371 0.878372 1.10278e-06
0.267727 0.877968 0.877968 1.77325e-07
0.267927 0.877565 0.877563 1.45721e-06
0.268127 0.87716 0.877157 2.73684e-06
0.268327 0.876755 0.876751 4.01621e-06
0.268527 0.876348 0.876343 5.29529e-06
0.268727 0.875941 0.875935 6.57406e-06
0.268927 0.875533 0.875525 7.8525e-06
0.269127 0.875124 0.875115 9.13058e-06
0.269327 0.874714 0.874704 1.04083e-05
0.269527 0.874304 0.874292 1.16856e-05
0.269727 0.873892 0.873879 1.29625e-05
0.269927 0.87348 0.873465 1.42389e-05
0.270127 0.873066 0.873051 1.55149e-05
0.270327 0.872652 0.872636 1.67904e-05
0.270527 0.872237 0.872219 1.80654e-05
0.270727 0.871821 0.871802 1.93398e-05
0.270927 0.871405 0.871384 2.06137e-05
0.271127 0.870987 0.870965 2.1887e-05
0.271327 0.870569 0.870546 2.31597e-05
0.271527 0.870149 0.870125 2.44318e-05
0.271727 0.869729 0.869704 2.57033e-05
0.271927 0.869308 0.869281 2.69741e-05
0.272127 0.868886 0.868858 2.82442e-05
0.272327 0.868464 0.868434 2.95136e-05
0.272527 0.86804 0.868009 3.07823e-05
0.272727 0.867616 0.867584 3.20502e-05
0.272927 0.86719 0.867157 3.33173e-05
0.273127 0.866764 0.86673 3.45837e-05
0.273327 0.866337 0.866301 3.58492e-05
0.273527 0.865909 0.865872 3.71139e-05
0.273727 0.865481 0.865442 3.83778e-05
0.273927 0.865051 0.865011 3.96407e-05
0.274127 0.864621 0.86458 4.09028e-05
0.274327 0.864189 0.864147 4.21639e-05
0.274527 0.863757 0.863714 4.3424e-05
0.274727 0.863324 0.86328 4.46832e-05
0.274927 0.86289 0.862845 4.59415e-05
0.275128 0.862456 0.862409 4.71986e-05
0.275328 0.86202 0.861972 4.84548e-05
0.275528 0.861584 0.861534 4.97099e-05
0.275728 0.861147 0.861096 5.09639e-05
0.275928 0.860709 0.860657 5.22168e-05
0.276128 0.86027 0.860216 5.34686e-05
0.276328 0.85983 0.859775 5.47193e-05
0.276528 0.85939 0.859334 5.59688e-05
0.276728 0.858948 0.858891 5.72171e-05
0.276928 0.858506 0.858447 5.84642e-05
0.277128 0.858063 0.858003 5.971e-05
0.277328 0.857619 0.857558 6.09546e-05
0.277528 0.857174 0.857112 6.2198e-05
0.277728 0.856729 0.856665 6.344e-05
0.277928 0.856282 0.856217 6.46807e-05
0.278128 0.855835 0.855769 6.59201e-05
0.278328 0.855387 0.85532 6.71581e-05
0.278528 0.854938 0.854869 6.83947e-05
0.278728 0.854488 0.854418 6.963e-05
0.278928 0.854037 0.853967 7.08638e-05
0.279128 0.853586 0.853514 7.20961e-05
0.279328 0.853134 0.85306 7.3327e-05
0.279528 0.852681 0.852606 7.45564e-05
0.279728 0.852227 0.852151 7.57843e-05
0.279928 0.851772 0.851695 7.70107e-05
0.280128 0.851316 0.851238 7.82355e-05
0.280328 0.85086 0.85078 7.94587e-05
0.280528 0.850403 0.850322 8.06803e-05
0.280728 0.849945 0.849863 8.19004e-05
0.280928 0.849486 0.849402 8.31187e-05
0.281128 0.849026 0.848942 8.43354e-05
0.281328 0.848565 0.84848 8.55505e-05
0.281528 0.848104 0.848017 8.67638e-05
0.281728 0.847642 0.847554 8.79754e-05
0.281928 0.847179 0.84709 8.91853e-05
0.282128 0.846715 0.846624 9.03934e-05
0.282328 0.84625 0.846159 9.15997e-05
0.282528 0.845785 0.845692 9.28042e-05
0.282728 0.845318 0.845224 9.40069e-05
0.282928 0.844851 0.844756 9.52077e-05
0.283128 0.844383 0.844287 9.64067e-05
0.283328 0.843915 0.843817 9.76038e-05
0.283528 0.843445 0.843346 9.87989e-05
0.283728 0.842975 0.842875 9.99922e-05
0.283928 0.842503 0.842402 0.000101183
0.284128 0.842031 0.841929 0.000102373
0.284328 0.841559 0.841455 0.00010356
0.284528 0.841085 0.84098 0.000104745
0.284728 0.840611 0.840505 0.000105929
0.284928 0.840135 0.840028 0.00010711
0.285129 0.839659 0.839551 0.000108289
0.285329 0.839182 0.839073 0.000109466
0.285529 0.838705 0.838594 0.000110641
0.285729 0.838226 0.838114 0.000111814
0.285929 0.837747 0.837634 0.000112984
0.286129 0.837267 0.837153 0.000114153
0.286329 0.836786 0.83667 0.000115319
0.286529 0.836304 0.836188 0.000116483
0.286729 0.835822 0.835704 0.000117645
0.286929 0.835338 0.835219 0.000118804
0.287129 0.834854 0.834734 0.000119961
0.287329 0.834369 0.834248 0.000121116
0.287529 0.833883 0.833761 0.000122269
0.287729 0.833397 0.833273 0.000123419
0.287929 0.83291 0.832785 0.000124567
0.288129 0.832421 0.832296 0.000125712
0.288329 0.831932 0.831806 0.000126855
0.288529 0.831443 0.831315 0.000127996
0.288729 0.830952 0.830823 0.000129134
0.288929 0.830461 0.830331 0.00013027
0.289129 0.829969 0.829837 0.000131403
0.289329 0.829476 0.829343 0.000132534
0.289529 0.828982 0.828849 0.000133663
0.289729 0.828488 0.828353 0.000134788
0.289929 0.827992 0.827857 0.000135911
0.290129 0.827496 0.827359 0.000137032
0.290329 0.827 0.826861 0.00013815
0.290529 0.826502 0.826363 0.000139265
0.290729 0.826003 0.825863 0.000140378
0.290929 0.825504 0.825363 0.000141488
0.291129 0.825004 0.824862 0.000142596
0.291329 0.824503 0.82436 0.0001437
0.291529 0.824002 0.823857 0.000144802
0.291729 0.823499 0.823354 0.000145901
0.291929 0.822996 0.822849 0.000146998
0.292129 0.822492 0.822344 0.000148092
0.292329 0.821988 0.821838 0.000149183
0.292529 0.821482 0.821332 0.000150271
0.292729 0.820976 0.820824 0.000151356
0.292929 0.820469 0.820316 0.000152438
0.293129 0.819961 0.819807 0.000153518
0.293329 0.819452 0.819298 0.000154594
0.293529 0.818943 0.818787 0.000155668
0.293729 0.818433 0.818276 0.000156739
0.293929 0.817922 0.817764 0.000157807
0.294129 0.81741 0.817251 0.000158872
0.294329 0.816898 0.816738 0.000159934
0.294529 0.816384 0.816223 0.000160993
0.294729 0.81587 0.815708 0.000162049
0.294929 0.815356 0.815192 0.000163101
0.29513 0.81484 0.814676 0.000164151
0.29533 0.814324 0.814158 0.000165198
0.29553 0.813807 0.81364 0.000166242
0.29573 0.813289 0.813121 0.000167282
0.29593 0.81277 0.812602 0.00016832
0.29613 0.812251 0.812081 0.000169354
0.29633 0.81173 0.81156 0.000170385
0.29653 0.811209 0.811038 0.000171413
0.29673 0.810688 0.810515 0.000172437
0.29693 0.810165 0.809992 0.000173459
0.29713 0.809642 0.809468 0.000174477
0.29733 0.809118 0.808943 0.000175492
0.29753 0.808593 0.808417 0.000176504
0.29773 0.808068 0.80789 0.000177512
0.29793 0.807541 0.807363 0.000178517
0.29813 0.807014 0.806835 0.000179519
0.29833 0.806487 0.806306 0.000180517
0.29853 0.805958 0.805777 0.000181513
0.29873 0.805429 0.805246 0.000182504
0.29893 0.804899 0.804715 0.000183492
0.29913 0.804368 0.804183 0.000184477
0.29933 0.803836 0.803651 0.000185459
0.29953 0.803304 0.803118 0.000186437
0.29973 0.802771 0.802583 0.000187411
0.29993 0.802237 0.802049 0.000188382
0.30013 0.801703 0.801513 0.00018935
0.30033 0.801167 0.800977 0.000190314
0.30053 0.800631 0.80044 0.000191274
0.30073 0.800094 0.799902 0.000192231
0.30093 0.799557 0.799364 0.000193185
0.30113 0.799018 0.798824 0.000194134
0.30133 0.798479 0.798284 0.00019508
0.30153 0.79794 0.797744 0.000196023
0.30173 0.797399 0.797202 0.000196962
0.30193 0.796858 0.79666 0.000197897
0.30213 0.796316 0.796117 0.000198829
0.30233 0.795773 0.795573 0.000199757
0.30253 0.795229 0.795029 0.000200681
0.30273 0.794685 0.794484 0.000201601
0.30293 0.79414 0.793938 0.000202518
0.30313 0.793594 0.793391 0.000203431
0.30333 0.793048 0.792844 0.00020434
0.30353 0.792501 0.792296 0.000205246
0.30373 0.791953 0.791747 0.000206147
0.30393 0.791404 0.791197 0.000207045
0.30413 0.790855 0.790647 0.000207939
0.30433 0.790305 0.790096 0.000208829
0.30453 0.789754 0.789544 0.000209715
0.30473 0.789202 0.788992 0.000210598
0.30493 0.78865 0.788438 0.000211476
0.305131 0.788097 0.787885 0.000212351
0.305331 0.787543 0.78733 0.000213221
0.305531 0.786989 0.786775 0.000214088
0.305731 0.786433 0.786218 0.000214951
0.305931 0.785877 0.785662 0.00021581
0.306131 0.785321 0.785104 0.000216665
0.306331 0.784763 0.784546 0.000217515
0.306531 0.784205 0.783987 0.000218362
0.306731 0.783646 0.783427 0.000219205
0.306931 0.783087 0.782867 0.000220044
0.307131 0.782527 0.782306 0.000220878
0.307331 0.781965 0.781744 0.000221709
0.307531 0.781404 0.781181 0.000222535
0.307731 0.780841 0.780618 0.000223358
0.307931 0.780278 0.780054 0.000224176
0.308131 0.779714 0.779489 0.00022499
0.308331 0.77915 0.778924 0.0002258
0.308531 0.778584 0.778358 0.000226606
0.308731 0.778018 0.777791 0.000227407
0.308931 0.777452 0.777223 0.000228205
0.309131 0.776884 0.776655 0.000228998
0.309331 0.776316 0.776086 0.000229787
0.309531 0.775747 0.775517 0.000230572
0.309731 0.775178 0.774946 0.000231352
0.309931 0.774607 0.774375 0.000232129
0.310131 0.774036 0.773803 0.000232901
0.310331 0.773465 0.773231 0.000233668
0.310531 0.772892 0.772658 0.000234432
0.310731 0.772319 0.772084 0.000235191
0.310931 0.771745 0.771509 0.000235946
0.311131 0.771171 0.770934 0.000236696
0.311331 0.770596 0.770358 0.000237442
0.311531 0.77002 0.769781 0.000238184
0.311731 0.769443 0.769204 0.000238921
0.311931 0.768866 0.768626 0.000239654
0.312131 0.768288 0.768047 0.000240383
0.312331 0.767709 0.767468 0.000241107
0.312531 0.76713 0.766888 0.000241826
0.312731 0.76655 0.766307 0.000242541
0.312931 0.765969 0.765725 0.000243252
0.313131 0.765387 0.765143 0.000243958
0.313331 0.764805 0.76456 0.00024466
0.313531 0.764222 0.763977 0.000245357
0.313731 0.763639 0.763393 0.00024605
0.313931 0.763054 0.762808 0.000246738
0.314131 0.762469 0.762222 0.000247422
0.314331 0.761884 0.761636 0.000248101
0.314531 0.761297 0.761049 0.000248776
0.314731 0.76071 0.760461 0.000249446
0.314931 0.760123 0.759873 0.000250111
0.315132 0.759534 0.759284 0.000250772
0.315332 0.758945 0.758694 0.000251428
0.315532 0.758356 0.758103 0.00025208
0.315732 0.757765 0.757512 0.000252727
0.315932 0.757174 0.756921 0.000253369
0.316132 0.756582 0.756328 0.000254007
0.316332 0.75599 0.755735 0.00025464
0.316532 0.755397 0.755141 0.000255268
0.316732 0.754803 0.754547 0.000255892
0.316932 0.754208 0.753952 0.000256511
0.317132 0.753613 0.753356 0.000257125
0.317332 0.753017 0.752759 0.000257735
0.317532 0.752421 0.752162 0.00025834
0.317732 0.751824 0.751565 0.00025894
0.317932 0.751226 0.750966 0.000259535
0.318132 0.750627 0.750367 0.000260126
0.318332 0.750028 0.749767 0.000260711
0.318532 0.749428 0.749167 0.000261292
0.318732 0.748827 0.748566 0.000261869
0.318932 0.748226 0.747964 0.00026244
0.319132 0.747624 0.747361 0.000263006
0.319332 0.747022 0.746758 0.000263568
0.319532 0.746419 0.746154 0.000264125
0.319732 0.745815 0.74555 0.000264677
0.319932 0.74521 0.744945 0.000265224
0.320132 0.744605 0.744339 0.000265767
0.320332 0.743999 0.743733 0.000266304
0.320532 0.743392 0.743126 0.000266837
0.320732 0.742785 0.742518 0.000267364
0.320932 0.742177 0.74191 0.000267887
0.321132 0.741569 0.741301 0.000268405
0.321332 0.74096 0.740691 0.000268918
0.321532 0.74035 0.74008 0.000269426
0.321732 0.739739 0.73947 0.000269929
0.321932 0.739128 0.738858 0.000270427
0.322132 0.738517 0.738246 0.00027092
0.322332 0.737904 0.737633 0.000271409
0.322532 0.737291 0.737019 0.000271892
0.322732 0.736677 0.736405 0.00027237
0.322932 0.736063 0.73579 0.000272843
0.323132 0.735448 0.735175 0.000273311
0.323332 0.734832 0.734558 0.000273775
0.323532 0.734216 0.733942 0.000274233
0.323732 0.733599 0.733324 0.000274686
0.323932 0.732981 0.732706 0.000275134
0.324132 0.732363 0.732087 0.000275577
0.324332 0.731744 0.731468 0.000276015
0.324532 0.731124 0.730848 0.000276448
0.324732 0.730504 0.730227 0.000276876
0.324932 0.729883 0.729606 0.000277299
0.325133 0.729262 0.728984 0.000277717
0.325333 0.72864 0.728362 0.000278129
0.325533 0.728017 0.727739 0.000278537
0.325733 0.727394 0.727115 0.000278939
0.325933 0.72677 0.72649 0.000279337
0.326133 0.726145 0.725865 0.000279729
0.326333 0.72552 0.72524 0.000280116
0.326533 0.724894 0.724613 0.000280498
0.326733 0.724267 0.723986 0.000280875
0.326933 0.72364 0.723359 0.000281247
0.327133 0.723012 0.722731 0.000281613
0.327333 0.722384 0.722102 0.000281975
0.327533 0.721755 0.721472 0.000282331
0.327733 0.721125 0.720842 0.000282682
0.327933 0.720495 0.720212 0.000283028
0.328133 0.719864 0.71958 0.000283368
0.328333 0.719232 0.718949 0.000283704
0.328533 0.7186 0.718316 0.000284034
0.328733 0.717967 0.717683 0.000284359
0.328933 0.717334 0.717049 0.000284679
0.329133 0.7167 0.716415 0.000284994
0.329333 0.716065 0.71578 0.000285303
0.329533 0.71543 0.715144 0.000285607
0.329733 0.714794 0.714508 0.000285906
0.329933 0.714157 0.713871 0.0002862
0.330133 0.71352 0.713234 0.000286488
0.330333 0.712882 0.712596 0.000286772
0.330533 0.712244 0.711957 0.00028705
0.330733 0.711605 0.711318 0.000287322
0.330933 0.710965 0.710678 0.00028759
0.331133 0.710325 0.710037 0.000287852
0.331333 0.709684 0.709396 0.000288109
0.331533 0.709043 0.708755 0.00028836
0.331733 0.708401 0.708112 0.000288607
0.331933 0.707758 0.707469 0.000288848
0.332133 0.707115 0.706826 0.000289084
0.332333 0.706471 0.706182 0.000289314
0.332533 0.705827 0.705537 0.000289539
0.332733 0.705182 0.704892 0.000289759
0.332933 0.704536 0.704246 0.000289974
0.333133 0.70389 0.7036 0.000290183
0.333333 0.703243 0.702952 0.000290387
0.333533 0.702595 0.702305 0.000290585
0.333733 0.701947 0.701656 0.000290779
0.333933 0.701299 0.701008 0.000290967
0.334133 0.700649 0.700358 0.000291149
0.334333 0.699999 0.699708 0.000291327
0.334533 0.699349 0.699058 0.000291498
0.334733 0.698698 0.698406 0.000291665
0.334933 0.698046 0.697755 0.000291826
0.335134 0.697394 0.697102 0.000291982
0.335334 0.696741 0.696449 0.000292133
0.335534 0.696088 0.695796 0.000292278
0.335734 0.695434 0.695141 0.000292418
0.335934 0.694779 0.694487 0.000292552
0.336134 0.694124 0.693831 0.000292682
0.336334 0.693468 0.693176 0.000292805
0.336534 0.692812 0.692519 0.000292924
0.336734 0.692155 0.691862 0.000293037
0.336934 0.691498 0.691204 0.000293144
0.337134 0.690839 0.690546 0.000293247
0.337334 0.690181 0.689887 0.000293344
0.337534 0.689521 0.689228 0.000293435
0.337734 0.688862 0.688568 0.000293521
0.337934 0.688201 0.687908 0.000293602
0.338134 0.68754 0.687247 0.000293678
0.338334 0.686879 0.686585 0.000293748
0.338534 0.686217 0.685923 0.000293812
0.338734 0.685554 0.68526 0.000293872
0.338934 0.68489 0.684597 0.000293925
0.339134 0.684227 0.683933 0.000293974
0.339334 0.683562 0.683268 0.000294017
0.339534 0.682897 0.682603 0.000294055
0.339734 0.682232 0.681938 0.000294087
0.339934 0.681565 0.681271 0.000294114
0.340134 0.680899 0.680605 0.000294136
0.340334 0.680231 0.679937 0.000294152
0.340534 0.679564 0.679269 0.000294163
0.340734 0.678895 0.678601 0.000294168
0.340934 0.678226 0.677932 0.000294168
0.341134 0.677557 0.677263 0.000294162
0.341334 0.676887 0.676592 0.000294152
0.341534 0.676216 0.675922 0.000294135
0.341734 0.675545 0.675251 0.000294114
0.341934 0.674873 0.674579 0.000294087
0.342134 0.674201 0.673907 0.000294055
0.342334 0.673528 0.673234 0.000294017
0.342534 0.672854 0.67256 0.000293974
0.342734 0.67218 0.671886 0.000293925
0.342934 0.671506 0.671212 0.000293871
0.343134 0.670831 0.670537 0.000293812
0.343334 0.670155 0.669861 0.000293747
0.343534 0.669479 0.669185 0.000293677
0.343734 0.668802 0.668508 0.000293602
0.343934 0.668125 0.667831 0.000293521
0.344134 0.667447 0.667153 0.000293435
0.344334 0.666768 0.666475 0.000293343
0.344534 0.666089 0.665796 0.000293246
0.344734 0.66541 0.665117 0.000293144
0.344934 0.66473 0.664437 0.000293036
0.345135 0.664049 0.663756 0.000292923
0.345335 0.663368 0.663075 0.000292804
0.345535 0.662686 0.662394 0.00029268
0.345735 0.662004 0.661712 0.000292551
0.345935 0.661322 0.661029 0.000292417
0.346135 0.660638 0.660346 0.000292277
0.346335 0.659954 0.659662 0.000292131
0.346535 0.65927 0.658978 0.000291981
0.346735 0.658585 0.658293 0.000291825
0.346935 0.6579 0.657608 0.000291663
0.347135 0.657214 0.656922 0.000291496
0.347335 0.656527 0.656236 0.000291324
0.347535 0.65584 0.655549 0.000291147
0.347735 0.655153 0.654862 0.000290964
0.347935 0.654465 0.654174 0.000290776
0.348135 0.653776 0.653485 0.000290583
0.348335 0.653087 0.652796 0.000290384
0.348535 0.652397 0.652107 0.00029018
0.348735 0.651707 0.651417 0.00028997
0.348935 0.651016 0.650727 0.000289756
0.349135 0.650325 0.650036 0.000289536
0.349335 0.649633 0.649344 0.00028931
0.349535 0.648941 0.648652 0.00028908
0.349735 0.648248 0.647959 0.000288844
0.349935 0.647555 0.647266 0.000288602
0.350135 0.646861 0.646573 0.000288356
0.350335 0.646167 0.645879 0.000288104
0.350535 0.645472 0.645184 0.000287847
0.350735 0.644776 0.644489 0.000287584
0.350935 0.644081 0.643793 0.000287316
0.351135 0.643384 0.643097 0.000287044
0.351335 0.642687 0.6424 0.000286765
0.351535 0.64199 0.641703 0.000286482
0.351735 0.641292 0.641006 0.000286193
0.351935 0.640593 0.640308 0.000285899
0.352135 0.639894 0.639609 0.0002856
0.352335 0.639195 0.63891 0.000285295
0.352535 0.638495 0.63821 0.000284985
0.352735 0.637795 0.63751 0.00028467
0.352935 0.637094 0.636809 0.00028435
0.353135 0.636392 0.636108 0.000284025
0.353335 0.63569 0.635406 0.000283694
0.353535 0.634988 0.634704 0.000283358
0.353735 0.634285 0.634002 0.000283017
0.353935 0.633581 0.633298 0.000282671
0.354135 0.632877 0.632595 0.000282319
0.354335 0.632173 0.631891 0.000281963
0.354535 0.631468 0.631186 0.000281601
0.354735 0.630762 0.630481 0.000281234
0.354935 0.630056 0.629775 0.000280862
0.355136 0.62935 0.629069 0.000280484
0.355336 0.628643 0.628363 0.000280102
0.355536 0.627935 0.627656 0.000279714
0.355736 0.627227 0.626948 0.000279322
0.355936 0.626519 0.62624 0.000278924
0.356136 0.62581 0.625532 0.000278521
0.356336 0.625101 0.624823 0.000278113
0.356536 0.624391 0.624113 0.000277699
0.356736 0.62368 0.623403 0.000277281
0.356936 0.62297 0.622693 0.000276858
0.357136 0.622258 0.621982 0.000276429
0.357336 0.621546 0.62127 0.000275996
0.357536 0.620834 0.620559 0.000275557
0.357736 0.620121 0.619846 0.000275113
0.357936 0.619408 0.619134 0.000274664
0.358136 0.618694 0.61842 0.000274211
0.358336 0.61798 0.617706 0.000273752
0.358536 0.617266 0.616992 0.000273288
0.358736 0.61655 0.616278 0.000272819
0.358936 0.615835 0.615562 0.000272345
0.359136 0.615119 0.614847 0.000271866
0.359336 0.614402 0.614131 0.000271382
0.359536 0.613685 0.613414 0.000270893
0.359736 0.612968 0.612697 0.000270399
0.359936 0.61225 0.61198 0.0002699
0.360136 0.611531 0.611262 0.000269397
0.360336 0.610812 0.610543 0.000268888
0.360536 0.610093 0.609824 0.000268374
0.360736 0.609373 0.609105 0.000267855
0.360936 0.608653 0.608385 0.000267332
0.361136 0.607932 0.607665 0.000266803
0.361336 0.607211 0.606944 0.00026627
0.361536 0.606489 0.606223 0.000265732
0.361736 0.605767 0.605502 0.000265188
0.361936 0.605044 0.60478 0.00026464
0.362136 0.604321 0.604057 0.000264087
0.362336 0.603598 0.603334 0.00026353
0.362536 0.602874 0.602611 0.000262967
0.362736 0.602149 0.601887 0.0002624
0.362936 0.601424 0.601163 0.000261827
0.363136 0.600699 0.600438 0.00026125
0.363336 0.599973 0.599713 0.000260668
0.363536 0.599247 0.598987 0.000260081
0.363736 0.59852 0.598261 0.00025949
0.363936 0.597793 0.597534 0.000258894
0.364136 0.597066 0.596807 0.000258293
0.364336 0.596338 0.59608 0.000257687
0.364536 0.595609 0.595352 0.000257076
0.364736 0.59488 0.594624 0.000256461
0.364936 0.594151 0.593895 0.000255841
0.365137 0.593421 0.593166 0.000255216
0.365337 0.592691 0.592436 0.000254587
0.365537 0.59196 0.591706 0.000253953
0.365737 0.591229 0.590976 0.000253314
0.365937 0.590498 0.590245 0.000252671
0.366137 0.589766 0.589514 0.000252023
0.366337 0.589033 0.588782 0.00025137
0.366537 0.5883 0.58805 0.000250713
0.366737 0.587567 0.587317 0.000250051
0.366937 0.586833 0.586584 0.000249384
0.367137 0.586099 0.58585 0.000248713
0.367337 0.585365 0.585117 0.000248037
0.367537 0.58463 0.584382 0.000247357
0.367737 0.583894 0.583647 0.000246672
0.367937 0.583158 0.582912 0.000245983
0.368137 0.582422 0.582177 0.000245289
0.368337 0.581685 0.581441 0.000244591
0.368537 0.580948 0.580704 0.000243888
0.368737 0.580211 0.579967 0.00024318
0.368937 0.579473 0.57923 0.000242468
0.369137 0.578734 0.578492 0.000241752
0.369337 0.577995 0.577754 0.000241031
0.369537 0.577256 0.577016 0.000240306
0.369737 0.576516 0.576277 0.000239576
0.369937 0.575776 0.575538 0.000238842
0.370137 0.575036 0.574798 0.000238104
0.370337 0.574295 0.574058 0.000237361
0.370537 0.573554 0.573317 0.000236614
0.370737 0.572812 0.572576 0.000235862
0.370937 0.57207 0.571835 0.000235106
0.371137 0.571327 0.571093 0.000234346
0.371337 0.570584 0.570351 0.000233581
0.371537 0.569841 0.569608 0.000232812
0.371737 0.569097 0.568865 0.000232039
0.371937 0.568353 0.568122 0.000231262
0.372137 0.567608 0.567378 0.00023048
0.372337 0.566863 0.566634 0.000229694
0.372537 0.566118 0.565889 0.000228904
0.372737 0.565372 0.565144 0.00022811
0.372937 0.564626 0.564399 0.000227311
0.373137 0.563879 0.563653 0.000226508
0.373337 0.563132 0.562907 0.000225701
0.373537 0.562385 0.56216 0.00022489
0.373737 0.561637 0.561413 0.000224075
0.373937 0.560889 0.560666 0.000223255
0.374137 0.56014 0.559918 0.000222432
0.374337 0.559391 0.55917 0.000221604
0.374537 0.558642 0.558421 0.000220772
0.374737 0.557892 0.557672 0.000219937
0.374937 0.557142 0.556923 0.000219097
0.375138 0.556392 0.556173 0.000218253
0.375338 0.555641 0.555423 0.000217405
0.375538 0.554889 0.554673 0.000216553
0.375738 0.554138 0.553922 0.000215697
0.375938 0.553386 0.553171 0.000214837
0.376138 0.552633 0.552419 0.000213974
0.376338 0.55188 0.551667 0.000213106
0.376538 0.551127 0.550915 0.000212234
0.376738 0.550373 0.550162 0.000211358
0.376938 0.54962 0.549409 0.000210479
0.377138 0.548865 0.548656 0.000209596
0.377338 0.54811 0.547902 0.000208708
0.377538 0.547355 0.547147 0.000207817
0.377738 0.5466 0.546393 0.000206922
0.377938 0.545844 0.545638 0.000206023
0.378138 0.545088 0.544883 0.000205121
0.378338 0.544331 0.544127 0.000204215
0.378538 0.543574 0.543371 0.000203304
0.378738 0.542817 0.542614 0.000202391
0.378938 0.542059 0.541857 0.000201473
0.379138 0.541301 0.5411 0.000200552
0.379338 0.540542 0.540343 0.000199627
0.379538 0.539784 0.539585 0.000198698
0.379738 0.539024 0.538827 0.000197766
0.379938 0.538265 0.538068 0.00019683
0.380138 0.537505 0.537309 0.00019589
0.380338 0.536745 0.53655 0.000194947
0.380538 0.535984 0.53579 0.000194
0.380738 0.535223 0.53503 0.000193049
0.380938 0.534461 0.534269 0.000192096
0.381138 0.5337 0.533509 0.000191138
0.381338 0.532938 0.532748 0.000190177
0.381538 0.532175 0.531986 0.000189212
0.381738 0.531412 0.531224 0.000188244
0.381938 0.530649 0.530462 0.000187273
0.382138 0.529886 0.5297 0.000186298
0.382338 0.529122 0.528937 0.000185319
0.382538 0.528358 0.528173 0.000184338
0.382738 0.527593 0.52741 0.000183352
0.382938 0.526828 0.526646 0.000182364
0.383138 0.526063 0.525882 0.000181372
0.383338 0.525297 0.525117 0.000180376
0.383538 0.524532 0.524352 0.000179378
0.383738 0.523765 0.523587 0.000178376
0.383938 0.522999 0.522821 0.000177371
0.384138 0.522232 0.522055 0.000176362
0.384338 0.521464 0.521289 0.00017535
0.384538 0.520697 0.520522 0.000174335
0.384738 0.519929 0.519755 0.000173317
0.384938 0.51916 0.518988 0.000172295
0.385139 0.518392 0.518221 0.000171271
0.385339 0.517623 0.517453 0.000170243
0.385539 0.516853 0.516684 0.000169212
0.385739 0.516084 0.515916 0.000168178
0.385939 0.515314 0.515147 0.000167141
0.386139 0.514543 0.514377 0.000166101
0.386339 0.513773 0.513608 0.000165057
0.386539 0.513002 0.512838 0.000164011
0.386739 0.512231 0.512068 0.000162962
0.386939 0.511459 0.511297 0.000161909
0.387139 0.510687 0.510526 0.000160854
0.387339 0.509915 0.509755 0.000159796
0.387539 0.509142 0.508983 0.000158734
0.387739 0.508369 0.508211 0.00015767
0.387939 0.507596 0.507439 0.000156603
0.388139 0.506822 0.506667 0.000155533
0.388339 0.506048 0.505894 0.00015446
0.388539 0.505274 0.505121 0.000153385
0.388739 0.5045 0.504347 0.000152306
0.388939 0.503725 0.503574 0.000151225
0.389139 0.50295 0.502799 0.00015014
0.389339 0.502174 0.502025 0.000149054
0.389539 0.501398 0.50125 0.000147964
0.389739 0.500622 0.500475 0.000146871
0.389939 0.499846 0.4997 0.000145776
0.390139 0.499069 0.498924 0.000144679
0.390339 0.498292 0.498149 0.000143578
0.390539 0.497515 0.497372 0.000142475
0.390739 0.496737 0.496596 0.000141369
0.390939 0.495959 0.495819 0.000140261
0.391139 0.495181 0.495042 0.00013915
0.391339 0.494402 0.494264 0.000138036
0.391539 0.493624 0.493487 0.00013692
0.391739 0.492844 0.492709 0.000135802
0.391939 0.492065 0.49193 0.000134681
0.392139 0.491285 0.491152 0.000133557
0.392339 0.490505 0.490373 0.000132431
0.392539 0.489725 0.489593 0.000131303
0.392739 0.488944 0.488814 0.000130172
0.392939 0.488163 0.488034 0.000129038
0.393139 0.487382 0.487254 0.000127903
0.393339 0.4866 0.486474 0.000126765
0.393539 0.485819 0.485693 0.000125624
0.393739 0.485036 0.484912 0.000124482
0.393939 0.484254 0.484131 0.000123337
0.394139 0.483471 0.483349 0.000122189
0.394339 0.482688 0.482567 0.00012104
0.394539 0.481905 0.481785 0.000119888
0.394739 0.481121 0.481003 0.000118734
0.394939 0.480338 0.48022 0.000117578
0.39514 0.479554 0.479437 0.00011642
0.39534 0.478769 0.478654 0.000115259
0.39554 0.477984 0.47787 0.000114097
0.39574 0.477199 0.477087 0.000112932
0.39594 0.476414 0.476302 0.000111765
0.39614 0.475629 0.475518 0.000110597
0.39634 0.474843 0.474733 0.000109426
0.39654 0.474057 0.473949 0.000108253
0.39674 0.473271 0.473163 0.000107078
0.39694 0.472484 0.472378 0.000105901
0.39714 0.471697 0.471592 0.000104723
0.39734 0.47091 0.470806 0.000103542
0.39754 0.470122 0.47002 0.000102359
0.39774 0.469335 0.469234 0.000101175
0.39794 0.468547 0.468447 9.99885e-05
0.39814 0.467758 0.46766 9.88003e-05
0.39834 0.46697 0.466872 9.76103e-05
0.39854 0.466181 0.466085 9.64186e-05
0.39874 0.465392 0.465297 9.5225e-05
0.39894 0.464603 0.464509 9.40297e-05
0.39914 0.463813 0.46372 9.28327e-05
0.39934 0.463023 0.462932 9.16339e-05
0.39954 0.462233 0.462143 9.04335e-05
0.39974 0.461443 0.461354 8.92314e-05
0.39994 0.460652 0.460564 8.80277e-05
0.40014 0.459862 0.459775 8.68224e-05
0.40034 0.459071 0.458985 8.56155e-05
0.40054 0.458279 0.458195 8.4407e-05
0.40074 0.457488 0.457404 8.31969e-05
0.40094 0.456696 0.456614 8.19854e-05
0.40114 0.455904 0.455823 8.07723e-05
0.40134 0.455111 0.455032 7.95577e-05
0.40154 0.454319 0.45424 7.83417e-05
0.40174 0.453526 0.453449 7.71243e-05
0.40194 0.452733 0.452657 7.59054e-05
0.40214 0.451939 0.451865 7.46852e-05
0.40234 0.451146 0.451072 7.34636e-05
0.40254 0.450352 0.45028 7.22406e-05
0.40274 0.449558 0.449487 7.10164e-05
0.40294 0.448763 0.448694 6.97908e-05
0.40314 0.447969 0.4479 6.85639e-05
0.40334 0.447174 0.447107 6.73359e-05
0.40354 0.446379 0.446313 6.61065e-05
0.40374 0.445584 0.445519 6.4876e-05
0.40394 0.444788 0.444725 6.36443e-05
0.40414 0.443992 0.44393 6.24114e-05
0.40434 0.443196 0.443135 6.11774e-05
0.40454 0.4424 0.44234 5.99423e-05
0.40474 0.441604 0.441545 5.87061e-05
0.40494 0.440807 0.44075 5.74688e-05
0.405141 0.44001 0.439954 5.62305e-05
0.405341 0.439213 0.439158 5.49912e-05
0.405541 0.438416 0.438362 5.37508e-05
0.405741 0.437618 0.437566 5.25095e-05
0.405941 0.43682 0.436769 5.12673e-05
0.406141 0.436022 0.435972 5.00241e-05
0.406341 0.435224 0.435175 4.878e-05
0.406541 0.434425 0.434378 4.7535e-05
0.406741 0.433627 0.43358 4.62892e-05
0.406941 0.432828 0.432783 4.50425e-05
0.407141 0.432029 0.431985 4.3795e-05
0.407341 0.431229 0.431187 4.25468e-05
0.407541 0.43043 0.430388 4.12978e-05
0.407741 0.42963 0.42959 4.0048e-05
0.407941 0.42883 0.428791 3.87975e-05
0.408141 0.42803 0.427992 3.75464e-05
0.408341 0.427229 0.427193 3.62945e-05
0.408541 0.426429 0.426394 3.5042e-05
0.408741 0.425628 0.425594 3.37889e-05
0.408941 0.424827 0.424794 3.25352e-05
0.409141 0.424025 0.423994 3.12809e-05
0.409341 0.423224 0.423194 3.00261e-05
0.409541 0.422422 0.422393 2.87707e-05
0.409741 0.42162 0.421593 2.75149e-05
0.409941 0.420818 0.420792 2.62585e-05
0.410141 0.420016 0.419991 2.50017e-05
0.410341 0.419213 0.41919 2.37445e-05
0.410541 0.418411 0.418388 2.24868e-05
0.410741 0.417608 0.417587 2.12288e-05
0.410941 0.416805 0.416785 1.99704e-05
0.411141 0.416001 0.415983 1.87117e-05
0.411341 0.415198 0.41518 1.74526e-05
0.411541 0.414394 0.414378 1.61933e-05
0.411741 0.41359 0.413575 1.49337e-05
0.411941 0.412786 0.412773 1.36738e-05
0.412141 0.411982 0.41197 1.24137e-05
0.412341 0.411177 0.411166 1.11535e-05
0.412541 0.410373 0.410363 9.89304e-06
0.412741 0.409568 0.409559 8.63246e-06
0.412941 0.408763 0.408756 7.37175e-06
0.413141 0.407958 0.407952 6.11094e-06
0.413341 0.407152 0.407147 4.85005e-06
0.413541 0.406347 0.406343 3.5891e-06
0.413741 0.405541 0.405539 2.32813e-06
0.413941 0.404735 0.404734 1.06716e-06
0.414141 0.403929 0.403929 1.93804e-07
0.414341 0.403123 0.403124 1.45472e-06
0.414541 0.402316 0.402319 2.71557e-06
0.414741 0.401509 0.401513 3.97633e-06
0.414941 0.400703 0.400708 5.23698e-06
0.415142 0.399896 0.399902 6.49749e-06
0.415342 0.399088 0.399096 7.75784e-06
0.415542 0.398281 0.39829 9.018e-06
0.415742 0.397473 0.397484 1.0278e-05
0.415942 0.396666 0.396677 1.15377e-05
0.416142 0.395858 0.395871 1.27971e-05
0.416342 0.39505 0.395064 1.40563e-05
0.416542 0.394242 0.394257 1.53152e-05
0.416742 0.393433 0.39345 1.65738e-05
0.416942 0.392625 0.392642 1.7832e-05
0.417142 0.391816 0.391835 1.90898e-05
0.417342 0.391007 0.391027 2.03472e-05
0.417542 0.390198 0.39022 2.16042e-05
0.417742 0.389389 0.389412 2.28608e-05
0.417942 0.388579 0.388603 2.41168e-05
0.418142 0.38777 0.387795 2.53724e-05
0.418342 0.38696 0.386987 2.66275e-05
0.418542 0.38615 0.386178 2.7882e-05
0.418742 0.38534 0.385369 2.9136e-05
0.418942 0.38453 0.38456 3.03893e-05
0.419142 0.38372 0.383751 3.16421e-05
0.419342 0.382909 0.382942 3.28942e-05
0.419542 0.382099 0.382133 3.41457e-05
0.419742 0.381288 0.381323 3.53964e-05
0.419942 0.380477 0.380514 3.66465e-05
0.420142 0.379666 0.379704 3.78958e-05
0.420342 0.378855 0.378894 3.91444e-05
0.420542 0.378043 0.378084 4.03922e-05
0.420742 0.377232 0.377273 4.16392e-05
0.420942 0.37642 0.376463 4.28853e-05
0.421142 0.375608 0.375652 4.41306e-05
0.421342 0.374796 0.374842 4.53751e-05
0.421542 0.373984 0.374031 4.66186e-05
0.421742 0.373172 0.37322 4.78612e-05
0.421942 0.37236 0.372409 4.91029e-05
0.422142 0.371547 0.371597 5.03436e-05
0.422342 0.370734 0.370786 5.15833e-05
0.422542 0.369922 0.369975 5.28219e-05
0.422742 0.369109 0.369163 5.40596e-05
0.422942 0.368296 0.368351 5.52962e-05
0.423142 0.367483 0.367539 5.65317e-05
0.423342 0.366669 0.366727 5.7766e-05
0.423542 0.365856 0.365915 5.89993e-05
0.423742 0.365042 0.365102 6.02314e-05
0.423942 0.364228 0.36429 6.14623e-05
0.424142 0.363415 0.363477 6.2692e-05
0.424342 0.362601 0.362665 6.39204e-05
0.424542 0.361787 0.361852 6.51476e-05
0.424742 0.360972 0.361039 6.63736e-05
0.424942 0.360158 0.360226 6.75982e-05
0.425143 0.359344 0.359412 6.88216e-05
0.425343 0.358529 0.358599 7.00435e-05
0.425543 0.357714 0.357786 7.12641e-05
0.425743 0.356899 0.356972 7.24833e-05
0.425943 0.356085 0.356158 7.37011e-05
0.426143 0.355269 0.355344 7.49175e-05
0.426343 0.354454 0.35453 7.61324e-05
0.426543 0.353639 0.353716 7.73458e-05
0.426743 0.352824 0.352902 7.85577e-05
0.426943 0.352008 0.352088 7.97681e-05
0.427143 0.351192 0.351273 8.09769e-05
0.427343 0.350377 0.350459 8.21841e-05
0.427543 0.349561 0.349644 8.33898e-05
0.427743 0.348745 0.348829 8.45938e-05
0.427943 0.347929 0.348015 8.57961e-05
0.428143 0.347113 0.3472 8.69968e-05
0.428343 0.346296 0.346385 8.81958e-05
0.428543 0.34548 0.345569 8.93931e-05
0.428743 0.344664 0.344754 9.05887e-05
0.428943 0.343847 0.343939 9.17824e-05
0.429143 0.34303 0.343123 9.29744e-05
0.429343 0.342213 0.342308 9.41646e-05
0.429543 0.341397 0.341492 9.5353e-05
0.429743 0.34058 0.340676 9.65395e-05
0.429943 0.339762 0.33986 9.77241e-05
0.430143 0.338945 0.339044 9.89068e-05
0.430343 0.338128 0.338228 0.000100088
0.430543 0.337311 0.337412 0.000101267
0.430743 0.336493 0.336596 0.000102443
0.430943 0.335676 0.335779 0.000103618
0.431143 0.334858 0.334963 0.000104791
0.431343 0.33404 0.334146 0.000105962
0.431543 0.333222 0.33333 0.000107131
0.431743 0.332405 0.332513 0.000108298
0.431943 0.331587 0.331696 0.000109462
0.432143 0.330768 0.330879 0.000110625
0.432343 0.32995 0.330062 0.000111785
0.432543 0.329132 0.329245 0.000112943
0.432743 0.328314 0.328428 0.000114099
0.432943 0.327495 0.327611 0.000115253
0.433143 0.326677 0.326793 0.000116405
0.433343 0.325858 0.325976 0.000117554
0.433543 0.32504 0.325158 0.000118701
0.433743 0.324221 0.324341 0.000119846
0.433943 0.323402 0.323523 0.000120988
0.434143 0.322583 0.322705 0.000122128
0.434343 0.321764 0.321888 0.000123266
0.434543 0.320945 0.32107 0.000124401
0.434743 0.320126 0.320252 0.000125534
0.434943 0.319307 0.319434 0.000126664
0.435144 0.318488 0.318616 0.000127792
0.435344 0.317668 0.317797 0.000128918
0.435544 0.316849 0.316979 0.000130041
0.435744 0.31603 0.316161 0.000131161
0.435944 0.31521 0.315342 0.000132279
0.436144 0.314391 0.314524 0.000133394
0.436344 0.313571 0.313705 0.000134507
0.436544 0.312751 0.312887 0.000135617
0.436744 0.311931 0.312068 0.000136725
0.436944 0.311112 0.31125 0.00013783
0.437144 0.310292 0.310431 0.000138932
0.437344 0.309472 0.309612 0.000140032
0.437544 0.308652 0.308793 0.000141128
0.437744 0.307832 0.307974 0.000142222
0.437944 0.307012 0.307155 0.000143314
0.438144 0.306192 0.306336 0.000144402
0.438344 0.305371 0.305517 0.000145488
0.438544 0.304551 0.304698 0.000146571
0.438744 0.303731 0.303878 0.000147651
0.438944 0.30291 0.303059 0.000148728
0.439144 0.30209 0.30224 0.000149803
0.439344 0.30127 0.301421 0.000150874
0.439544 0.300449 0.300601 0.000151943
0.439744 0.299629 0.299782 0.000153008
0.439944 0.298808 0.298962 0.000154071
0.440144 0.297987 0.298143 0.00015513
0.440344 0.297167 0.297323 0.000156187
0.440544 0.296346 0.296503 0.000157241
0.440744 0.295525 0.295684 0.000158291
0.440944 0.294704 0.294864 0.000159339
0.441144 0.293884 0.294044 0.000160383
0.441344 0.293063 0.293224 0.000161424
0.441544 0.292242 0.292404 0.000162463
0.441744 0.291421 0.291584 0.000163498
0.441944 0.2906 0.290764 0.000164529
0.442144 0.289779 0.289944 0.000165558
0.442344 0.288958 0.289124 0.000166583
0.442544 0.288137 0.288304 0.000167606
0.442744 0.287316 0.287484 0.000168625
0.442944 0.286495 0.286664 0.00016964
0.443144 0.285673 0.285844 0.000170653
0.443344 0.284852 0.285024 0.000171662
0.443544 0.284031 0.284204 0.000172668
0.443744 0.28321 0.283384 0.00017367
0.443944 0.282389 0.282563 0.000174669
0.444144 0.281567 0.281743 0.000175665
0.444344 0.280746 0.280923 0.000176657
0.444544 0.279925 0.280102 0.000177646
0.444744 0.279103 0.279282 0.000178631
0.444944 0.278282 0.278462 0.000179613
0.445145 0.277461 0.277641 0.000180592
0.445345 0.276639 0.276821 0.000181567
0.445545 0.275818 0.276 0.000182538
0.445745 0.274996 0.27518 0.000183506
0.445945 0.274175 0.27436 0.00018447
0.446145 0.273354 0.273539 0.000185431
0.446345 0.272532 0.272719 0.000186388
0.446545 0.271711 0.271898 0.000187342
0.446745 0.270889 0.271078 0.000188292
0.446945 0.270068 0.270257 0.000189238
0.447145 0.269246 0.269436 0.000190181
0.447345 0.268425 0.268616 0.000191119
0.447545 0.267603 0.267795 0.000192055
0.447745 0.266782 0.266975 0.000192986
0.447945 0.26596 0.266154 0.000193914
0.448145 0.265139 0.265334 0.000194838
0.448345 0.264317 0.264513 0.000195758
0.448545 0.263496 0.263692 0.000196674
0.448745 0.262674 0.262872 0.000197587
0.448945 0.261853 0.262051 0.000198496
0.449145 0.261031 0.261231 0.000199401
0.449345 0.26021 0.26041 0.000200302
0.449545 0.259388 0.25959 0.000201199
0.449745 0.258567 0.258769 0.000202092
0.449945 0.257745 0.257948 0.000202981
0.450145 0.256924 0.257128 0.000203867
0.450345 0.256103 0.256307 0.000204748
0.450545 0.255281 0.255487 0.000205625
0.450745 0.25446 0.254666 0.000206499
0.450945 0.253638 0.253846 0.000207368
0.451145 0.252817 0.253025 0.000208234
0.451345 0.251995 0.252205 0.000209095
0.451545 0.251174 0.251384 0.000209952
0.451745 0.250353 0.250564 0.000210805
0.451945 0.249531 0.249743 0.000211655
0.452145 0.24871 0.248923 0.0002125
0.452345 0.247889 0.248102 0.000213341
0.452545 0.247068 0.247282 0.000214177
0.452745 0.246246 0.246461 0.00021501
0.452945 0.245425 0.245641 0.000215838
0.453145 0.244604 0.244821 0.000216662
0.453345 0.243783 0.244 0.000217482
0.453545 0.242962 0.24318 0.000218298
0.453745 0.24214 0.24236 0.00021911
0.453945 0.241319 0.241539 0.000219917
0.454145 0.240498 0.240719 0.00022072
0.454345 0.239677 0.239899 0.000221519
0.454545 0.238856 0.239079 0.000222313
0.454745 0.238035 0.238258 0.000223103
0.454945 0.237214 0.237438 0.000223889
0.455146 0.236393 0.236618 0.00022467
0.455346 0.235573 0.235798 0.000225447
0.455546 0.234752 0.234978 0.00022622
0.455746 0.233931 0.234158 0.000226988
0.455946 0.23311 0.233338 0.000227752
0.456146 0.23229 0.232518 0.000228512
0.456346 0.231469 0.231698 0.000229267
0.456546 0.230648 0.230878 0.000230017
0.456746 0.229828 0.230058 0.000230763
0.456946 0.229007 0.229239 0.000231505
0.457146 0.228187 0.228419 0.000232242
0.457346 0.227366 0.227599 0.000232974
0.457546 0.226546 0.226779 0.000233702
0.457746 0.225725 0.22596 0.000234426
0.457946 0.224905 0.22514 0.000235145
0.458146 0.224085 0.224321 0.000235859
0.458346 0.223265 0.223501 0.000236569
0.458546 0.222445 0.222682 0.000237274
0.458746 0.221624 0.221862 0.000237974
0.458946 0.220804 0.221043 0.00023867
0.459146 0.219984 0.220224 0.000239361
0.459346 0.219164 0.219405 0.000240048
0.459546 0.218345 0.218585 0.00024073
0.459746 0.217525 0.217766 0.000241407
0.459946 0.216705 0.216947 0.00024208
0.460146 0.215885 0.216128 0.000242747
0.460346 0.215066 0.215309 0.00024341
0.460546 0.214246 0.21449 0.000244069
0.460746 0.213427 0.213671 0.000244722
0.460946 0.212607 0.212853 0.000245371
0.461146 0.211788 0.212034 0.000246015
0.461346 0.210968 0.211215 0.000246654
0.461546 0.210149 0.210396 0.000247289
0.461746 0.20933 0.209578 0.000247918
0.461946 0.208511 0.208759 0.000248543
0.462146 0.207692 0.207941 0.000249163
0.462346 0.206873 0.207123 0.000249778
0.462546 0.206054 0.206304 0.000250388
0.462746 0.205235 0.205486 0.000250994
0.462946 0.204416 0.204668 0.000251594
0.463146 0.203598 0.20385 0.00025219
0.463346 0.202779 0.203032 0.00025278
0.463546 0.201961 0.202214 0.000253366
0.463746 0.201142 0.201396 0.000253947
0.463946 0.200324 0.200578 0.000254523
0.464146 0.199506 0.199761 0.000255093
0.464346 0.198687 0.198943 0.000255659
0.464546 0.197869 0.198125 0.00025622
0.464746 0.197051 0.197308 0.000256776
0.464946 0.196233 0.196491 0.000257327
0.465147 0.195415 0.195673 0.000257873
0.465347 0.194598 0.194856 0.000258413
0.465547 0.19378 0.194039 0.000258949
0.465747 0.192962 0.193222 0.00025948
0.465947 0.192145 0.192405 0.000260006
0.466147 0.191327 0.191588 0.000260526
0.466347 0.19051 0.190771 0.000261042
0.466547 0.189693 0.189954 0.000261552
0.466747 0.188876 0.189138 0.000262057
0.466947 0.188059 0.188321 0.000262558
0.467147 0.187242 0.187505 0.000263053
0.467347 0.186425 0.186688 0.000263543
0.467547 0.185608 0.185872 0.000264027
0.467747 0.184791 0.185056 0.000264507
0.467947 0.183975 0.18424 0.000264981
0.468147 0.183158 0.183424 0.000265451
0.468347 0.182342 0.182608 0.000265915
0.468547 0.181526 0.181792 0.000266374
0.468747 0.18071 0.180976 0.000266827
0.468947 0.179894 0.180161 0.000267276
0.469147 0.179078 0.179345 0.000267719
0.469347 0.178262 0.17853 0.000268157
0.469547 0.177446 0.177715 0.00026859
0.469747 0.17663 0.176899 0.000269017
0.469947 0.175815 0.176084 0.00026944
0.470147 0.175 0.175269 0.000269857
0.470347 0.174184 0.174455 0.000270268
0.470547 0.173369 0.17364 0.000270675
0.470747 0.172554 0.172825 0.000271076
0.470947 0.171739 0.172011 0.000271472
0.471147 0.170924 0.171196 0.000271862
0.471347 0.17011 0.170382 0.000272248
0.471547 0.169295 0.169568 0.000272627
0.471747 0.16848 0.168753 0.000273002
0.471947 0.167666 0.167939 0.000273371
0.472147 0.166852 0.167126 0.000273735
0.472347 0.166038 0.166312 0.000274094
0.472547 0.165224 0.165498 0.000274447
0.472747 0.16441 0.164685 0.000274795
0.472947 0.163596 0.163871 0.000275137
0.473147 0.162782 0.163058 0.000275474
0.473347 0.161969 0.162245 0.000275806
0.473547 0.161156 0.161432 0.000276132
0.473747 0.160342 0.160619 0.000276453
0.473947 0.159529 0.159806 0.000276768
0.474147 0.158716 0.158993 0.000277078
0.474347 0.157903 0.158181 0.000277383
0.474547 0.157091 0.157368 0.000277682
0.474747 0.156278 0.156556 0.000277976
0.474947 0.155466 0.155744 0.000278264
0.475148 0.154653 0.154932 0.000278547
0.475348 0.153841 0.15412 0.000278824
0.475548 0.153029 0.153308 0.000279096
0.475748 0.152217 0.152497 0.000279362
0.475948 0.151405 0.151685 0.000279623
0.476148 0.150594 0.150874 0.000279879
0.476348 0.149782 0.150062 0.000280129
0.476548 0.148971 0.149251 0.000280373
0.476748 0.14816 0.14844 0.000280612
0.476948 0.147349 0.14763 0.000280846
0.477148 0.146538 0.146819 0.000281074
0.477348 0.145727 0.146008 0.000281296
0.477548 0.144916 0.145198 0.000281513
0.477748 0.144106 0.144388 0.000281725
0.477948 0.143296 0.143578 0.00028193
0.478148 0.142486 0.142768 0.000282131
0.478348 0.141675 0.141958 0.000282326
0.478548 0.140866 0.141148 0.000282515
0.478748 0.140056 0.140339 0.000282699
0.478948 0.139246 0.139529 0.000282877
0.479148 0.138437 0.13872 0.00028305
0.479348 0.137628 0.137911 0.000283217
0.479548 0.136819 0.137102 0.000283378
0.479748 0.13601 0.136293 0.000283534
0.479948 0.135201 0.135485 0.000283685
0.480148 0.134392 0.134676 0.00028383
0.480348 0.133584 0.133868 0.000283969
0.480548 0.132775 0.13306 0.000284103
0.480748 0.131967 0.132252 0.000284231
0.480948 0.131159 0.131444 0.000284353
0.481148 0.130352 0.130636 0.00028447
0.481348 0.129544 0.129828 0.000284582
0.481548 0.128736 0.129021 0.000284688
0.481748 0.127929 0.128214 0.000284788
0.481948 0.127122 0.127407 0.000284882
0.482148 0.126315 0.1266 0.000284971
0.482348 0.125508 0.125793 0.000285055
0.482548 0.124702 0.124987 0.000285133
0.482748 0.123895 0.12418 0.000285205
0.482948 0.123089 0.123374 0.000285271
0.483148 0.122283 0.122568 0.000285332
0.483348 0.121477 0.121762 0.000285388
0.483548 0.120671 0.120956 0.000285438
0.483748 0.119865 0.120151 0.000285482
0.483948 0.11906 0.119346 0.00028552
0.484148 0.118255 0.11854 0.000285553
0.484348 0.11745 0.117735 0.000285581
0.484548 0.116645 0.11693 0.000285602
0.484748 0.11584 0.116126 0.000285618
0.484948 0.115036 0.115321 0.000285629
0.485149 0.114231 0.114517 0.000285634
0.485349 0.113427 0.113713 0.000285633
0.485549 0.112623 0.112909 0.000285626
0.485749 0.11182 0.112105 0.000285614
0.485949 0.111016 0.111302 0.000285597
0.486149 0.110213 0.110498 0.000285574
0.486349 0.109409 0.109695 0.000285545
0.486549 0.108606 0.108892 0.00028551
0.486749 0.107804 0.108089 0.00028547
0.486949 0.107001 0.107286 0.000285424
0.487149 0.106198 0.106484 0.000285373
0.487349 0.105396 0.105682 0.000285316
0.487549 0.104594 0.104879 0.000285253
0.487749 0.103792 0.104078 0.000285185
0.487949 0.102991 0.103276 0.000285111
0.488149 0.102189 0.102474 0.000285032
0.488349 0.101388 0.101673 0.000284947
0.488549 0.100587 0.100872 0.000284856
0.488749 0.0997861 0.100071 0.00028476
0.488949 0.0989854 0.0992701 0.000284658
0.489149 0.098185 0.0984695 0.000284551
0.489349 0.0973847 0.0976692 0.000284437
0.489549 0.0965847 0.096869 0.000284319
0.489749 0.0957849 0.0960691 0.000284194
0.489949 0.0949852 0.0952693 0.000284064
0.490149 0.0941858 0.0944697 0.000283929
0.490349 0.0933866 0.0936704 0.000283788
0.490549 0.0925876 0.0928712 0.000283641
0.490749 0.0917888 0.0920723 0.000283489
0.490949 0.0909902 0.0912735 0.000283331
0.491149 0.0901918 0.090475 0.000283167
0.491349 0.0893937 0.0896767 0.000282998
0.491549 0.0885957 0.0888785 0.000282824
0.491749 0.087798 0.0880806 0.000282643
0.491949 0.0870005 0.0872829 0.000282458
0.492149 0.0862032 0.0864854 0.000282266
0.492349 0.0854061 0.0856882 0.000282069
0.492549 0.0846092 0.0848911 0.000281867
0.492749 0.0838126 0.0840942 0.000281659
0.492949 0.0830161 0.0832976 0.000281445
0.493149 0.0822199 0.0825012 0.000281226
0.493349 0.081424 0.081705 0.000281001
0.493549 0.0806282 0.080909 0.000280771
0.493749 0.0798327 0.0801132 0.000280535
0.493949 0.0790374 0.0793177 0.000280294
0.494149 0.0782423 0.0785223 0.000280047
0.494349 0.0774474 0.0777272 0.000279794
0.494549 0.0766528 0.0769323 0.000279536
0.494749 0.0758584 0.0761377 0.000279273
0.494949 0.0750642 0.0753432 0.000279004
0.49515 0.0742703 0.074549 0.000278729
0.49535 0.0734766 0.073755 0.000278449
0.49555 0.0726831 0.0729612 0.000278164
0.49575 0.0718898 0.0721677 0.000277873
0.49595 0.0710968 0.0713744 0.000277576
0.49615 0.070304 0.0705813 0.000277274
0.49635 0.0695115 0.0697885 0.000276967
0.49655 0.0687192 0.0689959 0.000276654
0.49675 0.0679271 0.0682035 0.000276335
0.49695 0.0671353 0.0674113 0.000276011
0.49715 0.0663437 0.0666194 0.000275682
0.49735 0.0655524 0.0658277 0.000275347
0.49755 0.0647613 0.0650363 0.000275007
0.49775 0.0639704 0.0642451 0.000274661
0.49795 0.0631798 0.0634541 0.00027431
0.49815 0.0623894 0.0626634 0.000273954
0.49835 0.0615993 0.0618729 0.000273592
0.49855 0.0608094 0.0610826 0.000273224
0.49875 0.0600198 0.0602926 0.000272852
0.49895 0.0592304 0.0595029 0.000272474
0.49915 0.0584412 0.0587133 0.00027209
0.49935 0.0576523 0.057924 0.000271701
0.49955 0.0568637 0.057135 0.000271307
0.49975 0.0560753 0.0563462 0.000270907
0.49995 0.0552872 0.0555577 0.000270502
0.50015 0.0544993 0.0547694 0.000270092
0.50035 0.0537117 0.0539813 0.000269676
0.50055 0.0529243 0.0531936 0.000269255
0.50075 0.0521372 0.052406 0.000268828
0.50095 0.0513503 0.0516187 0.000268397
0.50115 0.0505637 0.0508317 0.00026796
0.50135 0.0497774 0.0500449 0.000267517
0.50155 0.0489913 0.0492584 0.000267069
0.50175 0.0482055 0.0484721 0.000266617
0.50195 0.0474199 0.0476861 0.000266158
0.50215 0.0466346 0.0469003 0.000265695
0.50235 0.0458496 0.0461148 0.000265226
0.50255 0.0450648 0.0453295 0.000264752
0.50275 0.0442803 0.0445445 0.000264273
0.50295 0.043496 0.0437598 0.000263788
0.50315 0.0427121 0.0429754 0.000263299
0.50335 0.0419283 0.0421912 0.000262804
0.50355 0.0411449 0.0414072 0.000262303
0.50375 0.0403617 0.0406235 0.000261798
0.50395 0.0395788 0.0398401 0.000261288
0.50415 0.0387962 0.039057 0.000260772
0.50435 0.0380139 0.0382741 0.000260251
0.50455 0.0372318 0.0374915 0.000259725
0.50475 0.03645 0.0367092 0.000259194
0.50495 0.0356684 0.0359271 0.000258657
0.505151 0.0348872 0.0351453 0.000258116
0.505351 0.0341062 0.0343638 0.000257569
0.505551 0.0333255 0.0335825 0.000257018
0.505751 0.0325451 0.0328015 0.000256461
0.505951 0.0317649 0.0320208 0.000255899
0.506151 0.030985 0.0312404 0.000255332
0.506351 0.0302055 0.0304602 0.00025476
0.506551 0.0294261 0.0296803 0.000254183
0.506751 0.0286471 0.0289007 0.000253601
0.506951 0.0278684 0.0281214 0.000253014
0.507151 0.0270899 0.0273424 0.000252421
0.507351 0.0263118 0.0265636 0.000251824
0.507551 0.0255339 0.0257851 0.000251222
0.507751 0.0247563 0.0250069 0.000250615
0.507951 0.023979 0.024229 0.000250003
0.508151 0.023202 0.0234514 0.000249386
0.508351 0.0224252 0.022674 0.000248764
0.508551 0.0216488 0.0218969 0.000248137
0.508751 0.0208727 0.0211202 0.000247505
0.508951 0.0200968 0.0203437 0.000246868
0.509151 0.0193212 0.0195675 0.000246226
0.509351 0.018546 0.0187916 0.00024558
0.509551 0.017771 0.0180159 0.000244928
0.509751 0.0169963 0.0172406 0.000244272
0.509951 0.016222 0.0164656 0.000243611
0.510151 0.0154479 0.0156908 0.000242945
0.510351 0.0146741 0.0149164 0.000242274
0.510551 0.0139006 0.0141422 0.000241598
0.510751 0.0131274 0.0133684 0.000240917
0.510951 0.0123546 0.0125948 0.000240232
0.511151 0.011582 0.0118215 0.000239542
0.511351 0.0108097 0.0110485 0.000238847
0.511551 0.0100377 0.0102759 0.000238148
0.511751 0.00926606 0.00950351 0.000237444
0.511951 0.0084947 0.00873144 0.000236735
0.512151 0.00772365 0.00795967 0.000236021
0.512351 0.0069529 0.0071882 0.000235303
0.512551 0.00618246 0.00641704 0.000234579
0.512751 0.00541233 0.00564618 0.000233852
0.512951 0.00464251 0.00487563 0.000233119
0.513151 0.003873 0.00410538 0.000232382
0.513351 0.0031038 0.00333544 0.000231641
0.513551 0.00233491 0.0025658 0.000230895
0.513751 0.00156634 0.00179648 0.000230144
0.513951 0.000798077 0.00102747 0.000229388
0.514151 3.01332e-05 0.000258762 0.000228628
0.514351 -0.000737495 -0.000509631 0.000227864
0.514551 -0.00150481 -0.00127771 0.000227095
0.514751 -0.0022718 -0.00204548 0.000226321
0.514951 -0.00303848 -0.00281293 0.000225543
0.515152 -0.00380483 -0.00358007 0.000224761
0.515352 -0.00457087 -0.0043469 0.000223974
0.515552 -0.00533659 -0.0051134 0.000223182
0.515752 -0.00610198 -0.00587959 0.000222386
0.515952 -0.00686705 -0.00664547 0.000221586
0.516152 -0.0076318 -0.00741102 0.000220781
0.516352 -0.00839622 -0.00817625 0.000219972
0.516552 -0.00916032 -0.00894116 0.000219159
0.516752 -0.00992409 -0.00970575 0.000218341
0.516952 -0.0106875 -0.01047 0.000217519
0.517152 -0.0114507 -0.011234 0.000216692
0.517352 -0.0122134 -0.0119976 0.000215861
0.517552 -0.0129759 -0.0127609 0.000215026
0.517752 -0.013738 -0.0135238 0.000214187
0.517952 -0.0144998 -0.0142865 0.000213343
0.518152 -0.0152613 -0.0150488 0.000212495
0.518352 -0.0160224 -0.0158108 0.000211643
0.518552 -0.0167832 -0.0165724 0.000210787
0.518752 -0.0175437 -0.0173338 0.000209926
0.518952 -0.0183038 -0.0180948 0.000209062
0.519152 -0.0190636 -0.0188554 0.000208193
0.519352 -0.0198231 -0.0196158 0.00020732
0.519552 -0.0205822 -0.0203758 0.000206443
0.519752 -0.021341 -0.0211354 0.000205561
0.519952 -0.0220994 -0.0218948 0.000204676
0.520152 -0.0228575 -0.0226537 0.000203787
0.520352 -0.0236153 -0.0234124 0.000202893
0.520552 -0.0243727 -0.0241707 0.000201996
0.520752 -0.0251298 -0.0249287 0.000201094
0.520952 -0.0258865 -0.0256863 0.000200189
0.521152 -0.0266429 -0.0264436 0.000199279
0.521352 -0.0273989 -0.0272006 0.000198366
0.521552 -0.0281546 -0.0279572 0.000197448
0.521752 -0.02891 -0.0287135 0.000196527
0.521952 -0.029665 -0.0294694 0.000195602
0.522152 -0.0304196 -0.030225 0.000194673
0.522352 -0.0311739 -0.0309802 0.00019374
0.522552 -0.0319279 -0.0317351 0.000192803
0.522752 -0.0326815 -0.0324896 0.000191862
0.522952 -0.0334348 -0.0332438 0.000190918
0.523152 -0.0341877 -0.0339977 0.000189969
0.523352 -0.0349402 -0.0347512 0.000189017
0.523552 -0.0356924 -0.0355043 0.000188061
0.523752 -0.0364442 -0.0362571 0.000187102
0.523952 -0.0371957 -0.0370096 0.000186138
0.524152 -0.0379468 -0.0377617 0.000185171
0.524352 -0.0386976 -0.0385134 0.000184201
0.524552 -0.039448 -0.0392648 0.000183226
0.524752 -0.040198 -0.0400158 0.000182248
0.524952 -0.0409477 -0.0407665 0.000181267
0.525153 -0.0416971 -0.0415168 0.000180282
0.525353 -0.042446 -0.0422667 0.000179293
0.525553 -0.0431946 -0.0430163 0.0001783
0.525753 -0.0439429 -0.0437656 0.000177304
0.525953 -0.0446907 -0.0445144 0.000176305
0.526153 -0.0454382 -0.0452629 0.000175302
0.526353 -0.0461854 -0.0460111 0.000174295
0.526553 -0.0469322 -0.0467589 0.000173286
0.526753 -0.0476786 -0.0475063 0.000172272
0.526953 -0.0484246 -0.0482534 0.000171255
0.527153 -0.0491703 -0.0490001 0.000170235
0.527353 -0.0499156 -0.0497464 0.000169212
0.527553 -0.0506605 -0.0504924 0.000168185
0.527753 -0.0514051 -0.0512379 0.000167154
0.527953 -0.0521493 -0.0519832 0.000166121
0.528153 -0.0528931 -0.052728 0.000165084
0.528353 -0.0536365 -0.0534725 0.000164044
0.528553 -0.0543796 -0.0542166 0.000163
0.528753 -0.0551223 -0.0549604 0.000161953
0.528953 -0.0558646 -0.0557037 0.000160903
0.529153 -0.0566066 -0.0564467 0.00015985
0.529353 -0.0573481 -0.0571893 0.000158794
0.529553 -0.0580893 -0.0579316 0.000157735
0.529753 -0.0588301 -0.0586734 0.000156672
0.529953 -0.0595705 -0.0594149 0.000155606
0.530153 -0.0603106 -0.060156 0.000154538
0.530353 -0.0610502 -0.0608968 0.000153466
0.530553 -0.0617895 -0.0616371 0.000152391
0.530753 -0.0625284 -0.0623771 0.000151313
0.530953 -0.0632669 -0.0631167 0.000150232
0.531153 -0.0640051 -0.0638559 0.000149148
0.531353 -0.0647428 -0.0645947 0.000148061
0.531553 -0.0654802 -0.0653332 0.000146971
0.531753 -0.0662171 -0.0660713 0.000145879
0.531953 -0.0669537 -0.0668089 0.000144783
0.532153 -0.0676899 -0.0675462 0.000143685
0.532353 -0.0684257 -0.0682831 0.000142583
0.532553 -0.0691611 -0.0690196 0.000141479
0.532753 -0.0698961 -0.0697558 0.000140372
0.532953 -0.0706308 -0.0704915 0.000139262
0.533153 -0.071365 -0.0712268 0.00013815
0.533353 -0.0720988 -0.0719618 0.000137035
0.533553 -0.0728323 -0.0726964 0.000135917
0.533753 -0.0735653 -0.0734305 0.000134796
0.533953 -0.074298 -0.0741643 0.000133673
0.534153 -0.0750303 -0.0748977 0.000132547
0.534353 -0.0757621 -0.0756307 0.000131418
0.534553 -0.0764936 -0.0763633 0.000130287
0.534753 -0.0772247 -0.0770955 0.000129153
0.534953 -0.0779553 -0.0778273 0.000128017
0.535154 -0.0786856 -0.0785587 0.000126878
0.535354 -0.0794155 -0.0792897 0.000125737
0.535554 -0.0801449 -0.0800203 0.000124593
0.535754 -0.080874 -0.0807505 0.000123447
0.535954 -0.0816026 -0.0814803 0.000122298
0.536154 -0.0823309 -0.0822097 0.000121147
0.536354 -0.0830587 -0.0829387 0.000119993
0.536554 -0.0837862 -0.0836673 0.000118837
0.536754 -0.0845132 -0.0843955 0.000117679
0.536954 -0.0852398 -0.0851233 0.000116518
0.537154 -0.0859661 -0.0858507 0.000115356
0.537354 -0.0866919 -0.0865777 0.00011419
0.537554 -0.0874173 -0.0873043 0.000113023
0.537754 -0.0881423 -0.0880304 0.000111853
0.537954 -0.0888668 -0.0887562 0.000110681
0.538154 -0.089591 -0.0894815 0.000109507
0.538354 -0.0903148 -0.0902064 0.000108331
0.538554 -0.0910381 -0.090931 0.000107153
0.538754 -0.091761 -0.0916551 0.000105973
0.538954 -0.0924836 -0.0923788 0.00010479
0.539154 -0.0932057 -0.093102 0.000103606
0.539354 -0.0939273 -0.0938249 0.000102419
0.539554 -0.0946486 -0.0945474 0.00010123
0.539754 -0.0953694 -0.0952694 0.00010004
0.539954 -0.0960899 -0.095991 9.88473e-05
0.540154 -0.0968099 -0.0967122 9.76528e-05
0.540354 -0.0975295 -0.097433 9.64564e-05
0.540554 -0.0982486 -0.0981534 9.52582e-05
0.540754 -0.0989674 -0.0988733 9.4058e-05
0.540954 -0.0996857 -0.0995928 9.2856e-05
0.541154 -0.100404 -0.100312 9.16523e-05
0.541354 -0.101121 -0.101031 9.04467e-05
0.541554 -0.101838 -0.101749 8.92393e-05
0.541754 -0.102555 -0.102467 8.80302e-05
0.541954 -0.103271 -0.103184 8.68195e-05
0.542154 -0.103987 -0.103901 8.5607e-05
0.542354 -0.104702 -0.104618 8.43928e-05
0.542554 -0.105417 -0.105334 8.3177e-05
0.542754 -0.106131 -0.10605 8.19596e-05
0.542954 -0.106846 -0.106765 8.07406e-05
0.543154 -0.107559 -0.10748 7.952e-05
0.543354 -0.108272 -0.108194 7.82979e-05
0.543554 -0.108985 -0.108908 7.70743e-05
0.543754 -0.109697 -0.109622 7.58492e-05
0.543954 -0.110409 -0.110335 7.46226e-05
0.544154 -0.111121 -0.111047 7.33946e-05
0.544354 -0.111832 -0.11176 7.21652e-05
0.544554 -0.112542 -0.112471 7.09344e-05
0.544754 -0.113253 -0.113183 6.97022e-05
0.544954 -0.113962 -0.113894 6.84687e-05
0.545155 -0.114672 -0.114604 6.72339e-05
0.545355 -0.11538 -0.115314 6.59977e-05
0.545555 -0.116089 -0.116024 6.47604e-05
0.545755 -0.116797 -0.116733 6.35217e-05
0.545955 -0.117504 -0.117442 6.22819e-05
0.546155 -0.118211 -0.11815 6.10409e-05
0.546355 -0.118918 -0.118858 5.97987e-05
0.546555 -0.119624 -0.119566 5.85554e-05
0.546755 -0.12033 -0.120273 5.7311e-05
0.546955 -0.121035 -0.120979 5.60655e-05
0.547155 -0.12174 -0.121685 5.4819e-05
0.547355 -0.122445 -0.122391 5.35714e-05
0.547555 -0.123149 -0.123096 5.23228e-05
0.547755 -0.123852 -0.123801 5.10733e-05
0.547955 -0.124555 -0.124505 4.98227e-05
0.548155 -0.125258 -0.125209 4.85713e-05
0.548355 -0.12596 -0.125913 4.73189e-05
0.548555 -0.126662 -0.126616 4.60657e-05
0.548755 -0.127363 -0.127318 4.48116e-05
0.548955 -0.128064 -0.12802 4.35567e-05
0.549155 -0.128764 -0.128722 4.23011e-05
0.549355 -0.129464 -0.129423 4.10446e-05
0.549555 -0.130164 -0.130124 3.97874e-05
0.549755 -0.130863 -0.130824 3.85295e-05
0.549955 -0.131561 -0.131524 3.72708e-05
0.550155 -0.132259 -0.132223 3.60115e-05
0.550355 -0.132957 -0.132922 3.47516e-05
0.550555 -0.133654 -0.133621 3.34911e-05
0.550755 -0.134351 -0.134319 3.22299e-05
0.550955 -0.135047 -0.135016 3.09682e-05
0.551155 -0.135743 -0.135713 2.9706e-05
0.551355 -0.136438 -0.13641 2.84433e-05
0.551555 -0.137133 -0.137106 2.718e-05
0.551755 -0.137828 -0.137802 2.59164e-05
0.551955 -0.138521 -0.138497 2.46522e-05
0.552155 -0.139215 -0.139192 2.33877e-05
0.552355 -0.139908 -0.139886 2.21228e-05
0.552555 -0.140601 -0.14058 2.08576e-05
0.552755 -0.141293 -0.141273 1.9592e-05
0.552955 -0.141984 -0.141966 1.83261e-05
0.553155 -0.142676 -0.142658 1.706e-05
0.553355 -0.143366 -0.14335 1.57936e-05
0.553555 -0.144057 -0.144042 1.4527e-05
0.553755 -0.144746 -0.144733 1.32602e-05
0.553955 -0.145436 -0.145424 1.19932e-05
0.554155 -0.146124 -0.146114 1.07261e-05
0.554355 -0.146813 -0.146803 9.45887e-06
0.554555 -0.147501 -0.147493 8.19155e-06
0.554755 -0.148188 -0.148181 6.92418e-06
0.554955 -0.148875 -0.148869 5.65677e-06
0.555156 -0.149562 -0.149557 4.38935e-06
0.555356 -0.150248 -0.150244 3.12195e-06
0.555556 -0.150933 -0.150931 1.8546e-06
0.555756 -0.151618 -0.151618 5.87315e-07
0.555956 -0.152303 -0.152303 6.7987e-07
0.556156 -0.152987 -0.152989 1.94693e-06
0.556356 -0.15367 -0.153674 3.21384e-06
0.556556 -0.154354 -0.154358 4.48057e-06
0.556756 -0.155036 -0.155042 5.74709e-06
0.556956 -0.155718 -0.155726 7.01339e-06
0.557156 -0.1564 -0.156408 8.27942e-06
0.557356 -0.157081 -0.157091 9.54518e-06
0.557556 -0.157762 -0.157773 1.08106e-05
0.557756 -0.158442 -0.158455 1.20757e-05
0.557956 -0.159122 -0.159136 1.33405e-05
0.558156 -0.159802 -0.159816 1.46048e-05
0.558356 -0.16048 -0.160496 1.58688e-05
0.558556 -0.161159 -0.161176 1.71322e-05
0.558756 -0.161837 -0.161855 1.83953e-05
0.558956 -0.162514 -0.162534 1.96578e-05
0.559156 -0.163191 -0.163212 2.09198e-05
0.559356 -0.163867 -0.163889 2.21812e-05
0.559556 -0.164543 -0.164567 2.34421e-05
0.559756 -0.165219 -0.165243 2.47024e-05
0.559956 -0.165893 -0.165919 2.5962e-05
0.560156 -0.166568 -0.166595 2.7221e-05
0.560356 -0.167242 -0.16727 2.84793e-05
0.560556 -0.167915 -0.167945 2.97369e-05
0.560756 -0.168588 -0.168619 3.09937e-05
0.560956 -0.169261 -0.169293 3.22498e-05
0.561156 -0.169933 -0.169966 3.35051e-05
0.561356 -0.170604 -0.170639 3.47596e-05
0.561556 -0.171275 -0.171311 3.60133e-05
0.561756 -0.171946 -0.171983 3.72661e-05
0.561956 -0.172616 -0.172654 3.85179e-05
0.562156 -0.173285 -0.173325 3.97689e-05
0.562356 -0.173954 -0.173995 4.10189e-05
0.562556 -0.174623 -0.174665 4.2268e-05
0.562756 -0.175291 -0.175334 4.3516e-05
0.562956 -0.175958 -0.176003 4.4763e-05
0.563156 -0.176625 -0.176671 4.6009e-05
0.563356 -0.177292 -0.177339 4.72538e-05
0.563556 -0.177958 -0.178006 4.84976e-05
0.563756 -0.178623 -0.178673 4.97402e-05
0.563956 -0.179288 -0.179339 5.09817e-05
0.564156 -0.179953 -0.180005 5.2222e-05
0.564356 -0.180617 -0.18067 5.34611e-05
0.564556 -0.18128 -0.181335 5.46989e-05
0.564756 -0.181943 -0.181999 5.59355e-05
0.564956 -0.182606 -0.182663 5.71708e-05
0.565157 -0.183268 -0.183326 5.84048e-05
0.565357 -0.183929 -0.183989 5.96374e-05
0.565557 -0.18459 -0.184651 6.08686e-05
0.565757 -0.185251 -0.185313 6.20985e-05
0.565957 -0.185911 -0.185974 6.33269e-05
0.566157 -0.18657 -0.186635 6.45539e-05
0.566357 -0.187229 -0.187295 6.57794e-05
0.566557 -0.187887 -0.187954 6.70035e-05
0.566757 -0.188545 -0.188613 6.82259e-05
0.566957 -0.189203 -0.189272 6.94469e-05
0.567157 -0.18986 -0.18993 7.06662e-05
0.567357 -0.190516 -0.190588 7.1884e-05
0.567557 -0.191172 -0.191245 7.31001e-05
0.567757 -0.191827 -0.191901 7.43146e-05
0.567957 -0.192482 -0.192557 7.55273e-05
0.568157 -0.193136 -0.193213 7.67384e-05
0.568357 -0.19379 -0.193868 7.79478e-05
0.568557 -0.194443 -0.194522 7.91553e-05
0.568757 -0.195096 -0.195176 8.03611e-05
0.568957 -0.195748 -0.19583 8.15651e-05
0.569157 -0.1964 -0.196483 8.27672e-05
0.569357 -0.197051 -0.197135 8.39675e-05
0.569557 -0.197702 -0.197787 8.51659e-05
0.569757 -0.198352 -0.198439 8.63624e-05
0.569957 -0.199002 -0.199089 8.75569e-05
0.570157 -0.199651 -0.19974 8.87495e-05
0.570357 -0.2003 -0.200389 8.99401e-05
0.570557 -0.200948 -0.201039 9.11286e-05
0.570757 -0.201595 -0.201687 9.23151e-05
0.570957 -0.202242 -0.202336 9.34996e-05
0.571157 -0.202889 -0.202983 9.46819e-05
0.571357 -0.203535 -0.203631 9.58622e-05
0.571557 -0.20418 -0.204277 9.70402e-05
0.571757 -0.204825 -0.204923 9.82162e-05
0.571957 -0.20547 -0.205569 9.93899e-05
0.572157 -0.206113 -0.206214 0.000100561
0.572357 -0.206757 -0.206858 0.000101731
0.572557 -0.2074 -0.207502 0.000102898
0.572757 -0.208042 -0.208146 0.000104062
0.572957 -0.208684 -0.208789 0.000105225
0.573157 -0.209325 -0.209431 0.000106385
0.573357 -0.209966 -0.210073 0.000107542
0.573557 -0.210606 -0.210714 0.000108698
0.573757 -0.211245 -0.211355 0.00010985
0.573957 -0.211885 -0.211996 0.000111001
0.574157 -0.212523 -0.212635 0.000112149
0.574357 -0.213161 -0.213274 0.000113294
0.574557 -0.213799 -0.213913 0.000114437
0.574757 -0.214436 -0.214551 0.000115577
0.574957 -0.215072 -0.215189 0.000116715
0.575158 -0.215708 -0.215826 0.00011785
0.575358 -0.216343 -0.216462 0.000118983
0.575558 -0.216978 -0.217098 0.000120113
0.575758 -0.217612 -0.217734 0.00012124
0.575958 -0.218246 -0.218369 0.000122365
0.576158 -0.218879 -0.219003 0.000123487
0.576358 -0.219512 -0.219637 0.000124606
0.576558 -0.220144 -0.22027 0.000125722
0.576758 -0.220776 -0.220903 0.000126836
0.576958 -0.221407 -0.221535 0.000127946
0.577158 -0.222037 -0.222166 0.000129054
0.577358 -0.222667 -0.222797 0.000130159
0.577558 -0.223297 -0.223428 0.000131261
0.577758 -0.223926 -0.224058 0.000132361
0.577958 -0.224554 -0.224687 0.000133457
0.578158 -0.225182 -0.225316 0.00013455
0.578358 -0.225809 -0.225945 0.000135641
0.578558 -0.226436 -0.226572 0.000136728
0.578758 -0.227062 -0.2272 0.000137812
0.578958 -0.227687 -0.227826 0.000138893
0.579158 -0.228312 -0.228452 0.000139972
0.579358 -0.228937 -0.229078 0.000141047
0.579558 -0.229561 -0.229703 0.000142119
0.579758 -0.230184 -0.230327 0.000143188
0.579958 -0.230807 -0.230951 0.000144253
0.580158 -0.231429 -0.231575 0.000145316
0.580358 -0.232051 -0.232197 0.000146375
0.580558 -0.232672 -0.23282 0.000147431
0.580758 -0.233293 -0.233441 0.000148484
0.580958 -0.233913 -0.234063 0.000149533
0.581158 -0.234533 -0.234683 0.000150579
0.581358 -0.235152 -0.235303 0.000151622
0.581558 -0.23577 -0.235923 0.000152661
0.581758 -0.236388 -0.236542 0.000153697
0.581958 -0.237005 -0.23716 0.00015473
0.582158 -0.237622 -0.237778 0.000155759
0.582358 -0.238238 -0.238395 0.000156785
0.582558 -0.238854 -0.239012 0.000157807
0.582758 -0.239469 -0.239628 0.000158826
0.582958 -0.240083 -0.240243 0.000159842
0.583158 -0.240697 -0.240858 0.000160853
0.583358 -0.241311 -0.241473 0.000161862
0.583558 -0.241924 -0.242087 0.000162866
0.583758 -0.242536 -0.2427 0.000163867
0.583958 -0.243148 -0.243313 0.000164865
0.584158 -0.243759 -0.243925 0.000165858
0.584358 -0.24437 -0.244536 0.000166848
0.584558 -0.24498 -0.245147 0.000167835
0.584758 -0.245589 -0.245758 0.000168818
0.584958 -0.246198 -0.246368 0.000169797
0.585159 -0.246806 -0.246977 0.000170772
0.585359 -0.247414 -0.247586 0.000171743
0.585559 -0.248021 -0.248194 0.000172711
0.585759 -0.248628 -0.248802 0.000173675
0.585959 -0.249234 -0.249409 0.000174634
0.586159 -0.24984 -0.250015 0.000175591
0.586359 -0.250445 -0.250621 0.000176543
0.586559 -0.251049 -0.251227 0.000177491
0.586759 -0.251653 -0.251831 0.000178435
0.586959 -0.252256 -0.252435 0.000179376
0.587159 -0.252859 -0.253039 0.000180312
0.587359 -0.253461 -0.253642 0.000181245
0.587559 -0.254062 -0.254245 0.000182173
0.587759 -0.254663 -0.254847 0.000183098
0.587959 -0.255264 -0.255448 0.000184018
0.588159 -0.255864 -0.256049 0.000184934
0.588359 -0.256463 -0.256649 0.000185846
0.588559 -0.257062 -0.257248 0.000186754
0.588759 -0.25766 -0.257847 0.000187658
0.588959 -0.258257 -0.258446 0.000188558
0.589159 -0.258854 -0.259044 0.000189454
0.589359 -0.259451 -0.259641 0.000190345
0.589559 -0.260046 -0.260238 0.000191232
0.589759 -0.260642 -0.260834 0.000192115
0.589959 -0.261236 -0.261429 0.000192994
0.590159 -0.26183 -0.262024 0.000193868
0.590359 -0.262424 -0.262619 0.000194739
0.590559 -0.263017 -0.263212 0.000195604
0.590759 -0.263609 -0.263806 0.000196466
0.590959 -0.264201 -0.264398 0.000197323
0.591159 -0.264792 -0.26499 0.000198176
0.591359 -0.265383 -0.265582 0.000199024
0.591559 -0.265973 -0.266173 0.000199868
0.591759 -0.266562 -0.266763 0.000200708
0.591959 -0.267151 -0.267353 0.000201543
0.592159 -0.267739 -0.267942 0.000202373
0.592359 -0.268327 -0.26853 0.0002032
0.592559 -0.268914 -0.269118 0.000204021
0.592759 -0.269501 -0.269705 0.000204838
0.592959 -0.270087 -0.270292 0.000205651
0.593159 -0.270672 -0.270878 0.000206459
0.593359 -0.271257 -0.271464 0.000207262
0.593559 -0.271841 -0.272049 0.000208061
0.593759 -0.272425 -0.272633 0.000208855
0.593959 -0.273008 -0.273217 0.000209645
0.594159 -0.27359 -0.2738 0.00021043
0.594359 -0.274172 -0.274383 0.00021121
0.594559 -0.274753 -0.274965 0.000211986
0.594759 -0.275334 -0.275546 0.000212757
0.594959 -0.275914 -0.276127 0.000213523
0.59516 -0.276493 -0.276708 0.000214284
0.59536 -0.277072 -0.277287 0.000215041
0.59556 -0.277651 -0.277866 0.000215793
0.59576 -0.278228 -0.278445 0.00021654
0.59596 -0.278805 -0.279023 0.000217282
0.59616 -0.279382 -0.2796 0.000218019
0.59636 -0.279958 -0.280177 0.000218752
0.59656 -0.280533 -0.280753 0.00021948
0.59676 -0.281108 -0.281328 0.000220203
0.59696 -0.281682 -0.281903 0.000220921
0.59716 -0.282256 -0.282477 0.000221634
0.59736 -0.282829 -0.283051 0.000222342
0.59756 -0.283401 -0.283624 0.000223045
0.59776 -0.283973 -0.284196 0.000223743
0.59796 -0.284544 -0.284768 0.000224436
0.59816 -0.285115 -0.28534 0.000225125
0.59836 -0.285684 -0.28591 0.000225808
0.59856 -0.286254 -0.28648 0.000226486
0.59876 -0.286823 -0.28705 0.000227159
0.59896 -0.287391 -0.287619 0.000227828
0.59916 -0.287958 -0.288187 0.000228491
0.59936 -0.288525 -0.288755 0.000229149
0.59956 -0.289092 -0.289322 0.000229802
0.59976 -0.289658 -0.289888 0.000230449
0.59996 -0.290223 -0.290454 0.000231092
0.60016 -0.290787 -0.291019 0.00023173
0.60036 -0.291351 -0.291584 0.000232362
0.60056 -0.291915 -0.292148 0.000232989
0.60076 -0.292478 -0.292711 0.000233611
0.60096 -0.29304 -0.293274 0.000234228
0.60116 -0.293601 -0.293836 0.000234839
0.60136 -0.294162 -0.294398 0.000235446
0.60156 -0.294723 -0.294959 0.000236047
0.60176 -0.295282 -0.295519 0.000236643
0.60196 -0.295842 -0.296079 0.000237233
0.60216 -0.2964 -0.296638 0.000237818
0.60236 -0.296958 -0.297196 0.000238398
0.60256 -0.297515 -0.297754 0.000238973
0.60276 -0.298072 -0.298312 0.000239542
0.60296 -0.298628 -0.298868 0.000240106
0.60316 -0.299184 -0.299424 0.000240665
0.60336 -0.299739 -0.29998 0.000241218
0.60356 -0.300293 -0.300535 0.000241766
0.60376 -0.300847 -0.301089 0.000242308
0.60396 -0.3014 -0.301643 0.000242845
0.60416 -0.301952 -0.302196 0.000243377
0.60436 -0.302504 -0.302748 0.000243903
0.60456 -0.303055 -0.3033 0.000244424
0.60476 -0.303606 -0.303851 0.000244939
0.60496 -0.304156 -0.304401 0.000245449
0.605161 -0.304705 -0.304951 0.000245953
0.605361 -0.305254 -0.305501 0.000246452
0.605561 -0.305802 -0.306049 0.000246945
0.605761 -0.30635 -0.306597 0.000247433
0.605961 -0.306897 -0.307145 0.000247915
0.606161 -0.307443 -0.307692 0.000248392
0.606361 -0.307989 -0.308238 0.000248863
0.606561 -0.308534 -0.308783 0.000249328
0.606761 -0.309079 -0.309328 0.000249788
0.606961 -0.309622 -0.309873 0.000250243
0.607161 -0.310166 -0.310416 0.000250692
0.607361 -0.310708 -0.31096 0.000251135
0.607561 -0.31125 -0.311502 0.000251572
0.607761 -0.311792 -0.312044 0.000252004
0.607961 -0.312333 -0.312585 0.00025243
0.608161 -0.312873 -0.313126 0.000252851
0.608361 -0.313412 -0.313666 0.000253266
0.608561 -0.313951 -0.314205 0.000253675
0.608761 -0.31449 -0.314744 0.000254079
0.608961 -0.315027 -0.315282 0.000254477
0.609161 -0.315564 -0.315819 0.000254869
0.609361 -0.316101 -0.316356 0.000255255
0.609561 -0.316637 -0.316892 0.000255636
0.609761 -0.317172 -0.317428 0.000256011
0.609961 -0.317706 -0.317963 0.00025638
0.610161 -0.31824 -0.318497 0.000256744
0.610361 -0.318774 -0.319031 0.000257101
0.610561 -0.319306 -0.319564 0.000257453
0.610761 -0.319839 -0.320096 0.000257799
0.610961 -0.32037 -0.320628 0.00025814
0.611161 -0.320901 -0.321159 0.000258474
0.611361 -0.321431 -0.32169 0.000258803
0.611561 -0.321961 -0.32222 0.000259126
0.611761 -0.32249 -0.322749 0.000259443
0.611961 -0.323018 -0.323278 0.000259754
0.612161 -0.323546 -0.323806 0.00026006
0.612361 -0.324073 -0.324333 0.00026036
0.612561 -0.324599 -0.32486 0.000260653
0.612761 -0.325125 -0.325386 0.000260941
0.612961 -0.32565 -0.325912 0.000261223
0.613161 -0.326175 -0.326436 0.000261499
0.613361 -0.326699 -0.326961 0.000261769
0.613561 -0.327222 -0.327484 0.000262034
0.613761 -0.327745 -0.328007 0.000262292
0.613961 -0.328267 -0.328529 0.000262545
0.614161 -0.328788 -0.329051 0.000262791
0.614361 -0.329309 -0.329572 0.000263032
0.614561 -0.329829 -0.330093 0.000263267
0.614761 -0.330349 -0.330612 0.000263495
0.614961 -0.330868 -0.331131 0.000263718
0.615162 -0.331386 -0.33165 0.000263935
0.615362 -0.331904 -0.332168 0.000264146
0.615562 -0.332421 -0.332685 0.000264351
0.615762 -0.332937 -0.333201 0.00026455
0.615962 -0.333453 -0.333717 0.000264743
0.616162 -0.333968 -0.334233 0.00026493
0.616362 -0.334482 -0.334747 0.000265111
0.616562 -0.334996 -0.335261 0.000265286
0.616762 -0.335509 -0.335775 0.000265455
0.616962 -0.336022 -0.336287 0.000265618
0.617162 -0.336534 -0.336799 0.000265776
0.617362 -0.337045 -0.337311 0.000265927
0.617562 -0.337556 -0.337822 0.000266072
0.617762 -0.338066 -0.338332 0.000266211
0.617962 -0.338575 -0.338841 0.000266344
0.618162 -0.339084 -0.33935 0.000266471
0.618362 -0.339592 -0.339858 0.000266592
0.618562 -0.340099 -0.340366 0.000266707
0.618762 -0.340606 -0.340873 0.000266815
0.618962 -0.341112 -0.341379 0.000266918
0.619162 -0.341618 -0.341885 0.000267015
0.619362 -0.342123 -0.34239 0.000267106
0.619562 -0.342627 -0.342894 0.00026719
0.619762 -0.343131 -0.343398 0.000267269
0.619962 -0.343634 -0.343901 0.000267342
0.620162 -0.344136 -0.344403 0.000267408
0.620362 -0.344638 -0.344905 0.000267468
0.620562 -0.345139 -0.345406 0.000267523
0.620762 -0.345639 -0.345907 0.000267571
0.620962 -0.346139 -0.346406 0.000267613
0.621162 -0.346638 -0.346906 0.000267649
0.621362 -0.347136 -0.347404 0.000267679
0.621562 -0.347634 -0.347902 0.000267703
0.621762 -0.348131 -0.348399 0.000267721
0.621962 -0.348628 -0.348896 0.000267733
0.622162 -0.349124 -0.349392 0.000267739
0.622362 -0.349619 -0.349887 0.000267738
0.622562 -0.350114 -0.350381 0.000267732
0.622762 -0.350608 -0.350875 0.000267719
0.622962 -0.351101 -0.351369 0.000267701
0.623162 -0.351594 -0.351861 0.000267676
0.623362 -0.352086 -0.352353 0.000267645
0.623562 -0.352577 -0.352845 0.000267608
0.623762 -0.353068 -0.353335 0.000267565
0.623962 -0.353558 -0.353825 0.000267516
0.624162 -0.354047 -0.354315 0.000267461
0.624362 -0.354536 -0.354803 0.000267399
0.624562 -0.355024 -0.355291 0.000267332
0.624762 -0.355512 -0.355779 0.000267258
0.624962 -0.355998 -0.356266 0.000267179
0.625163 -0.356485 -0.356752 0.000267093
0.625363 -0.35697 -0.357237 0.000267001
0.625563 -0.357455 -0.357722 0.000266903
0.625763 -0.357939 -0.358206 0.000266799
0.625963 -0.358423 -0.358689 0.000266689
0.626163 -0.358906 -0.359172 0.000266573
0.626363 -0.359388 -0.359654 0.00026645
0.626563 -0.35987 -0.360136 0.000266322
0.626763 -0.360351 -0.360617 0.000266187
0.626963 -0.360831 -0.361097 0.000266047
0.627163 -0.361311 -0.361576 0.0002659
0.627363 -0.36179 -0.362055 0.000265747
0.627563 -0.362268 -0.362533 0.000265589
0.627763 -0.362746 -0.363011 0.000265424
0.627963 -0.363223 -0.363488 0.000265253
0.628163 -0.363699 -0.363964 0.000265076
0.628363 -0.364175 -0.36444 0.000264892
0.628563 -0.36465 -0.364915 0.000264703
0.628763 -0.365124 -0.365389 0.000264508
0.628963 -0.365598 -0.365862 0.000264306
0.629163 -0.366071 -0.366335 0.000264099
0.629363 -0.366544 -0.366807 0.000263885
0.629563 -0.367015 -0.367279 0.000263666
0.629763 -0.367487 -0.36775 0.00026344
0.629963 -0.367957 -0.36822 0.000263209
0.630163 -0.368427 -0.36869 0.000262971
0.630363 -0.368896 -0.369159 0.000262727
0.630563 -0.369365 -0.369627 0.000262477
0.630763 -0.369832 -0.370095 0.000262222
0.630963 -0.3703 -0.370562 0.00026196
0.631163 -0.370766 -0.371028 0.000261692
0.631363 -0.371232 -0.371493 0.000261418
0.631563 -0.371697 -0.371958 0.000261138
0.631763 -0.372162 -0.372423 0.000260852
0.631963 -0.372626 -0.372886 0.00026056
0.632163 -0.373089 -0.373349 0.000260262
0.632363 -0.373551 -0.373811 0.000259958
0.632563 -0.374013 -0.374273 0.000259648
0.632763 -0.374475 -0.374734 0.000259332
0.632963 -0.374935 -0.375194 0.00025901
0.633163 -0.375395 -0.375654 0.000258682
0.633363 -0.375854 -0.376113 0.000258349
0.633563 -0.376313 -0.376571 0.000258009
0.633763 -0.376771 -0.377029 0.000257663
0.633963 -0.377228 -0.377485 0.000257311
0.634163 -0.377685 -0.377942 0.000256953
0.634363 -0.378141 -0.378397 0.00025659
0.634563 -0.378596 -0.378852 0.00025622
0.634763 -0.379051 -0.379306 0.000255845
0.634963 -0.379505 -0.37976 0.000255463
0.635164 -0.379958 -0.380213 0.000255076
0.635364 -0.38041 -0.380665 0.000254683
0.635564 -0.380862 -0.381117 0.000254284
0.635764 -0.381314 -0.381568 0.000253879
0.635964 -0.381764 -0.382018 0.000253468
0.636164 -0.382214 -0.382467 0.000253051
0.636364 -0.382664 -0.382916 0.000252628
0.636564 -0.383112 -0.383364 0.0002522
0.636764 -0.38356 -0.383812 0.000251765
0.636964 -0.384007 -0.384259 0.000251325
0.637164 -0.384454 -0.384705 0.000250879
0.637364 -0.3849 -0.38515 0.000250427
0.637564 -0.385345 -0.385595 0.00024997
0.637764 -0.38579 -0.386039 0.000249506
0.637964 -0.386234 -0.386483 0.000249037
0.638164 -0.386677 -0.386926 0.000248562
0.638364 -0.38712 -0.387368 0.000248081
0.638564 -0.387562 -0.387809 0.000247594
0.638764 -0.388003 -0.38825 0.000247102
0.638964 -0.388444 -0.38869 0.000246604
0.639164 -0.388884 -0.38913 0.0002461
0.639364 -0.389323 -0.389568 0.00024559
0.639564 -0.389761 -0.390006 0.000245075
0.639764 -0.390199 -0.390444 0.000244554
0.639964 -0.390637 -0.390881 0.000244027
0.640164 -0.391073 -0.391317 0.000243494
0.640364 -0.391509 -0.391752 0.000242956
0.640564 -0.391944 -0.392187 0.000242412
0.640764 -0.392379 -0.392621 0.000241863
0.640964 -0.392813 -0.393054 0.000241308
0.641164 -0.393246 -0.393487 0.000240747
0.641364 -0.393678 -0.393919 0.00024018
0.641564 -0.39411 -0.39435 0.000239608
0.641764 -0.394542 -0.394781 0.000239031
0.641964 -0.394972 -0.395211 0.000238448
0.642164 -0.395402 -0.39564 0.000237859
0.642364 -0.395831 -0.396068 0.000237264
0.642564 -0.39626 -0.396496 0.000236664
0.642764 -0.396687 -0.396924 0.000236059
0.642964 -0.397115 -0.39735 0.000235448
0.643164 -0.397541 -0.397776 0.000234831
0.643364 -0.397967 -0.398201 0.000234209
0.643564 -0.398392 -0.398626 0.000233582
0.643764 -0.398816 -0.399049 0.000232948
0.643964 -0.39924 -0.399473 0.00023231
0.644164 -0.399663 -0.399895 0.000231666
0.644364 -0.400086 -0.400317 0.000231016
0.644564 -0.400508 -0.400738 0.000230362
0.644764 -0.400929 -0.401158 0.000229701
0.644964 -0.401349 -0.401578 0.000229036
0.645165 -0.401769 -0.401997 0.000228364
0.645365 -0.402188 -0.402415 0.000227688
0.645565 -0.402606 -0.402833 0.000227006
0.645765 -0.403024 -0.40325 0.000226319
0.645965 -0.403441 -0.403666 0.000225626
0.646165 -0.403857 -0.404082 0.000224928
0.646365 -0.404273 -0.404497 0.000224225
0.646565 -0.404688 -0.404911 0.000223517
0.646765 -0.405102 -0.405325 0.000222803
0.646965 -0.405516 -0.405738 0.000222084
0.647165 -0.405929 -0.40615 0.00022136
0.647365 -0.406341 -0.406562 0.00022063
0.647565 -0.406753 -0.406972 0.000219896
0.647765 -0.407163 -0.407383 0.000219156
0.647965 -0.407574 -0.407792 0.00021841
0.648165 -0.407983 -0.408201 0.00021766
0.648365 -0.408392 -0.408609 0.000216905
0.648565 -0.4088 -0.409016 0.000216144
0.648765 -0.409208 -0.409423 0.000215378
0.648965 -0.409615 -0.409829 0.000214607
0.649165 -0.410021 -0.410234 0.000213832
0.649365 -0.410426 -0.410639 0.00021305
0.649565 -0.410831 -0.411043 0.000212264
0.649765 -0.411235 -0.411446 0.000211473
0.649965 -0.411638 -0.411849 0.000210677
0.650165 -0.412041 -0.412251 0.000209876
0.650365 -0.412443 -0.412652 0.00020907
0.650565 -0.412845 -0.413053 0.000208259
0.650765 -0.413245 -0.413453 0.000207442
0.650965 -0.413645 -0.413852 0.000206621
0.651165 -0.414045 -0.41425 0.000205795
0.651365 -0.414443 -0.414648 0.000204964
0.651565 -0.414841 -0.415045 0.000204129
0.651765 -0.415238 -0.415442 0.000203288
0.651965 -0.415635 -0.415837 0.000202442
0.652165 -0.416031 -0.416232 0.000201592
0.652365 -0.416426 -0.416627 0.000200737
0.652565 -0.416821 -0.41702 0.000199877
0.652765 -0.417214 -0.417413 0.000199012
0.652965 -0.417608 -0.417806 0.000198142
0.653165 -0.418 -0.418197 0.000197268
0.653365 -0.418392 -0.418588 0.000196389
0.653565 -0.418783 -0.418978 0.000195505
0.653765 -0.419173 -0.419368 0.000194617
0.653965 -0.419563 -0.419757 0.000193724
0.654165 -0.419952 -0.420145 0.000192826
0.654365 -0.420341 -0.420532 0.000191923
0.654565 -0.420728 -0.420919 0.000191016
0.654765 -0.421115 -0.421305 0.000190105
0.654965 -0.421501 -0.421691 0.000189189
0.655166 -0.421887 -0.422075 0.000188268
0.655366 -0.422272 -0.422459 0.000187342
0.655566 -0.422656 -0.422843 0.000186413
0.655766 -0.42304 -0.423225 0.000185478
0.655966 -0.423423 -0.423607 0.00018454
0.656166 -0.423805 -0.423988 0.000183596
0.656366 -0.424186 -0.424369 0.000182649
0.656566 -0.424567 -0.424749 0.000181696
0.656766 -0.424947 -0.425128 0.00018074
0.656966 -0.425327 -0.425507 0.000179779
0.657166 -0.425705 -0.425884 0.000178814
0.657366 -0.426084 -0.426261 0.000177844
0.657566 -0.426461 -0.426638 0.00017687
0.657766 -0.426838 -0.427013 0.000175892
0.657966 -0.427214 -0.427388 0.000174909
0.658166 -0.427589 -0.427763 0.000173923
0.658366 -0.427963 -0.428136 0.000172932
0.658566 -0.428337 -0.428509 0.000171937
0.658766 -0.428711 -0.428882 0.000170937
0.658966 -0.429083 -0.429253 0.000169934
0.659166 -0.429455 -0.429624 0.000168926
0.659366 -0.429826 -0.429994 0.000167914
0.659566 -0.430197 -0.430364 0.000166898
0.659766 -0.430566 -0.430732 0.000165878
0.659966 -0.430936 -0.4311 0.000164854
0.660166 -0.431304 -0.431468 0.000163826
0.660366 -0.431672 -0.431834 0.000162794
0.660566 -0.432039 -0.4322 0.000161758
0.660766 -0.432405 -0.432566 0.000160718
0.660966 -0.432771 -0.43293 0.000159674
0.661166 -0.433136 -0.433294 0.000158626
0.661366 -0.4335 -0.433657 0.000157574
0.661566 -0.433863 -0.43402 0.000156519
0.661766 -0.434226 -0.434382 0.000155459
0.661966 -0.434589 -0.434743 0.000154396
0.662166 -0.43495 -0.435103 0.000153329
0.662366 -0.435311 -0.435463 0.000152258
0.662566 -0.435671 -0.435822 0.000151183
0.662766 -0.43603 -0.43618 0.000150105
0.662966 -0.436389 -0.436538 0.000149022
0.663166 -0.436747 -0.436895 0.000147937
0.663366 -0.437104 -0.437251 0.000146847
0.663566 -0.437461 -0.437607 0.000145754
0.663766 -0.437817 -0.437962 0.000144657
0.663966 -0.438172 -0.438316 0.000143557
0.664166 -0.438527 -0.438669 0.000142453
0.664366 -0.438881 -0.439022 0.000141345
0.664566 -0.439234 -0.439374 0.000140235
0.664766 -0.439586 -0.439726 0.00013912
0.664966 -0.439938 -0.440076 0.000138002
0.665167 -0.440289 -0.440426 0.000136881
0.665367 -0.44064 -0.440776 0.000135756
0.665567 -0.44099 -0.441124 0.000134628
0.665767 -0.441339 -0.441472 0.000133496
0.665967 -0.441687 -0.441819 0.000132361
0.666167 -0.442035 -0.442166 0.000131223
0.666367 -0.442381 -0.442512 0.000130082
0.666567 -0.442728 -0.442857 0.000128937
0.666767 -0.443073 -0.443201 0.000127789
0.666967 -0.443418 -0.443545 0.000126638
0.667167 -0.443762 -0.443888 0.000125483
0.667367 -0.444106 -0.44423 0.000124326
0.667567 -0.444449 -0.444572 0.000123165
0.667767 -0.444791 -0.444913 0.000122001
0.667967 -0.445132 -0.445253 0.000120834
0.668167 -0.445473 -0.445592 0.000119664
0.668367 -0.445813 -0.445931 0.000118491
0.668567 -0.446152 -0.446269 0.000117315
0.668767 -0.446491 -0.446607 0.000116136
0.668967 -0.446829 -0.446943 0.000114954
0.669167 -0.447166 -0.44728 0.000113769
0.669367 -0.447502 -0.447615 0.000112581
0.669567 -0.447838 -0.447949 0.00011139
0.669767 -0.448173 -0.448283 0.000110197
0.669967 -0.448508 -0.448617 0.000109001
0.670167 -0.448841 -0.448949 0.000107801
0.670367 -0.449174 -0.449281 0.000106599
0.670567 -0.449507 -0.449612 0.000105395
0.670767 -0.449838 -0.449943 0.000104187
0.670967 -0.450169 -0.450272 0.000102977
0.671167 -0.4505 -0.450601 0.000101765
0.671367 -0.450829 -0.45093 0.000100549
0.671567 -0.451158 -0.451257 9.93312e-05
0.671767 -0.451486 -0.451584 9.81106e-05
0.671967 -0.451814 -0.451911 9.68875e-05
0.672167 -0.452141 -0.452236 9.56618e-05
0.672367 -0.452467 -0.452561 9.44337e-05
0.672567 -0.452792 -0.452885 9.32031e-05
0.672767 -0.453117 -0.453209 9.197e-05
0.672967 -0.453441 -0.453531 9.07346e-05
0.673167 -0.453764 -0.453853 8.94967e-05
0.673367 -0.454087 -0.454175 8.82565e-05
0.673567 -0.454408 -0.454495 8.7014e-05
0.673767 -0.45473 -0.454815 8.57692e-05
0.673967 -0.45505 -0.455135 8.45221e-05
0.674167 -0.45537 -0.455453 8.32727e-05
0.674367 -0.455689 -0.455771 8.20212e-05
0.674567 -0.456008 -0.456088 8.07674e-05
0.674767 -0.456325 -0.456405 7.95115e-05
0.674967 -0.456642 -0.45672 7.82535e-05
0.675168 -0.456959 -0.457036 7.69934e-05
0.675368 -0.457274 -0.45735 7.57312e-05
0.675568 -0.457589 -0.457664 7.44669e-05
0.675768 -0.457903 -0.457977 7.32007e-05
0.675968 -0.458217 -0.458289 7.19324e-05
0.676168 -0.45853 -0.4586 7.06622e-05
0.676368 -0.458842 -0.458911 6.93901e-05
0.676568 -0.459153 -0.459221 6.81161e-05
0.676768 -0.459464 -0.459531 6.68402e-05
0.676968 -0.459774 -0.45984 6.55624e-05
0.677168 -0.460083 -0.460148 6.42829e-05
0.677368 -0.460392 -0.460455 6.30016e-05
0.677568 -0.4607 -0.460762 6.17185e-05
0.677768 -0.461007 -0.461068 6.04337e-05
0.677968 -0.461314 -0.461373 5.91472e-05
0.678168 -0.46162 -0.461677 5.78591e-05
0.678368 -0.461925 -0.461981 5.65693e-05
0.678568 -0.462229 -0.462285 5.52779e-05
0.678768 -0.462533 -0.462587 5.39849e-05
0.678968 -0.462836 -0.462889 5.26904e-05
0.679168 -0.463138 -0.46319 5.13944e-05
0.679368 -0.46344 -0.46349 5.00969e-05
0.679568 -0.463741 -0.46379 4.87979e-05
0.679768 -0.464041 -0.464089 4.74976e-05
0.679968 -0.464341 -0.464387 4.61958e-05
0.680168 -0.46464 -0.464685 4.48926e-05
0.680368 -0.464938 -0.464981 4.35882e-05
0.680568 -0.465235 -0.465278 4.22824e-05
0.680768 -0.465532 -0.465573 4.09753e-05
0.680968 -0.465828 -0.465868 3.9667e-05
0.681168 -0.466124 -0.466162 3.83575e-05
0.681368 -0.466418 -0.466455 3.70469e-05
0.681568 -0.466712 -0.466748 3.5735e-05
0.681768 -0.467005 -0.46704 3.44221e-05
0.681968 -0.467298 -0.467331 3.3108e-05
0.682168 -0.46759 -0.467622 3.17929e-05
0.682368 -0.467881 -0.467912 3.04768e-05
0.682568 -0.468172 -0.468201 2.91596e-05
0.682768 -0.468461 -0.468489 2.78415e-05
0.682968 -0.46875 -0.468777 2.65225e-05
0.683168 -0.469039 -0.469064 2.52025e-05
0.683368 -0.469327 -0.46935 2.38817e-05
0.683568 -0.469613 -0.469636 2.256e-05
0.683768 -0.4699 -0.469921 2.12375e-05
0.683968 -0.470185 -0.470205 1.99143e-05
0.684168 -0.47047 -0.470489 1.85903e-05
0.684368 -0.470754 -0.470772 1.72655e-05
0.684568 -0.471038 -0.471054 1.59401e-05
0.684768 -0.471321 -0.471335 1.4614e-05
0.684968 -0.471603 -0.471616 1.32873e-05
0.685169 -0.471884 -0.471896 1.196e-05
0.685369 -0.472165 -0.472176 1.06321e-05
0.685569 -0.472445 -0.472454 9.30371e-06
0.685769 -0.472724 -0.472732 7.9748e-06
0.685969 -0.473003 -0.473009 6.64542e-06
0.686169 -0.473281 -0.473286 5.31559e-06
0.686369 -0.473558 -0.473562 3.98536e-06
0.686569 -0.473834 -0.473837 2.65475e-06
0.686769 -0.47411 -0.474111 1.3238e-06
0.686969 -0.474385 -0.474385 7.46924e-09
0.687169 -0.47466 -0.474658 1.33902e-06
0.687369 -0.474933 -0.474931 2.67082e-06
0.687569 -0.475206 -0.475202 4.00285e-06
0.687769 -0.475479 -0.475473 5.33506e-06
0.687969 -0.47575 -0.475744 6.66743e-06
0.688169 -0.476021 -0.476013 7.99992e-06
0.688369 -0.476291 -0.476282 9.33251e-06
0.688569 -0.476561 -0.47655 1.06652e-05
0.688769 -0.47683 -0.476818 1.19978e-05
0.688969 -0.477098 -0.477084 1.33305e-05
0.689169 -0.477365 -0.47735 1.46632e-05
0.689369 -0.477632 -0.477616 1.59957e-05
0.689569 -0.477898 -0.477881 1.73282e-05
0.689769 -0.478163 -0.478144 1.86606e-05
0.689969 -0.478428 -0.478408 1.99928e-05
0.690169 -0.478692 -0.47867 2.13248e-05
0.690369 -0.478955 -0.478932 2.26566e-05
0.690569 -0.479217 -0.479193 2.39881e-05
0.690769 -0.479479 -0.479454 2.53193e-05
0.690969 -0.47974 -0.479714 2.66502e-05
0.691169 -0.480001 -0.479973 2.79808e-05
0.691369 -0.48026 -0.480231 2.9311e-05
0.691569 -0.480519 -0.480489 3.06408e-05
0.691769 -0.480778 -0.480746 3.19701e-05
0.691969 -0.481035 -0.481002 3.32989e-05
0.692169 -0.481292 -0.481258 3.46273e-05
0.692369 -0.481549 -0.481513 3.59551e-05
0.692569 -0.481804 -0.481767 3.72823e-05
0.692769 -0.482059 -0.48202 3.86089e-05
0.692969 -0.482313 -0.482273 3.99349e-05
0.693169 -0.482566 -0.482525 4.12602e-05
0.693369 -0.482819 -0.482777 4.25848e-05
0.693569 -0.483071 -0.483027 4.39087e-05
0.693769 -0.483322 -0.483277 4.52318e-05
0.693969 -0.483573 -0.483527 4.65541e-05
0.694169 -0.483823 -0.483775 4.78756e-05
0.694369 -0.484072 -0.484023 4.91962e-05
0.694569 -0.484321 -0.48427 5.05159e-05
0.694769 -0.484569 -0.484517 5.18347e-05
0.694969 -0.484816 -0.484763 5.31526e-05
0.69517 -0.485062 -0.485008 5.44694e-05
0.69537 -0.485308 -0.485252 5.57852e-05
0.69557 -0.485553 -0.485496 5.71e-05
0.69577 -0.485797 -0.485739 5.84137e-05
0.69597 -0.486041 -0.485981 5.97263e-05
0.69617 -0.486284 -0.486223 6.10377e-05
0.69637 -0.486526 -0.486464 6.2348e-05
0.69657 -0.486768 -0.486704 6.3657e-05
0.69677 -0.487009 -0.486944 6.49648e-05
0.69697 -0.487249 -0.487182 6.62713e-05
0.69717 -0.487488 -0.487421 6.75765e-05
0.69737 -0.487727 -0.487658 6.88804e-05
0.69757 -0.487965 -0.487895 7.01828e-05
0.69777 -0.488202 -0.488131 7.14839e-05
0.69797 -0.488439 -0.488366 7.27836e-05
0.69817 -0.488675 -0.488601 7.40818e-05
0.69837 -0.48891 -0.488835 7.53785e-05
0.69857 -0.489145 -0.489068 7.66736e-05
0.69877 -0.489379 -0.489301 7.79672e-05
0.69897 -0.489612 -0.489533 7.92592e-05
0.69917 -0.489844 -0.489764 8.05496e-05
0.69937 -0.490076 -0.489994 8.18383e-05
0.69957 -0.490307 -0.490224 8.31253e-05
0.69977 -0.490538 -0.490453 8.44106e-05
0.69997 -0.490767 -0.490682 8.56941e-05
0.70017 -0.490996 -0.490909 8.69759e-05
0.70037 -0.491225 -0.491136 8.82558e-05
0.70057 -0.491452 -0.491363 8.95339e-05
0.70077 -0.491679 -0.491588 9.08101e-05
0.70097 -0.491905 -0.491813 9.20844e-05
0.70117 -0.492131 -0.492037 9.33568e-05
0.70137 -0.492356 -0.492261 9.46272e-05
0.70157 -0.49258 -0.492484 9.58956e-05
0.70177 -0.492803 -0.492706 9.71619e-05
0.70197 -0.493026 -0.492927 9.84262e-05
0.70217 -0.493248 -0.493148 9.96883e-05
0.70237 -0.493469 -0.493368 0.000100948
0.70257 -0.49369 -0.493588 0.000102206
0.70277 -0.49391 -0.493806 0.000103462
0.70297 -0.494129 -0.494024 0.000104715
0.70317 -0.494348 -0.494242 0.000105967
0.70337 -0.494565 -0.494458 0.000107215
0.70357 -0.494783 -0.494674 0.000108462
0.70377 -0.494999 -0.494889 0.000109706
0.70397 -0.495215 -0.495104 0.000110948
0.70417 -0.49543 -0.495318 0.000112188
0.70437 -0.495644 -0.495531 0.000113425
0.70457 -0.495858 -0.495743 0.000114659
0.70477 -0.496071 -0.495955 0.000115891
0.70497 -0.496283 -0.496166 0.000117121
0.705171 -0.496495 -0.496377 0.000118348
0.705371 -0.496706 -0.496586 0.000119572
0.705571 -0.496916 -0.496795 0.000120794
0.705771 -0.497125 -0.497003 0.000122013
0.705971 -0.497334 -0.497211 0.000123229
0.706171 -0.497542 -0.497418 0.000124442
0.706371 -0.49775 -0.497624 0.000125653
0.706571 -0.497957 -0.49783 0.000126861
0.706771 -0.498163 -0.498035 0.000128067
0.706971 -0.498368 -0.498239 0.000129269
0.707171 -0.498573 -0.498442 0.000130469
0.707371 -0.498777 -0.498645 0.000131665
0.707571 -0.49898 -0.498847 0.000132859
0.707771 -0.499182 -0.499048 0.00013405
0.707971 -0.499384 -0.499249 0.000135237
0.708171 -0.499585 -0.499449 0.000136422
0.708371 -0.499786 -0.499648 0.000137604
0.708571 -0.499986 -0.499847 0.000138782
0.708771 -0.500185 -0.500045 0.000139958
0.708971 -0.500383 -0.500242 0.00014113
0.709171 -0.500581 -0.500439 0.000142299
0.709371 -0.500778 -0.500634 0.000143465
0.709571 -0.500974 -0.50083 0.000144628
0.709771 -0.50117 -0.501024 0.000145787
0.709971 -0.501365 -0.501218 0.000146943
0.710171 -0.501559 -0.501411 0.000148096
0.710371 -0.501753 -0.501603 0.000149246
0.710571 -0.501945 -0.501795 0.000150392
0.710771 -0.502138 -0.501986 0.000151534
0.710971 -0.502329 -0.502176 0.000152673
0.711171 -0.50252 -0.502366 0.000153809
0.711371 -0.50271 -0.502555 0.000154941
0.711571 -0.502899 -0.502743 0.00015607
0.711771 -0.503088 -0.502931 0.000157195
0.711971 -0.503276 -0.503118 0.000158317
0.712171 -0.503463 -0.503304 0.000159435
0.712371 -0.50365 -0.50349 0.000160549
0.712571 -0.503836 -0.503674 0.000161659
0.712771 -0.504021 -0.503858 0.000162766
0.712971 -0.504206 -0.504042 0.00016387
0.713171 -0.50439 -0.504225 0.000164969
0.713371 -0.504573 -0.504407 0.000166064
0.713571 -0.504755 -0.504588 0.000167156
0.713771 -0.504937 -0.504769 0.000168244
0.713971 -0.505118 -0.504949 0.000169328
0.714171 -0.505299 -0.505128 0.000170408
0.714371 -0.505478 -0.505307 0.000171484
0.714571 -0.505657 -0.505485 0.000172557
0.714771 -0.505836 -0.505662 0.000173625
0.714971 -0.506013 -0.505839 0.000174689
0.715172 -0.50619 -0.506015 0.000175749
0.715372 -0.506367 -0.50619 0.000176805
0.715572 -0.506542 -0.506364 0.000177857
0.715772 -0.506717 -0.506538 0.000178905
0.715972 -0.506891 -0.506711 0.000179949
0.716172 -0.507065 -0.506884 0.000180988
0.716372 -0.507238 -0.507056 0.000182024
0.716572 -0.50741 -0.507227 0.000183055
0.716772 -0.507581 -0.507397 0.000184082
0.716972 -0.507752 -0.507567 0.000185104
0.717172 -0.507922 -0.507736 0.000186122
0.717372 -0.508092 -0.507905 0.000187136
0.717572 -0.50826 -0.508072 0.000188146
0.717772 -0.508428 -0.508239 0.000189151
0.717972 -0.508596 -0.508406 0.000190151
0.718172 -0.508762 -0.508571 0.000191147
0.718372 -0.508928 -0.508736 0.000192139
0.718572 -0.509094 -0.5089 0.000193126
0.718772 -0.509258 -0.509064 0.000194109
0.718972 -0.509422 -0.509227 0.000195087
0.719172 -0.509585 -0.509389 0.00019606
0.719372 -0.509748 -0.509551 0.000197029
0.719572 -0.50991 -0.509712 0.000197993
0.719772 -0.510071 -0.509872 0.000198953
0.719972 -0.510231 -0.510031 0.000199908
0.720172 -0.510391 -0.51019 0.000200858
0.720372 -0.51055 -0.510348 0.000201803
0.720572 -0.510709 -0.510506 0.000202744
0.720772 -0.510866 -0.510663 0.000203679
0.720972 -0.511023 -0.510819 0.00020461
0.721172 -0.51118 -0.510974 0.000205536
0.721372 -0.511335 -0.511129 0.000206458
0.721572 -0.51149 -0.511283 0.000207374
0.721772 -0.511645 -0.511436 0.000208285
0.721972 -0.511798 -0.511589 0.000209192
0.722172 -0.511951 -0.511741 0.000210093
0.722372 -0.512103 -0.511893 0.00021099
0.722572 -0.512255 -0.512043 0.000211881
0.722772 -0.512406 -0.512193 0.000212768
0.722972 -0.512556 -0.512342 0.000213649
0.723172 -0.512706 -0.512491 0.000214525
0.723372 -0.512854 -0.512639 0.000215396
0.723572 -0.513003 -0.512786 0.000216262
0.723772 -0.51315 -0.512933 0.000217123
0.723972 -0.513297 -0.513079 0.000217979
0.724172 -0.513443 -0.513224 0.000218829
0.724372 -0.513588 -0.513369 0.000219674
0.724572 -0.513733 -0.513513 0.000220514
0.724772 -0.513877 -0.513656 0.000221349
0.724972 -0.514021 -0.513798 0.000222178
0.725173 -0.514163 -0.51394 0.000223002
0.725373 -0.514305 -0.514081 0.00022382
0.725573 -0.514447 -0.514222 0.000224633
0.725773 -0.514587 -0.514362 0.000225441
0.725973 -0.514727 -0.514501 0.000226244
0.726173 -0.514867 -0.51464 0.000227041
0.726373 -0.515005 -0.514777 0.000227832
0.726573 -0.515143 -0.514914 0.000228618
0.726773 -0.51528 -0.515051 0.000229398
0.726973 -0.515417 -0.515187 0.000230173
0.727173 -0.515553 -0.515322 0.000230942
0.727373 -0.515688 -0.515456 0.000231706
0.727573 -0.515823 -0.51559 0.000232464
0.727773 -0.515956 -0.515723 0.000233217
0.727973 -0.51609 -0.515856 0.000233964
0.728173 -0.516222 -0.515987 0.000234705
0.728373 -0.516354 -0.516118 0.00023544
0.728573 -0.516485 -0.516249 0.00023617
0.728773 -0.516615 -0.516379 0.000236894
0.728973 -0.516745 -0.516508 0.000237612
0.729173 -0.516874 -0.516636 0.000238325
0.729373 -0.517003 -0.516764 0.000239031
0.729573 -0.517131 -0.516891 0.000239732
0.729773 -0.517258 -0.517017 0.000240427
0.729973 -0.517384 -0.517143 0.000241116
0.730173 -0.51751 -0.517268 0.000241799
0.730373 -0.517635 -0.517392 0.000242477
0.730573 -0.517759 -0.517516 0.000243148
0.730773 -0.517883 -0.517639 0.000243814
0.730973 -0.518006 -0.517761 0.000244473
0.731173 -0.518128 -0.517883 0.000245127
0.731373 -0.51825 -0.518004 0.000245774
0.731573 -0.518371 -0.518124 0.000246416
0.731773 -0.518491 -0.518244 0.000247051
0.731973 -0.518611 -0.518363 0.000247681
0.732173 -0.51873 -0.518481 0.000248304
0.732373 -0.518848 -0.518599 0.000248921
0.732573 -0.518966 -0.518716 0.000249532
0.732773 -0.519083 -0.518832 0.000250137
0.732973 -0.519199 -0.518948 0.000250736
0.733173 -0.519314 -0.519063 0.000251329
0.733373 -0.519429 -0.519177 0.000251915
0.733573 -0.519544 -0.519291 0.000252496
0.733773 -0.519657 -0.519404 0.00025307
0.733973 -0.51977 -0.519516 0.000253637
0.734173 -0.519882 -0.519628 0.000254199
0.734373 -0.519994 -0.519739 0.000254754
0.734573 -0.520105 -0.519849 0.000255303
0.734773 -0.520215 -0.519959 0.000255846
0.734973 -0.520325 -0.520068 0.000256382
0.735174 -0.520433 -0.520177 0.000256912
0.735374 -0.520542 -0.520284 0.000257436
0.735574 -0.520649 -0.520391 0.000257953
0.735774 -0.520756 -0.520498 0.000258464
0.735974 -0.520862 -0.520603 0.000258968
0.736174 -0.520968 -0.520708 0.000259466
0.736374 -0.521073 -0.520813 0.000259958
0.736574 -0.521177 -0.520916 0.000260443
0.736774 -0.52128 -0.521019 0.000260921
0.736974 -0.521383 -0.521122 0.000261393
0.737174 -0.521485 -0.521223 0.000261859
0.737374 -0.521587 -0.521324 0.000262318
0.737574 -0.521688 -0.521425 0.00026277
0.737774 -0.521788 -0.521525 0.000263216
0.737974 -0.521887 -0.521624 0.000263656
0.738174 -0.521986 -0.521722 0.000264088
0.738374 -0.522084 -0.52182 0.000264515
0.738574 -0.522182 -0.521917 0.000264934
0.738774 -0.522279 -0.522013 0.000265347
0.738974 -0.522375 -0.522109 0.000265753
0.739174 -0.52247 -0.522204 0.000266153
0.739374 -0.522565 -0.522299 0.000266546
0.739574 -0.522659 -0.522392 0.000266932
0.739774 -0.522753 -0.522485 0.000267312
0.739974 -0.522846 -0.522578 0.000267685
0.740174 -0.522938 -0.52267 0.000268051
0.740374 -0.523029 -0.522761 0.00026841
0.740574 -0.52312 -0.522851 0.000268763
0.740774 -0.52321 -0.522941 0.000269109
0.740974 -0.5233 -0.52303 0.000269448
0.741174 -0.523389 -0.523119 0.00026978
0.741374 -0.523477 -0.523207 0.000270106
0.741574 -0.523564 -0.523294 0.000270424
0.741774 -0.523651 -0.52338 0.000270736
0.741974 -0.523737 -0.523466 0.000271041
0.742174 -0.523823 -0.523552 0.000271339
0.742374 -0.523908 -0.523636 0.000271631
0.742574 -0.523992 -0.52372 0.000271915
0.742774 -0.524075 -0.523803 0.000272193
0.742974 -0.524158 -0.523886 0.000272463
0.743174 -0.524241 -0.523968 0.000272727
0.743374 -0.524322 -0.524049 0.000272984
0.743574 -0.524403 -0.52413 0.000273234
0.743774 -0.524483 -0.52421 0.000273477
0.743974 -0.524563 -0.524289 0.000273713
0.744174 -0.524642 -0.524368 0.000273942
0.744374 -0.52472 -0.524446 0.000274164
0.744574 -0.524798 -0.524523 0.000274379
0.744774 -0.524875 -0.5246 0.000274587
0.744974 -0.524951 -0.524676 0.000274788
0.745175 -0.525026 -0.524751 0.000274982
0.745375 -0.525101 -0.524826 0.00027517
0.745575 -0.525176 -0.5249 0.00027535
0.745775 -0.525249 -0.524974 0.000275523
0.745975 -0.525322 -0.525047 0.000275689
0.746175 -0.525395 -0.525119 0.000275848
0.746375 -0.525466 -0.52519 0.000275999
0.746575 -0.525537 -0.525261 0.000276144
0.746775 -0.525608 -0.525331 0.000276282
0.746975 -0.525677 -0.525401 0.000276413
0.747175 -0.525746 -0.52547 0.000276536
0.747375 -0.525815 -0.525538 0.000276653
0.747575 -0.525882 -0.525606 0.000276762
0.747775 -0.52595 -0.525673 0.000276864
0.747975 -0.526016 -0.525739 0.000276959
0.748175 -0.526082 -0.525805 0.000277047
0.748375 -0.526147 -0.52587 0.000277128
0.748575 -0.526211 -0.525934 0.000277202
0.748775 -0.526275 -0.525998 0.000277269
0.748975 -0.526338 -0.526061 0.000277328
0.749175 -0.526401 -0.526123 0.00027738
0.749375 -0.526463 -0.526185 0.000277425
0.749575 -0.526524 -0.526246 0.000277463
0.749775 -0.526584 -0.526307 0.000277494
0.749975 -0.526644 -0.526367 0.000277518
0.750175 -0.526703 -0.526426 0.000277534
0.750375 -0.526762 -0.526484 0.000277543
0.750575 -0.52682 -0.526542 0.000277545
0.750775 -0.526877 -0.5266 0.00027754
0.750975 -0.526934 -0.526656 0.000277528
0.751175 -0.52699 -0.526712 0.000277508
0.751375 -0.527045 -0.526768 0.000277481
0.751575 -0.5271 -0.526822 0.000277447
0.751775 -0.527154 -0.526876 0.000277406
0.751975 -0.527207 -0.52693 0.000277357
0.752175 -0.52726 -0.526983 0.000277302
0.752375 -0.527312 -0.527035 0.000277239
0.752575 -0.527363 -0.527086 0.000277169
0.752775 -0.527414 -0.527137 0.000277091
0.752975 -0.527464 -0.527187 0.000277007
0.753175 -0.527514 -0.527237 0.000276915
0.753375 -0.527563 -0.527286 0.000276816
0.753575 -0.527611 -0.527334 0.000276709
0.753775 -0.527658 -0.527382 0.000276596
0.753975 -0.527705 -0.527429 0.000276475
0.754175 -0.527752 -0.527475 0.000276347
0.754375 -0.527797 -0.527521 0.000276211
0.754575 -0.527842 -0.527566 0.000276069
0.754775 -0.527886 -0.52761 0.000275919
0.754975 -0.52793 -0.527654 0.000275762
0.755176 -0.527973 -0.527698 0.000275597
0.755376 -0.528015 -0.52774 0.000275426
0.755576 -0.528057 -0.527782 0.000275247
0.755776 -0.528098 -0.527823 0.000275061
0.755976 -0.528139 -0.527864 0.000274867
0.756176 -0.528179 -0.527904 0.000274667
0.756376 -0.528218 -0.527943 0.000274459
0.756576 -0.528256 -0.527982 0.000274244
0.756776 -0.528294 -0.52802 0.000274021
0.756976 -0.528331 -0.528058 0.000273792
0.757176 -0.528368 -0.528094 0.000273555
0.757376 -0.528404 -0.528131 0.000273311
0.757576 -0.528439 -0.528166 0.000273059
0.757776 -0.528474 -0.528201 0.000272801
0.757976 -0.528508 -0.528235 0.000272535
0.758176 -0.528541 -0.528269 0.000272262
0.758376 -0.528574 -0.528302 0.000271981
0.758576 -0.528606 -0.528334 0.000271694
0.758776 -0.528638 -0.528366 0.000271399
0.758976 -0.528669 -0.528397 0.000271097
0.759176 -0.528699 -0.528428 0.000270788
0.759376 -0.528728 -0.528458 0.000270471
0.759576 -0.528757 -0.528487 0.000270148
0.759776 -0.528785 -0.528516 0.000269817
0.759976 -0.528813 -0.528544 0.000269479
0.760176 -0.52884 -0.528571 0.000269133
0.760376 -0.528866 -0.528598 0.000268781
0.760576 -0.528892 -0.528624 0.000268421
0.760776 -0.528917 -0.528649 0.000268054
0.760976 -0.528942 -0.528674 0.00026768
0.761176 -0.528966 -0.528698 0.000267299
0.761376 -0.528989 -0.528722 0.00026691
0.761576 -0.529011 -0.528745 0.000266514
0.761776 -0.529033 -0.528767 0.000266112
0.761976 -0.529055 -0.528789 0.000265702
0.762176 -0.529075 -0.52881 0.000265284
0.762376 -0.529095 -0.52883 0.00026486
0.762576 -0.529115 -0.52885 0.000264429
0.762776 -0.529133 -0.528869 0.00026399
0.762976 -0.529152 -0.528888 0.000263544
0.763176 -0.529169 -0.528906 0.000263092
0.763376 -0.529186 -0.528923 0.000262632
0.763576 -0.529202 -0.52894 0.000262165
0.763776 -0.529218 -0.528956 0.00026169
0.763976 -0.529233 -0.528972 0.000261209
0.764176 -0.529247 -0.528986 0.000260721
0.764376 -0.529261 -0.529001 0.000260225
0.764576 -0.529274 -0.529014 0.000259723
0.764776 -0.529286 -0.529027 0.000259213
0.764976 -0.529298 -0.52904 0.000258697
0.765177 -0.529309 -0.529051 0.000258173
0.765377 -0.52932 -0.529062 0.000257642
0.765577 -0.52933 -0.529073 0.000257105
0.765777 -0.529339 -0.529083 0.00025656
0.765977 -0.529348 -0.529092 0.000256008
0.766177 -0.529356 -0.529101 0.000255449
0.766377 -0.529363 -0.529109 0.000254884
0.766577 -0.52937 -0.529116 0.000254311
0.766777 -0.529376 -0.529123 0.000253731
0.766977 -0.529382 -0.529129 0.000253144
0.767177 -0.529387 -0.529134 0.000252551
0.767377 -0.529391 -0.529139 0.00025195
0.767577 -0.529395 -0.529144 0.000251343
0.767777 -0.529398 -0.529147 0.000250728
0.767977 -0.5294 -0.52915 0.000250107
0.768177 -0.529402 -0.529153 0.000249479
0.768377 -0.529403 -0.529155 0.000248844
0.768577 -0.529404 -0.529156 0.000248202
0.768777 -0.529404 -0.529156 0.000247553
0.768977 -0.529403 -0.529156 0.000246898
0.769177 -0.529402 -0.529156 0.000246235
0.769377 -0.5294 -0.529155 0.000245566
0.769577 -0.529398 -0.529153 0.00024489
0.769777 -0.529394 -0.52915 0.000244207
0.769977 -0.529391 -0.529147 0.000243517
0.770177 -0.529386 -0.529143 0.000242821
0.770377 -0.529381 -0.529139 0.000242118
0.770577 -0.529376 -0.529134 0.000241408
0.770777 -0.529369 -0.529129 0.000240691
0.770977 -0.529362 -0.529122 0.000239968
0.771177 -0.529355 -0.529116 0.000239238
0.771377 -0.529347 -0.529108 0.000238501
0.771577 -0.529338 -0.5291 0.000237758
0.771777 -0.529329 -0.529092 0.000237008
0.771977 -0.529319 -0.529083 0.000236251
0.772177 -0.529308 -0.529073 0.000235488
0.772377 -0.529297 -0.529062 0.000234718
0.772577 -0.529285 -0.529051 0.000233942
0.772777 -0.529273 -0.52904 0.000233159
0.772977 -0.52926 -0.529027 0.000232369
0.773177 -0.529246 -0.529015 0.000231573
0.773377 -0.529232 -0.529001 0.00023077
0.773577 -0.529217 -0.528987 0.000229961
0.773777 -0.529202 -0.528972 0.000229145
0.773977 -0.529185 -0.528957 0.000228323
0.774177 -0.529169 -0.528941 0.000227495
0.774377 -0.529151 -0.528925 0.00022666
0.774577 -0.529134 -0.528908 0.000225818
0.774777 -0.529115 -0.52889 0.00022497
0.774977 -0.529096 -0.528872 0.000224116
0.775178 -0.529076 -0.528853 0.000223256
0.775378 -0.529056 -0.528833 0.000222389
0.775578 -0.529035 -0.528813 0.000221515
0.775778 -0.529013 -0.528792 0.000220636
0.775978 -0.528991 -0.528771 0.00021975
0.776178 -0.528968 -0.528749 0.000218858
0.776378 -0.528945 -0.528727 0.000217959
0.776578 -0.528921 -0.528704 0.000217055
0.776778 -0.528896 -0.52868 0.000216144
0.776978 -0.528871 -0.528656 0.000215227
0.777178 -0.528845 -0.528631 0.000214304
0.777378 -0.528818 -0.528605 0.000213374
0.777578 -0.528791 -0.528579 0.000212439
0.777778 -0.528764 -0.528552 0.000211497
0.777978 -0.528735 -0.528525 0.000210549
0.778178 -0.528707 -0.528497 0.000209596
0.778378 -0.528677 -0.528468 0.000208636
0.778578 -0.528647 -0.528439 0.00020767
0.778778 -0.528616 -0.52841 0.000206698
0.778978 -0.528585 -0.528379 0.00020572
0.779178 -0.528553 -0.528348 0.000204736
0.779378 -0.528521 -0.528317 0.000203746
0.779578 -0.528488 -0.528285 0.000202751
0.779778 -0.528454 -0.528252 0.000201749
0.779978 -0.52842 -0.528219 0.000200742
0.780178 -0.528385 -0.528185 0.000199728
0.780378 -0.528349 -0.52815 0.000198709
0.780578 -0.528313 -0.528115 0.000197684
0.780778 -0.528276 -0.52808 0.000196653
0.780978 -0.528239 -0.528043 0.000195617
0.781178 -0.528201 -0.528007 0.000194575
0.781378 -0.528163 -0.527969 0.000193527
0.781578 -0.528124 -0.527931 0.000192473
0.781778 -0.528084 -0.527892 0.000191414
0.781978 -0.528044 -0.527853 0.000190349
0.782178 -0.528003 -0.527813 0.000189278
0.782378 -0.527961 -0.527773 0.000188202
0.782578 -0.527919 -0.527732 0.00018712
0.782778 -0.527876 -0.52769 0.000186033
0.782978 -0.527833 -0.527648 0.00018494
0.783178 -0.527789 -0.527606 0.000183842
0.783378 -0.527745 -0.527562 0.000182738
0.783578 -0.5277 -0.527518 0.000181629
0.783778 -0.527654 -0.527474 0.000180514
0.783978 -0.527608 -0.527429 0.000179394
0.784178 -0.527561 -0.527383 0.000178269
0.784378 -0.527514 -0.527337 0.000177138
0.784578 -0.527466 -0.52729 0.000176002
0.784778 -0.527417 -0.527242 0.000174861
0.784978 -0.527368 -0.527194 0.000173715
0.785179 -0.527318 -0.527146 0.000172563
0.785379 -0.527268 -0.527096 0.000171406
0.785579 -0.527217 -0.527047 0.000170244
0.785779 -0.527165 -0.526996 0.000169076
0.785979 -0.527113 -0.526945 0.000167904
0.786179 -0.52706 -0.526894 0.000166727
0.786379 -0.527007 -0.526842 0.000165544
0.786579 -0.526953 -0.526789 0.000164356
0.786779 -0.526899 -0.526735 0.000163164
0.786979 -0.526844 -0.526682 0.000161966
0.787179 -0.526788 -0.526627 0.000160764
0.787379 -0.526732 -0.526572 0.000159556
0.787579 -0.526675 -0.526516 0.000158344
0.787779 -0.526617 -0.52646 0.000157127
0.787979 -0.526559 -0.526403 0.000155905
0.788179 -0.526501 -0.526346 0.000154678
0.788379 -0.526442 -0.526288 0.000153446
0.788579 -0.526382 -0.52623 0.00015221
0.788779 -0.526321 -0.526171 0.000150969
0.788979 -0.526261 -0.526111 0.000149723
0.789179 -0.526199 -0.526051 0.000148473
0.789379 -0.526137 -0.52599 0.000147218
0.789579 -0.526074 -0.525928 0.000145958
0.789779 -0.526011 -0.525866 0.000144694
0.789979 -0.525947 -0.525804 0.000143425
0.790179 -0.525883 -0.525741 0.000142152
0.790379 -0.525818 -0.525677 0.000140875
0.790579 -0.525752 -0.525613 0.000139593
0.790779 -0.525686 -0.525548 0.000138306
0.790979 -0.525619 -0.525482 0.000137015
0.791179 -0.525552 -0.525416 0.00013572
0.791379 -0.525484 -0.52535 0.000134421
0.791579 -0.525416 -0.525283 0.000133117
0.791779 -0.525347 -0.525215 0.000131809
0.791979 -0.525277 -0.525147 0.000130497
0.792179 -0.525207 -0.525078 0.00012918
0.792379 -0.525136 -0.525008 0.00012786
0.792579 -0.525065 -0.524938 0.000126535
0.792779 -0.524993 -0.524868 0.000125206
0.792979 -0.52492 -0.524796 0.000123874
0.793179 -0.524847 -0.524725 0.000122537
0.793379 -0.524774 -0.524652 0.000121196
0.793579 -0.524699 -0.52458 0.000119851
0.793779 -0.524625 -0.524506 0.000118503
0.793979 -0.524549 -0.524432 0.00011715
0.794179 -0.524473 -0.524358 0.000115794
0.794379 -0.524397 -0.524282 0.000114434
0.794579 -0.52432 -0.524207 0.00011307
0.794779 -0.524242 -0.52413 0.000111702
0.794979 -0.524164 -0.524054 0.000110331
0.79518 -0.524085 -0.523976 0.000108956
0.79538 -0.524006 -0.523898 0.000107578
0.79558 -0.523926 -0.52382 0.000106195
0.79578 -0.523845 -0.523741 0.00010481
0.79598 -0.523764 -0.523661 0.00010342
0.79618 -0.523683 -0.523581 0.000102027
0.79638 -0.523601 -0.5235 0.000100631
0.79658 -0.523518 -0.523419 9.92315e-05
0.79678 -0.523434 -0.523337 9.78285e-05
0.79698 -0.523351 -0.523254 9.64221e-05
0.79718 -0.523266 -0.523171 9.50124e-05
0.79738 -0.523181 -0.523088 9.35994e-05
0.79758 -0.523096 -0.523003 9.21832e-05
0.79778 -0.523009 -0.522919 9.07638e-05
0.79798 -0.522923 -0.522833 8.93412e-05
0.79818 -0.522835 -0.522748 8.79155e-05
0.79838 -0.522748 -0.522661 8.64868e-05
0.79858 -0.522659 -0.522574 8.50549e-05
0.79878 -0.52257 -0.522487 8.36201e-05
0.79898 -0.522481 -0.522399 8.21823e-05
0.79918 -0.522391 -0.52231 8.07415e-05
0.79938 -0.5223 -0.522221 7.92979e-05
0.79958 -0.522209 -0.522131 7.78513e-05
0.79978 -0.522117 -0.522041 7.6402e-05
0.79998 -0.522025 -0.52195 7.49499e-05
0.80018 -0.521932 -0.521858 7.3495e-05
0.80038 -0.521839 -0.521766 7.20374e-05
0.80058 -0.521745 -0.521674 7.05771e-05
0.80078 -0.52165 -0.521581 6.91143e-05
0.80098 -0.521555 -0.521487 6.76488e-05
0.80118 -0.521459 -0.521393 6.61808e-05
0.80138 -0.521363 -0.521298 6.47102e-05
0.80158 -0.521266 -0.521203 6.32372e-05
0.80178 -0.521169 -0.521107 6.17617e-05
0.80198 -0.521071 -0.521011 6.02839e-05
0.80218 -0.520973 -0.520914 5.88037e-05
0.80238 -0.520874 -0.520816 5.73211e-05
0.80258 -0.520774 -0.520718 5.58363e-05
0.80278 -0.520674 -0.52062 5.43493e-05
0.80298 -0.520573 -0.520521 5.286e-05
0.80318 -0.520472 -0.520421 5.13687e-05
0.80338 -0.520371 -0.520321 4.98751e-05
0.80358 -0.520268 -0.52022 4.83795e-05
0.80378 -0.520165 -0.520119 4.68819e-05
0.80398 -0.520062 -0.520017 4.53823e-05
0.80418 -0.519958 -0.519914 4.38807e-05
0.80438 -0.519854 -0.519811 4.23772e-05
0.80458 -0.519749 -0.519708 4.08719e-05
0.80478 -0.519643 -0.519604 3.93647e-05
0.80498 -0.519537 -0.519499 3.78557e-05
0.805181 -0.51943 -0.519394 3.63449e-05
0.805381 -0.519323 -0.519288 3.48325e-05
0.805581 -0.519215 -0.519182 3.33184e-05
0.805781 -0.519107 -0.519075 3.18027e-05
0.805981 -0.518998 -0.518968 3.02853e-05
0.806181 -0.518889 -0.51886 2.87665e-05
0.806381 -0.518779 -0.518752 2.72461e-05
0.806581 -0.518668 -0.518643 2.57243e-05
0.806781 -0.518557 -0.518533 2.42011e-05
0.806981 -0.518446 -0.518423 2.26764e-05
0.807181 -0.518334 -0.518312 2.11505e-05
0.807381 -0.518221 -0.518201 1.96233e-05
0.807581 -0.518108 -0.51809 1.80948e-05
0.807781 -0.517994 -0.517977 1.65651e-05
0.807981 -0.51788 -0.517865 1.50343e-05
0.808181 -0.517765 -0.517751 1.35023e-05
0.808381 -0.51765 -0.517638 1.19693e-05
0.808581 -0.517534 -0.517523 1.04352e-05
0.808781 -0.517417 -0.517408 8.90016e-06
0.808981 -0.5173 -0.517293 7.36415e-06
0.809181 -0.517183 -0.517177 5.82724e-06
0.809381 -0.517065 -0.51706 4.28948e-06
0.809581 -0.516946 -0.516943 2.75089e-06
0.809781 -0.516827 -0.516826 1.21153e-06
0.809981 -0.516707 -0.516708 3.28562e-07
0.810181 -0.516587 -0.516589 1.86934e-06
0.810381 -0.516467 -0.51647 3.41076e-06
0.810581 -0.516345 -0.51635 4.95278e-06
0.810781 -0.516224 -0.51623 6.49535e-06
0.810981 -0.516101 -0.516109 8.03843e-06
0.811181 -0.515978 -0.515988 9.58199e-06
0.811381 -0.515855 -0.515866 1.1126e-05
0.811581 -0.515731 -0.515744 1.26703e-05
0.811781 -0.515607 -0.515621 1.4215e-05
0.811981 -0.515482 -0.515497 1.576e-05
0.812181 -0.515356 -0.515373 1.73052e-05
0.812381 -0.51523 -0.515249 1.88506e-05
0.812581 -0.515104 -0.515124 2.03962e-05
0.812781 -0.514976 -0.514998 2.19419e-05
0.812981 -0.514849 -0.514872 2.34877e-05
0.813181 -0.514721 -0.514746 2.50335e-05
0.813381 -0.514592 -0.514619 2.65792e-05
0.813581 -0.514463 -0.514491 2.81249e-05
0.813781 -0.514333 -0.514363 2.96705e-05
0.813981 -0.514203 -0.514234 3.1216e-05
0.814181 -0.514072 -0.514105 3.27612e-05
0.814381 -0.513941 -0.513975 3.43062e-05
0.814581 -0.513809 -0.513845 3.58509e-05
0.814781 -0.513677 -0.513714 3.73952e-05
0.814981 -0.513544 -0.513583 3.89392e-05
0.815182 -0.51341 -0.513451 4.04827e-05
0.815382 -0.513277 -0.513319 4.20258e-05
0.815582 -0.513142 -0.513186 4.35683e-05
0.815782 -0.513007 -0.513052 4.51103e-05
0.815982 -0.512872 -0.512918 4.66517e-05
0.816182 -0.512736 -0.512784 4.81924e-05
0.816382 -0.512599 -0.512649 4.97325e-05
0.816582 -0.512462 -0.512513 5.12717e-05
0.816782 -0.512325 -0.512377 5.28102e-05
0.816982 -0.512186 -0.512241 5.43479e-05
0.817182 -0.512048 -0.512104 5.58846e-05
0.817382 -0.511909 -0.511966 5.74205e-05
0.817582 -0.511769 -0.511828 5.89553e-05
0.817782 -0.511629 -0.51169 6.04891e-05
0.817982 -0.511488 -0.51155 6.20219e-05
0.818182 -0.511347 -0.511411 6.35536e-05
0.818382 -0.511206 -0.511271 6.5084e-05
0.818582 -0.511063 -0.51113 6.66133e-05
0.818782 -0.510921 -0.510989 6.81414e-05
0.818982 -0.510777 -0.510847 6.96681e-05
0.819182 -0.510634 -0.510705 7.11935e-05
0.819382 -0.510489 -0.510562 7.27175e-05
0.819582 -0.510345 -0.510419 7.424e-05
0.819782 -0.510199 -0.510275 7.57611e-05
0.819982 -0.510054 -0.510131 7.72806e-05
0.820182 -0.509907 -0.509986 7.87986e-05
0.820382 -0.509761 -0.509841 8.0315e-05
0.820582 -0.509613 -0.509695 8.18296e-05
0.820782 -0.509465 -0.509549 8.33426e-05
0.820982 -0.509317 -0.509402 8.48538e-05
0.821182 -0.509168 -0.509255 8.63632e-05
0.821382 -0.509019 -0.509107 8.78707e-05
0.821582 -0.508869 -0.508958 8.93763e-05
0.821782 -0.508719 -0.50881 9.088e-05
0.821982 -0.508568 -0.50866 9.23817e-05
0.822182 -0.508416 -0.50851 9.38813e-05
0.822382 -0.508265 -0.50836 9.53788e-05
0.822582 -0.508112 -0.508209 9.68743e-05
0.822782 -0.507959 -0.508058 9.83675e-05
0.822982 -0.507806 -0.507906 9.98585e-05
0.823182 -0.507652 -0.507753 0.000101347
0.823382 -0.507498 -0.507601 0.000102834
0.823582 -0.507343 -0.507447 0.000104318
0.823782 -0.507187 -0.507293 0.000105799
0.823982 -0.507032 -0.507139 0.000107278
0.824182 -0.506875 -0.506984 0.000108755
0.824382 -0.506718 -0.506829 0.000110229
0.824582 -0.506561 -0.506673 0.000111701
0.824782 -0.506403 -0.506516 0.000113169
0.824982 -0.506245 -0.506359 0.000114636
0.825183 -0.506086 -0.506202 0.000116099
0.825383 -0.505926 -0.506044 0.00011756
0.825583 -0.505767 -0.505886 0.000119017
0.825783 -0.505606 -0.505727 0.000120472
0.825983 -0.505445 -0.505567 0.000121924
0.826183 -0.505284 -0.505407 0.000123373
0.826383 -0.505122 -0.505247 0.000124819
0.826583 -0.50496 -0.505086 0.000126262
0.826783 -0.504797 -0.504925 0.000127702
0.826983 -0.504634 -0.504763 0.000129138
0.827183 -0.50447 -0.5046 0.000130572
0.827383 -0.504305 -0.504437 0.000132002
0.827583 -0.504141 -0.504274 0.000133429
0.827783 -0.503975 -0.50411 0.000134852
0.827983 -0.50381 -0.503946 0.000136272
0.828183 -0.503643 -0.503781 0.000137689
0.828383 -0.503477 -0.503616 0.000139102
0.828583 -0.503309 -0.50345 0.000140511
0.828783 -0.503142 -0.503283 0.000141917
0.828983 -0.502973 -0.503117 0.00014332
0.829183 -0.502805 -0.502949 0.000144718
0.829383 -0.502635 -0.502782 0.000146113
0.829583 -0.502466 -0.502613 0.000147505
0.829783 -0.502296 -0.502444 0.000148892
0.829983 -0.502125 -0.502275 0.000150275
0.830183 -0.501954 -0.502105 0.000151655
0.830383 -0.501782 -0.501935 0.000153031
0.830583 -0.50161 -0.501764 0.000154402
0.830783 -0.501437 -0.501593 0.00015577
0.830983 -0.501264 -0.501421 0.000157133
0.831183 -0.501091 -0.501249 0.000158493
0.831383 -0.500917 -0.501077 0.000159848
0.831583 -0.500742 -0.500903 0.000161199
0.831783 -0.500567 -0.50073 0.000162546
0.831983 -0.500392 -0.500556 0.000163888
0.832183 -0.500216 -0.500381 0.000165226
0.832383 -0.500039 -0.500206 0.000166559
0.832583 -0.499862 -0.50003 0.000167888
0.832783 -0.499685 -0.499854 0.000169213
0.832983 -0.499507 -0.499678 0.000170533
0.833183 -0.499329 -0.499501 0.000171848
0.833383 -0.49915 -0.499323 0.000173159
0.833583 -0.498971 -0.499145 0.000174465
0.833783 -0.498791 -0.498967 0.000175767
0.833983 -0.498611 -0.498788 0.000177063
0.834183 -0.49843 -0.498608 0.000178355
0.834383 -0.498249 -0.498429 0.000179642
0.834583 -0.498067 -0.498248 0.000180924
0.834783 -0.497885 -0.498067 0.000182201
0.834983 -0.497702 -0.497886 0.000183473
0.835184 -0.497519 -0.497704 0.00018474
0.835384 -0.497336 -0.497522 0.000186001
0.835584 -0.497152 -0.497339 0.000187258
0.835784 -0.496967 -0.497156 0.000188509
0.835984 -0.496782 -0.496972 0.000189756
0.836184 -0.496597 -0.496788 0.000190997
0.836384 -0.496411 -0.496603 0.000192232
0.836584 -0.496225 -0.496418 0.000193462
0.836784 -0.496038 -0.496233 0.000194687
0.836984 -0.495851 -0.496047 0.000195907
0.837184 -0.495663 -0.49586 0.000197121
0.837384 -0.495475 -0.495673 0.000198329
0.837584 -0.495286 -0.495485 0.000199532
0.837784 -0.495097 -0.495298 0.000200729
0.837984 -0.494907 -0.495109 0.00020192
0.838184 -0.494717 -0.49492 0.000203106
0.838384 -0.494527 -0.494731 0.000204286
0.838584 -0.494336 -0.494541 0.00020546
0.838784 -0.494144 -0.494351 0.000206628
0.838984 -0.493952 -0.49416 0.00020779
0.839184 -0.49376 -0.493969 0.000208947
0.839384 -0.493567 -0.493777 0.000210097
0.839584 -0.493374 -0.493585 0.000211242
0.839784 -0.49318 -0.493392 0.00021238
0.839984 -0.492986 -0.493199 0.000213512
0.840184 -0.492791 -0.493006 0.000214638
0.840384 -0.492596 -0.492812 0.000215758
0.840584 -0.4924 -0.492617 0.000216872
0.840784 -0.492204 -0.492422 0.000217979
0.840984 -0.492008 -0.492227 0.00021908
0.841184 -0.491811 -0.492031 0.000220175
0.841384 -0.491613 -0.491835 0.000221263
0.841584 -0.491416 -0.491638 0.000222344
0.841784 -0.491217 -0.491441 0.00022342
0.841984 -0.491018 -0.491243 0.000224488
0.842184 -0.490819 -0.491045 0.00022555
0.842384 -0.49062 -0.490846 0.000226606
0.842584 -0.490419 -0.490647 0.000227655
0.842784 -0.490219 -0.490448 0.000228697
0.842984 -0.490018 -0.490248 0.000229732
0.843184 -0.489816 -0.490047 0.000230761
0.843384 -0.489614 -0.489846 0.000231782
0.843584 -0.489412 -0.489645 0.000232797
0.843784 -0.489209 -0.489443 0.000233805
0.843984 -0.489006 -0.489241 0.000234806
0.844184 -0.488802 -0.489038 0.0002358
0.844384 -0.488598 -0.488835 0.000236787
0.844584 -0.488394 -0.488631 0.000237767
0.844784 -0.488188 -0.488427 0.00023874
0.844984 -0.487983 -0.488223 0.000239705
0.845185 -0.487777 -0.488018 0.000240664
0.845385 -0.487571 -0.487812 0.000241615
0.845585 -0.487364 -0.487606 0.000242559
0.845785 -0.487157 -0.4874 0.000243495
0.845985 -0.486949 -0.487193 0.000244424
0.846185 -0.486741 -0.486986 0.000245346
0.846385 -0.486532 -0.486778 0.00024626
0.846585 -0.486323 -0.48657 0.000247167
0.846785 -0.486114 -0.486362 0.000248067
0.846985 -0.485904 -0.486153 0.000248958
0.847185 -0.485693 -0.485943 0.000249843
0.847385 -0.485483 -0.485733 0.000250719
0.847585 -0.485271 -0.485523 0.000251588
0.847785 -0.48506 -0.485312 0.000252449
0.847985 -0.484848 -0.485101 0.000253303
0.848185 -0.484635 -0.484889 0.000254148
0.848385 -0.484422 -0.484677 0.000254986
0.848585 -0.484209 -0.484465 0.000255816
0.848785 -0.483995 -0.484252 0.000256638
0.848985 -0.483781 -0.484038 0.000257452
0.849185 -0.483566 -0.483824 0.000258258
0.849385 -0.483351 -0.48361 0.000259057
0.849585 -0.483135 -0.483395 0.000259847
0.849785 -0.482919 -0.48318 0.000260629
0.849985 -0.482703 -0.482964 0.000261402
0.850185 -0.482486 -0.482748 0.000262168
0.850385 -0.482269 -0.482532 0.000262926
0.850585 -0.482051 -0.482315 0.000263675
0.850785 -0.481833 -0.482097 0.000264416
0.850985 -0.481614 -0.481879 0.000265149
0.851185 -0.481395 -0.481661 0.000265873
0.851385 -0.481176 -0.481443 0.000266589
0.851585 -0.480956 -0.481223 0.000267297
0.851785 -0.480736 -0.481004 0.000267996
0.851985 -0.480515 -0.480784 0.000268687
0.852185 -0.480294 -0.480563 0.000269369
0.852385 -0.480072 -0.480343 0.000270043
0.852585 -0.479851 -0.480121 0.000270708
0.852785 -0.479628 -0.479899 0.000271364
0.852985 -0.479405 -0.479677 0.000272012
0.853185 -0.479182 -0.479455 0.000272651
0.853385 -0.478958 -0.479232 0.000273282
0.853585 -0.478734 -0.479008 0.000273903
0.853785 -0.47851 -0.478784 0.000274516
0.853985 -0.478285 -0.47856 0.00027512
0.854185 -0.47806 -0.478335 0.000275716
0.854385 -0.477834 -0.47811 0.000276302
0.854585 -0.477608 -0.477885 0.000276879
0.854785 -0.477381 -0.477659 0.000277448
0.854985 -0.477154 -0.477432 0.000278007
0.855186 -0.476927 -0.477205 0.000278558
0.855386 -0.476699 -0.476978 0.0002791
0.855586 -0.476471 -0.47675 0.000279632
0.855786 -0.476242 -0.476522 0.000280155
0.855986 -0.476013 -0.476294 0.000280669
0.856186 -0.475783 -0.476065 0.000281175
0.856386 -0.475554 -0.475835 0.00028167
0.856586 -0.475323 -0.475605 0.000282157
0.856786 -0.475092 -0.475375 0.000282634
0.856986 -0.474861 -0.475144 0.000283103
0.857186 -0.47463 -0.474913 0.000283561
0.857386 -0.474398 -0.474682 0.000284011
0.857586 -0.474165 -0.47445 0.000284451
0.857786 -0.473933 -0.474218 0.000284882
0.857986 -0.4737 -0.473985 0.000285303
0.858186 -0.473466 -0.473752 0.000285715
0.858386 -0.473232 -0.473518 0.000286117
0.858586 -0.472998 -0.473284 0.00028651
0.858786 -0.472763 -0.47305 0.000286893
0.858986 -0.472528 -0.472815 0.000287267
0.859186 -0.472292 -0.47258 0.000287631
0.859386 -0.472056 -0.472344 0.000287986
0.859586 -0.47182 -0.472108 0.00028833
0.859786 -0.471583 -0.471871 0.000288666
0.859986 -0.471345 -0.471634 0.000288991
0.860186 -0.471108 -0.471397 0.000289307
0.860386 -0.47087 -0.471159 0.000289613
0.860586 -0.470631 -0.470921 0.000289909
0.860786 -0.470393 -0.470683 0.000290196
0.860986 -0.470153 -0.470444 0.000290472
0.861186 -0.469914 -0.470204 0.000290739
0.861386 -0.469674 -0.469965 0.000290996
0.861586 -0.469433 -0.469724 0.000291243
0.861786 -0.469192 -0.469484 0.00029148
0.861986 -0.468951 -0.469243 0.000291707
0.862186 -0.46871 -0.469002 0.000291924
0.862386 -0.468468 -0.46876 0.000292132
0.862586 -0.468225 -0.468518 0.000292329
0.862786 -0.467982 -0.468275 0.000292516
0.862986 -0.467739 -0.468032 0.000292693
0.863186 -0.467496 -0.467788 0.00029286
0.863386 -0.467252 -0.467545 0.000293017
0.863586 -0.467007 -0.4673 0.000293163
0.863786 -0.466763 -0.467056 0.0002933
0.863986 -0.466517 -0.466811 0.000293427
0.864186 -0.466272 -0.466565 0.000293543
0.864386 -0.466026 -0.46632 0.000293649
0.864586 -0.46578 -0.466073 0.000293745
0.864786 -0.465533 -0.465827 0.00029383
0.864986 -0.465286 -0.46558 0.000293905
0.865187 -0.465038 -0.465332 0.00029397
0.865387 -0.46479 -0.465084 0.000294025
0.865587 -0.464542 -0.464836 0.000294069
0.865787 -0.464294 -0.464588 0.000294104
0.865987 -0.464045 -0.464339 0.000294127
0.866187 -0.463795 -0.464089 0.00029414
0.866387 -0.463545 -0.46384 0.000294143
0.866587 -0.463295 -0.463589 0.000294136
0.866787 -0.463045 -0.463339 0.000294118
0.866987 -0.462794 -0.463088 0.000294089
0.867187 -0.462542 -0.462836 0.00029405
0.867387 -0.462291 -0.462585 0.000294001
0.867587 -0.462039 -0.462333 0.000293941
0.867787 -0.461786 -0.46208 0.000293871
0.867987 -0.461533 -0.461827 0.00029379
0.868187 -0.46128 -0.461574 0.000293698
0.868387 -0.461026 -0.46132 0.000293596
0.868587 -0.460773 -0.461066 0.000293484
0.868787 -0.460518 -0.460812 0.00029336
0.868987 -0.460263 -0.460557 0.000293227
0.869187 -0.460008 -0.460301 0.000293082
0.869387 -0.459753 -0.460046 0.000292927
0.869587 -0.459497 -0.45979 0.000292761
0.869787 -0.459241 -0.459533 0.000292585
0.869987 -0.458984 -0.459277 0.000292398
0.870187 -0.458727 -0.459019 0.0002922
0.870387 -0.45847 -0.458762 0.000291992
0.870587 -0.458212 -0.458504 0.000291773
0.870787 -0.457954 -0.458246 0.000291543
0.870987 -0.457696 -0.457987 0.000291302
0.871187 -0.457437 -0.457728 0.000291051
0.871387 -0.457178 -0.457468 0.000290789
0.871587 -0.456918 -0.457209 0.000290516
0.871787 -0.456658 -0.456948 0.000290232
0.871987 -0.456398 -0.456688 0.000289938
0.872187 -0.456137 -0.456427 0.000289633
0.872387 -0.455876 -0.456165 0.000289317
0.872587 -0.455615 -0.455904 0.00028899
0.872787 -0.455353 -0.455642 0.000288653
0.872987 -0.455091 -0.455379 0.000288305
0.873187 -0.454828 -0.455116 0.000287945
0.873387 -0.454566 -0.454853 0.000287575
0.873587 -0.454302 -0.454589 0.000287194
0.873787 -0.454039 -0.454326 0.000286803
0.873987 -0.453775 -0.454061 0.0002864
0.874187 -0.45351 -0.453796 0.000285987
0.874387 -0.453246 -0.453531 0.000285563
0.874587 -0.452981 -0.453266 0.000285128
0.874787 -0.452715 -0.453 0.000284682
0.874987 -0.45245 -0.452734 0.000284225
0.875188 -0.452184 -0.452467 0.000283757
0.875388 -0.451917 -0.4522 0.000283278
0.875588 -0.45165 -0.451933 0.000282789
0.875788 -0.451383 -0.451665 0.000282288
0.875988 -0.451116 -0.451397 0.000281777
0.876188 -0.450848 -0.451129 0.000281255
0.876388 -0.45058 -0.45086 0.000280722
0.876588 -0.450311 -0.450591 0.000280178
0.876788 -0.450042 -0.450322 0.000279623
0.876988 -0.449773 -0.450052 0.000279057
0.877188 -0.449503 -0.449782 0.000278481
0.877388 -0.449233 -0.449511 0.000277893
0.877588 -0.448963 -0.44924 0.000277295
0.877788 -0.448692 -0.448969 0.000276686
0.877988 -0.448421 -0.448697 0.000276065
0.878188 -0.44815 -0.448425 0.000275434
0.878388 -0.447878 -0.448153 0.000274792
0.878588 -0.447606 -0.44788 0.000274139
0.878788 -0.447333 -0.447607 0.000273476
0.878988 -0.447061 -0.447333 0.000272801
0.879188 -0.446787 -0.447059 0.000272115
0.879388 -0.446514 -0.446785 0.000271419
0.879588 -0.44624 -0.446511 0.000270712
0.879788 -0.445966 -0.446236 0.000269994
0.879988 -0.445691 -0.445961 0.000269265
0.880188 -0.445417 -0.445685 0.000268525
0.880388 -0.445141 -0.445409 0.000267774
0.880588 -0.444866 -0.445133 0.000267013
0.880788 -0.44459 -0.444856 0.00026624
0.880988 -0.444314 -0.444579 0.000265457
0.881188 -0.444037 -0.444302 0.000264663
0.881388 -0.44376 -0.444024 0.000263858
0.881588 -0.443483 -0.443746 0.000263042
0.881788 -0.443205 -0.443468 0.000262216
0.881988 -0.442927 -0.443189 0.000261379
0.882188 -0.442649 -0.44291 0.000260531
0.882388 -0.442371 -0.44263 0.000259672
0.882588 -0.442092 -0.442351 0.000258802
0.882788 -0.441812 -0.44207 0.000257922
0.882988 -0.441533 -0.44179 0.000257031
0.883188 -0.441253 -0.441509 0.000256129
0.883388 -0.440973 -0.441228 0.000255216
0.883588 -0.440692 -0.440946 0.000254293
0.883788 -0.440411 -0.440664 0.000253359
0.883988 -0.44013 -0.440382 0.000252415
0.884188 -0.439848 -0.4401 0.000251459
0.884388 -0.439566 -0.439817 0.000250493
0.884588 -0.439284 -0.439534 0.000249517
0.884788 -0.439001 -0.43925 0.00024853
0.884988 -0.438719 -0.438966 0.000247532
0.885189 -0.438435 -0.438682 0.000246523
0.885389 -0.438152 -0.438397 0.000245504
0.885589 -0.437868 -0.438112 0.000244475
0.885789 -0.437584 -0.437827 0.000243435
0.885989 -0.437299 -0.437541 0.000242384
0.886189 -0.437014 -0.437256 0.000241323
0.886389 -0.436729 -0.436969 0.000240251
0.886589 -0.436443 -0.436683 0.000239169
0.886789 -0.436158 -0.436396 0.000238076
0.886989 -0.435871 -0.436108 0.000236973
0.887189 -0.435585 -0.435821 0.00023586
0.887389 -0.435298 -0.435533 0.000234736
0.887589 -0.435011 -0.435245 0.000233602
0.887789 -0.434724 -0.434956 0.000232457
0.887989 -0.434436 -0.434667 0.000231302
0.888189 -0.434148 -0.434378 0.000230136
0.888389 -0.433859 -0.434088 0.000228961
0.888589 -0.43357 -0.433798 0.000227775
0.888789 -0.433281 -0.433508 0.000226579
0.888989 -0.432992 -0.433217 0.000225372
0.889189 -0.432702 -0.432927 0.000224156
0.889389 -0.432412 -0.432635 0.000222929
0.889589 -0.432122 -0.432344 0.000221692
0.889789 -0.431831 -0.432052 0.000220445
0.889989 -0.43154 -0.43176 0.000219188
0.890189 -0.431249 -0.431467 0.00021792
0.890389 -0.430958 -0.431174 0.000216643
0.890589 -0.430666 -0.430881 0.000215355
0.890789 -0.430374 -0.430588 0.000214058
0.890989 -0.430081 -0.430294 0.000212751
0.891189 -0.429788 -0.43 0.000211433
0.891389 -0.429495 -0.429705 0.000210106
0.891589 -0.429202 -0.42941 0.000208769
0.891789 -0.428908 -0.429115 0.000207422
0.891989 -0.428614 -0.42882 0.000206065
0.892189 -0.428319 -0.428524 0.000204698
0.892389 -0.428025 -0.428228 0.000203322
0.892589 -0.42773 -0.427932 0.000201935
0.892789 -0.427434 -0.427635 0.00020054
0.892989 -0.427139 -0.427338 0.000199134
0.893189 -0.426843 -0.427041 0.000197719
0.893389 -0.426547 -0.426743 0.000196294
0.893589 -0.42625 -0.426445 0.000194859
0.893789 -0.425954 -0.426147 0.000193415
0.893989 -0.425656 -0.425848 0.000191962
0.894189 -0.425359 -0.425549 0.000190499
0.894389 -0.425061 -0.42525 0.000189026
0.894589 -0.424763 -0.424951 0.000187544
0.894789 -0.424465 -0.424651 0.000186053
0.894989 -0.424166 -0.424351 0.000184552
0.89519 -0.423867 -0.42405 0.000183042
0.89539 -0.423568 -0.42375 0.000181523
0.89559 -0.423269 -0.423449 0.000179995
0.89579 -0.422969 -0.423147 0.000178457
0.89599 -0.422669 -0.422846 0.00017691
0.89619 -0.422368 -0.422544 0.000175354
0.89639 -0.422068 -0.422242 0.000173789
0.89659 -0.421767 -0.421939 0.000172215
0.89679 -0.421465 -0.421636 0.000170632
0.89699 -0.421164 -0.421333 0.00016904
0.89719 -0.420862 -0.42103 0.00016744
0.89739 -0.42056 -0.420726 0.00016583
0.89759 -0.420257 -0.420422 0.000164211
0.89779 -0.419955 -0.420117 0.000162584
0.89799 -0.419652 -0.419813 0.000160948
0.89819 -0.419348 -0.419508 0.000159303
0.89839 -0.419045 -0.419202 0.000157649
0.89859 -0.418741 -0.418897 0.000155987
0.89879 -0.418437 -0.418591 0.000154317
0.89899 -0.418132 -0.418285 0.000152637
0.89919 -0.417827 -0.417978 0.00015095
0.89939 -0.417522 -0.417672 0.000149254
0.89959 -0.417217 -0.417365 0.000147549
0.89979 -0.416912 -0.417057 0.000145836
0.89999 -0.416606 -0.41675 0.000144115
0.90019 -0.416299 -0.416442 0.000142386
0.90039 -0.415993 -0.416134 0.000140649
0.90059 -0.415686 -0.415825 0.000138903
0.90079 -0.415379 -0.415516 0.000137149
0.90099 -0.415072 -0.415207 0.000135387
0.90119 -0.414764 -0.414898 0.000133618
0.90139 -0.414456 -0.414588 0.00013184
0.90159 -0.414148 -0.414278 0.000130054
0.90179 -0.41384 -0.413968 0.000128261
0.90199 -0.413531 -0.413658 0.00012646
0.90219 -0.413222 -0.413347 0.000124651
0.90239 -0.412913 -0.413036 0.000122834
0.90259 -0.412603 -0.412724 0.00012101
0.90279 -0.412294 -0.412413 0.000119178
0.90299 -0.411983 -0.412101 0.000117339
0.90319 -0.411673 -0.411789 0.000115492
0.90339 -0.411362 -0.411476 0.000113638
0.90359 -0.411052 -0.411163 0.000111776
0.90379 -0.41074 -0.41085 0.000109907
0.90399 -0.410429 -0.410537 0.000108031
0.90419 -0.410117 -0.410223 0.000106148
0.90439 -0.409805 -0.409909 0.000104258
0.90459 -0.409493 -0.409595 0.000102361
0.90479 -0.40918 -0.409281 0.000100456
0.90499 -0.408868 -0.408966 9.85449e-05
0.905191 -0.408555 -0.408651 9.66267e-05
0.905391 -0.408241 -0.408336 9.47018e-05
0.905591 -0.407928 -0.40802 9.277e-05
0.905791 -0.407614 -0.407705 9.08316e-05
0.905991 -0.4073 -0.407388 8.88866e-05
0.906191 -0.406985 -0.407072 8.6935e-05
0.906391 -0.40667 -0.406755 8.49769e-05
0.906591 -0.406356 -0.406439 8.30123e-05
0.906791 -0.40604 -0.406121 8.10414e-05
0.906991 -0.405725 -0.405804 7.90642e-05
0.907191 -0.405409 -0.405486 7.70808e-05
0.907391 -0.405093 -0.405168 7.50912e-05
0.907591 -0.404777 -0.40485 7.30954e-05
0.907791 -0.40446 -0.404531 7.10936e-05
0.907991 -0.404144 -0.404213 6.90859e-05
0.908191 -0.403827 -0.403894 6.70722e-05
0.908391 -0.403509 -0.403574 6.50528e-05
0.908591 -0.403192 -0.403255 6.30275e-05
0.908791 -0.402874 -0.402935 6.09966e-05
0.908991 -0.402556 -0.402615 5.896e-05
0.909191 -0.402237 -0.402294 5.69178e-05
0.909391 -0.401919 -0.401974 5.48702e-05
0.909591 -0.4016 -0.401653 5.28172e-05
0.909791 -0.401281 -0.401332 5.07588e-05
0.909991 -0.400962 -0.40101 4.86951e-05
0.910191 -0.400642 -0.400689 4.66263e-05
0.910391 -0.400322 -0.400367 4.45523e-05
0.910591 -0.400002 -0.400045 4.24733e-05
0.910791 -0.399682 -0.399722 4.03893e-05
0.910991 -0.399361 -0.399399 3.83004e-05
0.911191 -0.39904 -0.399076 3.62067e-05
0.911391 -0.398719 -0.398753 3.41082e-05
0.911591 -0.398398 -0.39843 3.20051e-05
0.911791 -0.398076 -0.398106 2.98973e-05
0.911991 -0.397754 -0.397782 2.77851e-05
0.912191 -0.397432 -0.397458 2.56684e-05
0.912391 -0.39711 -0.397133 2.35474e-05
0.912591 -0.396787 -0.396809 2.1422e-05
0.912791 -0.396464 -0.396484 1.92925e-05
0.912991 -0.396141 -0.396159 1.71588e-05
0.913191 -0.395818 -0.395833 1.50212e-05
0.913391 -0.395494 -0.395507 1.28795e-05
0.913591 -0.395171 -0.395181 1.0734e-05
0.913791 -0.394847 -0.394855 8.58465e-06
0.913991 -0.394522 -0.394529 6.43162e-06
0.914191 -0.394198 -0.394202 4.27496e-06
0.914391 -0.393873 -0.393875 2.11475e-06
0.914591 -0.393548 -0.393548 4.8914e-08
0.914791 -0.393223 -0.39322 2.21596e-06
0.914991 -0.392897 -0.392893 4.38629e-06
0.915192 -0.392571 -0.392565 6.55983e-06
0.915392 -0.392245 -0.392237 8.73648e-06
0.915592 -0.391919 -0.391908 1.09162e-05
0.915792 -0.391593 -0.39158 1.30988e-05
0.915992 -0.391266 -0.391251 1.52843e-05
0.916192 -0.390939 -0.390922 1.74725e-05
0.916392 -0.390612 -0.390592 1.96635e-05
0.916592 -0.390285 -0.390263 2.1857e-05
0.916792 -0.389957 -0.389933 2.4053e-05
0.916992 -0.389629 -0.389603 2.62514e-05
0.917192 -0.389301 -0.389273 2.84522e-05
0.917392 -0.388973 -0.388942 3.06551e-05
0.917592 -0.388644 -0.388611 3.28602e-05
0.917792 -0.388315 -0.38828 3.50674e-05
0.917992 -0.387986 -0.387949 3.72765e-05
0.918192 -0.387657 -0.387618 3.94874e-05
0.918392 -0.387328 -0.387286 4.17001e-05
0.918592 -0.386998 -0.386954 4.39145e-05
0.918792 -0.386668 -0.386622 4.61304e-05
0.918992 -0.386338 -0.386289 4.83478e-05
0.919192 -0.386007 -0.385957 5.05666e-05
0.919392 -0.385677 -0.385624 5.27867e-05
0.919592 -0.385346 -0.385291 5.50079e-05
0.919792 -0.385015 -0.384958 5.72303e-05
0.919992 -0.384684 -0.384624 5.94536e-05
0.920192 -0.384352 -0.38429 6.16778e-05
0.920392 -0.38402 -0.383956 6.39028e-05
0.920592 -0.383688 -0.383622 6.61285e-05
0.920792 -0.383356 -0.383288 6.83548e-05
0.920992 -0.383024 -0.382953 7.05815e-05
0.921192 -0.382691 -0.382618 7.28087e-05
0.921392 -0.382358 -0.382283 7.50361e-05
0.921592 -0.382025 -0.381948 7.72637e-05
0.921792 -0.381692 -0.381612 7.94914e-05
0.921992 -0.381358 -0.381277 8.17191e-05
0.922192 -0.381025 -0.380941 8.39466e-05
0.922392 -0.380691 -0.380605 8.61739e-05
0.922592 -0.380357 -0.380268 8.84009e-05
0.922792 -0.380022 -0.379932 9.06274e-05
0.922992 -0.379688 -0.379595 9.28534e-05
0.923192 -0.379353 -0.379258 9.50787e-05
0.923392 -0.379018 -0.37892 9.73032e-05
0.923592 -0.378683 -0.378583 9.95269e-05
0.923792 -0.378347 -0.378245 0.00010175
0.923992 -0.378011 -0.377908 0.000103971
0.924192 -0.377676 -0.377569 0.000106192
0.924392 -0.37734 -0.377231 0.000108411
0.924592 -0.377003 -0.376893 0.000110628
0.924792 -0.376667 -0.376554 0.000112845
0.924992 -0.37633 -0.376215 0.000115059
0.925193 -0.375993 -0.375876 0.000117272
0.925393 -0.375656 -0.375537 0.000119483
0.925593 -0.375319 -0.375197 0.000121692
0.925793 -0.374981 -0.374857 0.000123898
0.925993 -0.374643 -0.374517 0.000126103
0.926193 -0.374305 -0.374177 0.000128305
0.926393 -0.373967 -0.373837 0.000130505
0.926593 -0.373629 -0.373496 0.000132702
0.926793 -0.37329 -0.373155 0.000134897
0.926993 -0.372952 -0.372815 0.000137089
0.927193 -0.372613 -0.372473 0.000139278
0.927393 -0.372273 -0.372132 0.000141464
0.927593 -0.371934 -0.37179 0.000143646
0.927793 -0.371595 -0.371449 0.000145826
0.927993 -0.371255 -0.371107 0.000148002
0.928193 -0.370915 -0.370765 0.000150175
0.928393 -0.370575 -0.370422 0.000152344
0.928593 -0.370234 -0.37008 0.000154509
0.928793 -0.369894 -0.369737 0.00015667
0.928993 -0.369553 -0.369394 0.000158828
0.929193 -0.369212 -0.369051 0.000160981
0.929393 -0.368871 -0.368708 0.00016313
0.929593 -0.368529 -0.368364 0.000165275
0.929793 -0.368188 -0.36802 0.000167415
0.929993 -0.367846 -0.367677 0.000169551
0.930193 -0.367504 -0.367332 0.000171682
0.930393 -0.367162 -0.366988 0.000173808
0.930593 -0.36682 -0.366644 0.000175929
0.930793 -0.366477 -0.366299 0.000178045
0.930993 -0.366134 -0.365954 0.000180156
0.931193 -0.365792 -0.365609 0.000182262
0.931393 -0.365448 -0.365264 0.000184362
0.931593 -0.365105 -0.364919 0.000186456
0.931793 -0.364762 -0.364573 0.000188545
0.931993 -0.364418 -0.364227 0.000190627
0.932193 -0.364074 -0.363881 0.000192704
0.932393 -0.36373 -0.363535 0.000194775
0.932593 -0.363386 -0.363189 0.000196839
0.932793 -0.363042 -0.362843 0.000198897
0.932993 -0.362697 -0.362496 0.000200949
0.933193 -0.362352 -0.362149 0.000202993
0.933393 -0.362007 -0.361802 0.000205031
0.933593 -0.361662 -0.361455 0.000207062
0.933793 -0.361317 -0.361108 0.000209086
0.933993 -0.360971 -0.36076 0.000211103
0.934193 -0.360626 -0.360412 0.000213113
0.934393 -0.36028 -0.360065 0.000215115
0.934593 -0.359934 -0.359716 0.000217109
0.934793 -0.359587 -0.359368 0.000219096
0.934993 -0.359241 -0.35902 0.000221074
0.935194 -0.358894 -0.358671 0.000223045
0.935394 -0.358548 -0.358323 0.000225008
0.935594 -0.358201 -0.357974 0.000226962
0.935794 -0.357853 -0.357625 0.000228908
0.935994 -0.357506 -0.357275 0.000230845
0.936194 -0.357159 -0.356926 0.000232774
0.936394 -0.356811 -0.356576 0.000234694
0.936594 -0.356463 -0.356227 0.000236604
0.936794 -0.356115 -0.355877 0.000238506
0.936994 -0.355767 -0.355527 0.000240398
0.937194 -0.355419 -0.355176 0.000242281
0.937394 -0.35507 -0.354826 0.000244155
0.937594 -0.354721 -0.354475 0.000246018
0.937794 -0.354373 -0.354125 0.000247872
0.937994 -0.354023 -0.353774 0.000249716
0.938194 -0.353674 -0.353423 0.000251549
0.938394 -0.353325 -0.353072 0.000253373
0.938594 -0.352975 -0.35272 0.000255186
0.938794 -0.352626 -0.352369 0.000256988
0.938994 -0.352276 -0.352017 0.000258779
0.939194 -0.351926 -0.351665 0.00026056
0.939394 -0.351575 -0.351313 0.00026233
0.939594 -0.351225 -0.350961 0.000264088
0.939794 -0.350875 -0.350609 0.000265835
0.939994 -0.350524 -0.350256 0.000267571
0.940194 -0.350173 -0.349904 0.000269295
0.940394 -0.349822 -0.349551 0.000271008
0.940594 -0.349471 -0.349198 0.000272708
0.940794 -0.349119 -0.348845 0.000274396
0.940994 -0.348768 -0.348492 0.000276072
0.941194 -0.348416 -0.348138 0.000277736
0.941394 -0.348064 -0.347785 0.000279387
0.941594 -0.347712 -0.347431 0.000281025
0.941794 -0.34736 -0.347077 0.000282651
0.941994 -0.347008 -0.346723 0.000284264
0.942194 -0.346655 -0.346369 0.000285863
0.942394 -0.346303 -0.346015 0.000287449
0.942594 -0.34595 -0.345661 0.000289022
0.942794 -0.345597 -0.345306 0.000290581
0.942994 -0.345244 -0.344952 0.000292126
0.943194 -0.34489 -0.344597 0.000293657
0.943394 -0.344537 -0.344242 0.000295174
0.943594 -0.344183 -0.343887 0.000296677
0.943794 -0.34383 -0.343531 0.000298166
0.943994 -0.343476 -0.343176 0.00029964
0.944194 -0.343122 -0.342821 0.000301099
0.944394 -0.342767 -0.342465 0.000302543
0.944594 -0.342413 -0.342109 0.000303972
0.944794 -0.342059 -0.341753 0.000305386
0.944994 -0.341704 -0.341397 0.000306785
0.945195 -0.341349 -0.341041 0.000308168
0.945395 -0.340994 -0.340685 0.000309535
0.945595 -0.340639 -0.340328 0.000310887
0.945795 -0.340284 -0.339972 0.000312222
0.945995 -0.339928 -0.339615 0.000313541
0.946195 -0.339573 -0.339258 0.000314844
0.946395 -0.339217 -0.338901 0.00031613
0.946595 -0.338861 -0.338544 0.0003174
0.946795 -0.338505 -0.338187 0.000318653
0.946995 -0.338149 -0.337829 0.000319888
0.947195 -0.337793 -0.337472 0.000321107
0.947395 -0.337437 -0.337114 0.000322308
0.947595 -0.33708 -0.336757 0.000323492
0.947795 -0.336723 -0.336399 0.000324657
0.947995 -0.336367 -0.336041 0.000325805
0.948195 -0.33601 -0.335683 0.000326935
0.948395 -0.335652 -0.335324 0.000328047
0.948595 -0.335295 -0.334966 0.000329141
0.948795 -0.334938 -0.334608 0.000330215
0.948995 -0.33458 -0.334249 0.000331271
0.949195 -0.334223 -0.33389 0.000332309
0.949395 -0.333865 -0.333531 0.000333327
0.949595 -0.333507 -0.333172 0.000334326
0.949795 -0.333149 -0.332813 0.000335305
0.949995 -0.332791 -0.332454 0.000336265
0.950195 -0.332432 -0.332095 0.000337205
0.950395 -0.332074 -0.331736 0.000338125
0.950595 -0.331715 -0.331376 0.000339025
0.950795 -0.331356 -0.331016 0.000339905
0.950995 -0.330997 -0.330657 0.000340764
0.951195 -0.330638 -0.330297 0.000341603
0.951395 -0.330279 -0.329937 0.00034242
0.951595 -0.32992 -0.329577 0.000343217
0.951795 -0.32956 -0.329217 0.000343993
0.951995 -0.329201 -0.328856 0.000344747
0.952195 -0.328841 -0.328496 0.00034548
0.952395 -0.328481 -0.328135 0.000346191
0.952595 -0.328122 -0.327775 0.00034688
0.952795 -0.327761 -0.327414 0.000347547
0.952995 -0.327401 -0.327053 0.000348192
0.953195 -0.327041 -0.326692 0.000348814
0.953395 -0.326681 -0.326331 0.000349414
0.953595 -0.32632 -0.32597 0.000349991
0.953795 -0.325959 -0.325609 0.000350545
0.953995 -0.325598 -0.325247 0.000351075
0.954195 -0.325238 -0.324886 0.000351583
0.954395 -0.324876 -0.324524 0.000352067
0.954595 -0.324515 -0.324163 0.000352527
0.954795 -0.324154 -0.323801 0.000352963
0.954995 -0.323793 -0.323439 0.000353375
0.955196 -0.323431 -0.323077 0.000353763
0.955396 -0.323069 -0.322715 0.000354127
0.955596 -0.322708 -0.322353 0.000354465
0.955796 -0.322346 -0.321991 0.000354779
0.955996 -0.321984 -0.321629 0.000355068
0.956196 -0.321621 -0.321266 0.000355332
0.956396 -0.321259 -0.320904 0.00035557
0.956596 -0.320897 -0.320541 0.000355783
0.956796 -0.320534 -0.320178 0.00035597
0.956996 -0.320172 -0.319816 0.000356131
0.957196 -0.319809 -0.319453 0.000356266
0.957396 -0.319446 -0.31909 0.000356375
0.957596 -0.319083 -0.318727 0.000356457
0.957796 -0.31872 -0.318364 0.000356512
0.957996 -0.318357 -0.318 0.00035654
0.958196 -0.317994 -0.317637 0.000356542
0.958396 -0.31763 -0.317274 0.000356516
0.958596 -0.317267 -0.31691 0.000356462
0.958796 -0.316903 -0.316547 0.000356381
0.958996 -0.316539 -0.316183 0.000356272
0.959196 -0.316176 -0.315819 0.000356135
0.959396 -0.315812 -0.315456 0.00035597
0.959596 -0.315447 -0.315092 0.000355776
0.959796 -0.315083 -0.314728 0.000355553
0.959996 -0.314719 -0.314364 0.000355302
0.960196 -0.314355 -0.314 0.000355022
0.960396 -0.31399 -0.313635 0.000354712
0.960596 -0.313626 -0.313271 0.000354373
0.960796 -0.313261 -0.312907 0.000354004
0.960996 -0.312896 -0.312542 0.000353606
0.961196 -0.312531 -0.312178 0.000353177
0.961396 -0.312166 -0.311813 0.000352719
0.961596 -0.311801 -0.311449 0.00035223
0.961796 -0.311436 -0.311084 0.00035171
0.961996 -0.31107 -0.310719 0.000351159
0.962196 -0.310705 -0.310355 0.000350578
0.962396 -0.31034 -0.30999 0.000349965
0.962596 -0.309974 -0.309625 0.000349321
0.962796 -0.309608 -0.30926 0.000348645
0.962996 -0.309242 -0.308894 0.000347937
0.963196 -0.308876 -0.308529 0.000347197
0.963396 -0.30851 -0.308164 0.000346425
0.963596 -0.308144 -0.307799 0.000345621
0.963796 -0.307778 -0.307433 0.000344784
0.963996 -0.307412 -0.307068 0.000343914
0.964196 -0.307045 -0.306702 0.000343011
0.964396 -0.306679 -0.306337 0.000342075
0.964596 -0.306312 -0.305971 0.000341106
0.964796 -0.305946 -0.305606 0.000340103
0.964996 -0.305579 -0.30524 0.000339066
0.965197 -0.305212 -0.304874 0.000337994
0.965397 -0.304845 -0.304508 0.000336889
0.965597 -0.304478 -0.304142 0.000335749
0.965797 -0.304111 -0.303776 0.000334575
0.965997 -0.303744 -0.30341 0.000333365
0.966197 -0.303376 -0.303044 0.000332121
0.966397 -0.303009 -0.302678 0.000330841
0.966597 -0.302641 -0.302312 0.000329526
0.966797 -0.302274 -0.301946 0.000328175
0.966997 -0.301906 -0.301579 0.000326788
0.967197 -0.301538 -0.301213 0.000325365
0.967397 -0.301171 -0.300847 0.000323906
0.967597 -0.300803 -0.30048 0.00032241
0.967797 -0.300435 -0.300114 0.000320877
0.967997 -0.300067 -0.299747 0.000319308
0.968197 -0.299698 -0.299381 0.000317701
0.968397 -0.29933 -0.299014 0.000316057
0.968597 -0.298962 -0.298647 0.000314375
0.968797 -0.298593 -0.298281 0.000312655
0.968997 -0.298225 -0.297914 0.000310898
0.969197 -0.297856 -0.297547 0.000309102
0.969397 -0.297488 -0.29718 0.000307268
0.969597 -0.297119 -0.296813 0.000305395
0.969797 -0.29675 -0.296447 0.000303483
0.969997 -0.296381 -0.29608 0.000301532
0.970197 -0.296012 -0.295713 0.000299542
0.970397 -0.295643 -0.295346 0.000297512
0.970597 -0.295274 -0.294978 0.000295443
0.970797 -0.294905 -0.294611 0.000293334
0.970997 -0.294535 -0.294244 0.000291184
0.971197 -0.294166 -0.293877 0.000288994
0.971397 -0.293797 -0.29351 0.000286764
0.971597 -0.293427 -0.293143 0.000284493
0.971797 -0.293057 -0.292775 0.000282181
0.971997 -0.292688 -0.292408 0.000279827
0.972197 -0.292318 -0.292041 0.000277432
0.972397 -0.291948 -0.291673 0.000274996
0.972597 -0.291578 -0.291306 0.000272517
0.972797 -0.291208 -0.290938 0.000269997
0.972997 -0.290838 -0.290571 0.000267434
0.973197 -0.290468 -0.290203 0.000264828
0.973397 -0.290098 -0.289836 0.00026218
0.973597 -0.289728 -0.289468 0.000259489
0.973797 -0.289357 -0.289101 0.000256755
0.973997 -0.288987 -0.288733 0.000253977
0.974197 -0.288617 -0.288365 0.000251156
0.974397 -0.288246 -0.287998 0.00024829
0.974597 -0.287876 -0.28763 0.000245381
0.974797 -0.287505 -0.287262 0.000242428
0.974997 -0.287134 -0.286895 0.00023943
0.975198 -0.286763 -0.286527 0.000236387
0.975398 -0.286393 -0.286159 0.000233299
0.975598 -0.286022 -0.285792 0.000230166
0.975798 -0.285651 -0.285424 0.000226988
0.975998 -0.28528 -0.285056 0.000223764
0.976198 -0.284909 -0.284688 0.000220494
0.976398 -0.284537 -0.28432 0.000217178
0.976598 -0.284166 -0.283952 0.000213816
0.976798 -0.283795 -0.283585 0.000210408
0.976998 -0.283424 -0.283217 0.000206952
0.977198 -0.283052 -0.282849 0.00020345
0.977398 -0.282681 -0.282481 0.000199901
0.977598 -0.282309 -0.282113 0.000196304
0.977798 -0.281938 -0.281745 0.000192659
0.977998 -0.281566 -0.281377 0.000188967
0.978198 -0.281194 -0.281009 0.000185226
0.978398 -0.280823 -0.280641 0.000181438
0.978598 -0.280451 -0.280273 0.000177601
0.978798 -0.280079 -0.279905 0.000173715
0.978998 -0.279707 -0.279537 0.00016978
0.979198 -0.279335 -0.279169 0.000165795
0.979398 -0.278963 -0.278801 0.000161762
0.979598 -0.278591 -0.278433 0.000157679
0.979798 -0.278219 -0.278065 0.000153546
0.979998 -0.277847 -0.277698 0.000149362
0.980198 -0.277475 -0.27733 0.000145129
0.980398 -0.277102 -0.276962 0.000140845
0.980598 -0.27673 -0.276594 0.00013651
0.980798 -0.276358 -0.276226 0.000132124
0.980998 -0.275985 -0.275858 0.000127687
0.981198 -0.275613 -0.27549 0.000123198
0.981398 -0.27524 -0.275122 0.000118658
0.981598 -0.274868 -0.274754 0.000114065
0.981798 -0.274495 -0.274386 0.000109421
0.981998 -0.274123 -0.274018 0.000104724
0.982198 -0.27375 -0.27365 9.99748e-05
0.982398 -0.273377 -0.273282 9.51726e-05
0.982598 -0.273004 -0.272914 9.03172e-05
0.982798 -0.272632 -0.272546 8.54086e-05
0.982998 -0.272259 -0.272178 8.04464e-05
0.983198 -0.271886 -0.27181 7.54305e-05
0.983398 -0.271513 -0.271442 7.03606e-05
0.983598 -0.27114 -0.271075 6.52364e-05
0.983798 -0.270767 -0.270707 6.00578e-05
0.983998 -0.270394 -0.270339 5.48245e-05
0.984198 -0.270021 -0.269971 4.95363e-05
0.984398 -0.269647 -0.269603 4.4193e-05
0.984598 -0.269274 -0.269235 3.87942e-05
0.984798 -0.268901 -0.268868 3.33399e-05
0.984998 -0.268528 -0.2685 2.78297e-05
0.985199 -0.268154 -0.268132 2.22634e-05
0.985399 -0.267781 -0.267764 1.66409e-05
0.985599 -0.267408 -0.267397 1.09618e-05
0.985799 -0.267034 -0.267029 5.2259e-06
0.985999 -0.266661 -0.266661 5.66981e-07
0.986199 -0.266287 -0.266294 6.4171e-06
0.986399 -0.265914 -0.265926 1.23247e-05
0.986599 -0.26554 -0.265558 1.829e-05
0.986799 -0.265167 -0.265191 2.43132e-05
0.986999 -0.264793 -0.264823 3.03946e-05
0.987199 -0.264419 -0.264456 3.65344e-05
0.987399 -0.264046 -0.264088 4.27328e-05
0.987599 -0.263672 -0.263721 4.89901e-05
0.987799 -0.263298 -0.263353 5.53065e-05
0.987999 -0.262924 -0.262986 6.16823e-05
0.988199 -0.262551 -0.262619 6.81176e-05
0.988399 -0.262177 -0.262251 7.46127e-05
0.988599 -0.261803 -0.261884 8.11678e-05
0.988799 -0.261429 -0.261517 8.77833e-05
0.988999 -0.261055 -0.261149 9.44592e-05
0.989199 -0.260681 -0.260782 0.000101196
0.989399 -0.260307 -0.260415 0.000107994
0.989599 -0.259933 -0.260048 0.000114852
0.989799 -0.259559 -0.259681 0.000121773
0.989999 -0.259185 -0.259314 0.000128755
0.990199 -0.258811 -0.258947 0.000135799
0.990399 -0.258437 -0.25858 0.000142905
0.990599 -0.258063 -0.258213 0.000150073
0.990799 -0.257689 -0.257846 0.000157304
0.990999 -0.257314 -0.257479 0.000164598
0.991199 -0.25694 -0.257112 0.000171955
0.991399 -0.256566 -0.256745 0.000179376
0.991599 -0.256192 -0.256379 0.00018686
0.991799 -0.255817 -0.256012 0.000194408
0.991999 -0.255443 -0.255645 0.00020202
0.992199 -0.255069 -0.255279 0.000209696
0.992399 -0.254695 -0.254912 0.000217436
0.992599 -0.25432 -0.254545 0.000225242
0.992799 -0.253946 -0.254179 0.000233112
0.992999 -0.253572 -0.253813 0.000241048
0.993199 -0.253197 -0.253446 0.000249049
0.993399 -0.252823 -0.25308 0.000257115
0.993599 -0.252448 -0.252714 0.000265248
0.993799 -0.252074 -0.252347 0.000273447
0.993999 -0.251699 -0.251981 0.000281712
0.994199 -0.251325 -0.251615 0.000290044
0.994399 -0.250951 -0.251249 0.000298443
0.994599 -0.250576 -0.250883 0.000306909
0.994799 -0.250202 -0.250517 0.000315442
0.994999 -0.249827 -0.250151 0.000324043
0.9952 -0.249453 -0.249785 0.000332712
0.9954 -0.249078 -0.249419 0.000341449
0.9956 -0.248703 -0.249054 0.000350254
0.9958 -0.248329 -0.248688 0.000359128
0.996 -0.247954 -0.248322 0.00036807
0.9962 -0.24758 -0.247957 0.000377082
0.9964 -0.247205 -0.247591 0.000386163
0.9966 -0.246831 -0.247226 0.000395313
0.9968 -0.246456 -0.246861 0.000404533
0.997 -0.246081 -0.246495 0.000413823
0.9972 -0.245707 -0.24613 0.000423183
0.9974 -0.245332 -0.245765 0.000432614
0.9976 -0.244958 -0.2454 0.000442115
0.9978 -0.244583 -0.245035 0.000451687
0.998 -0.244208 -0.24467 0.000461331
0.9982 -0.243834 -0.244305 0.000471046
0.9984 -0.243459 -0.24394 0.000480832
0.9986 -0.243084 -0.243575 0.000490691
0.9988 -0.24271 -0.24321 0.000500621
0.999 -0.242335 -0.242846 0.000510624
0.9992 -0.241961 -0.242481 0.000520699
0.9994 -0.241586 -0.242117 0.000530848
0.9996 -0.241211 -0.241752 0.000541069
0.9998 -0.240837 -0.241388 0.000551364
1 -0.240462 -0.241024 0.000561732
