-1.0000000000e+00 3.5322690848e-01 1.9249773030e-01 -1.0180043242e+01 0.0000000000e+00 3.5475468832e-01 1.2896341478e-01 -9.0921857526e+00 0.0000000000e+00
-9.9799799800e-01 3.5359182892e-01 1.7202811525e-01 -1.0268954374e+01 7.0753306627e-04 3.5499458574e-01 1.1066078774e-01 -9.1920489327e+00 7.1046584689e-04
-9.9599599600e-01 3.5391559156e-01 1.5138139458e-01 -1.0356968347e+01 1.4157555548e-03 3.5519764150e-01 9.2158782140e-02 -9.2913605224e+00 1.4213751570e-03
-9.9399399399e-01 3.5419784365e-01 1.3055938483e-01 -1.0444064767e+01 2.1245847139e-03 3.5536345757e-01 7.3458528827e-02 -9.3900939513e+00 2.1326537743e-03
-9.9199199199e-01 3.5443823612e-01 1.0956394334e-01 -1.0530223266e+01 2.8339370897e-03 3.5549163824e-01 5.4561212060e-02 -9.4882224300e+00 2.8442267485e-03
-9.8998998999e-01 3.5463642364e-01 8.8396968191e-02 -1.0615423504e+01 3.5437285329e-03 3.5558179020e-01 3.5468069945e-02 -9.5857189569e+00 3.5560183393e-03
-9.8798798799e-01 3.5479206475e-01 6.7060398159e-02 -1.0699645173e+01 4.2538742068e-03 3.5563352271e-01 1.6180394850e-02 -9.6825563250e+00 4.2679520216e-03
-9.8598598599e-01 3.5490482189e-01 4.5556212637e-02 -1.0782868003e+01 4.9642885950e-03 3.5564644765e-01 -3.3004661859e-03 -9.7787071288e+00 4.9799504905e-03
-9.8398398398e-01 3.5497436150e-01 2.3886431560e-02 -1.0865071764e+01 5.6748855094e-03 3.5562017965e-01 -2.2973111068e-02 -9.8741437721e+00 5.6919356671e-03
-9.8198198198e-01 3.5500035413e-01 2.0531153229e-03 -1.0946236269e+01 6.3855780981e-03 3.5555433621e-01 -4.2836082268e-02 -9.9688384754e+00 6.4038287036e-03
-9.7997997998e-01 3.5498247445e-01 -1.9941635318e-02 -1.1026341381e+01 7.0962788538e-03 3.5544853780e-01 -6.2887866466e-02 -1.0062763284e+01 7.1155499896e-03
-9.7797797798e-01 3.5492040143e-01 -4.2095679344e-02 -1.1105367017e+01 7.8068996222e-03 3.5530240798e-01 -8.3126894208e-02 -1.0155890076e+01 7.8270191576e-03
-9.7597597598e-01 3.5481381834e-01 -6.4406835582e-02 -1.1183293148e+01 8.5173516105e-03 3.5511557351e-01 -1.0355153958e-01 -1.0248190570e+01 8.5381550901e-03
-9.7397397397e-01 3.5466241284e-01 -8.6872882825e-02 -1.1260099808e+01 9.2275453963e-03 3.5488766446e-01 -1.2416011990e-01 -1.0339636338e+01 9.2488759253e-03
-9.7197197197e-01 3.5446587711e-01 -1.0949155996e-01 -1.1335767095e+01 9.9373909364e-03 3.5461831431e-01 -1.4495089543e-01 -1.0430198808e+01 9.9590990644e-03
-9.6996996997e-01 3.5422390788e-01 -1.3226056608e-01 -1.1410275177e+01 1.0646797576e-02 3.5430716010e-01 -1.6592206908e-01 -1.0519849278e+01 1.0668741178e-02
-9.6796796797e-01 3.5393620652e-01 -1.5517756069e-01 -1.1483604294e+01 1.1355674057e-02 3.5395384253e-01 -1.8707178622e-01 -1.0608558925e+01 1.1377718215e-02
-9.6596596597e-01 3.5360247913e-01 -1.7824016376e-01 -1.1555734763e+01 1.2063928530e-02 3.5355800605e-01 -2.0839813434e-01 -1.0696298812e+01 1.2085945407e-02
-9.6396396396e-01 3.5322243663e-01 -2.0144595597e-01 -1.1626646986e+01 1.2771468560e-02 3.5311929901e-01 -2.2989914296e-01 -1.0783039903e+01 1.2793337278e-02
-9.6196196196e-01 3.5279579480e-01 -2.2479247884e-01 -1.1696321446e+01 1.3478201139e-02 3.5263737376e-01 -2.5157278332e-01 -1.0868753069e+01 1.3499807653e-02
-9.5995995996e-01 3.5232227440e-01 -2.4827723491e-01 -1.1764738720e+01 1.4184032695e-02 3.5211188676e-01 -2.7341696831e-01 -1.0953409101e+01 1.4205269664e-02
-9.5795795796e-01 3.5180160120e-01 -2.7189768791e-01 -1.1831879475e+01 1.4888869102e-02 3.5154249874e-01 -2.9542955222e-01 -1.1036978719e+01 1.4909635760e-02
-9.5595595596e-01 3.5123350613e-01 -2.9565126300e-01 -1.1897724481e+01 1.5592615690e-02 3.5092887475e-01 -3.1760833071e-01 -1.1119432586e+01 1.5612817716e-02
-9.5395395395e-01 3.5061772527e-01 -3.1953534691e-01 -1.1962254607e+01 1.6295177256e-02 3.5027068431e-01 -3.3995104063e-01 -1.1200741317e+01 1.6314726639e-02
-9.5195195195e-01 3.4995400000e-01 -3.4354728818e-01 -1.2025450829e+01 1.6996458073e-02 3.4956760157e-01 -3.6245535997e-01 -1.1280875490e+01 1.7015272980e-02
-9.4994994995e-01 3.4924207702e-01 -3.6768439740e-01 -1.2087294236e+01 1.7696361901e-02 3.4881930534e-01 -3.8511890779e-01 -1.1359805660e+01 1.7714366543e-02
-9.4794794795e-01 3.4848170849e-01 -3.9194394737e-01 -1.2147766029e+01 1.8394792001e-02 3.4802547929e-01 -4.0793924419e-01 -1.1437502370e+01 1.8411916492e-02
-9.4594594595e-01 3.4767265202e-01 -4.1632317342e-01 -1.2206847531e+01 1.9091651142e-02 3.4718581201e-01 -4.3091387029e-01 -1.1513936162e+01 1.9107831364e-02
-9.4394394394e-01 3.4681467084e-01 -4.4081927359e-01 -1.2264520187e+01 1.9786841611e-02 3.4629999717e-01 -4.5404022825e-01 -1.1589077594e+01 1.9802019077e-02
-9.4194194194e-01 3.4590753379e-01 -4.6542940889e-01 -1.2320765570e+01 2.0480265230e-02 3.4536773361e-01 -4.7731570131e-01 -1.1662897244e+01 2.0494386942e-02
-9.3993993994e-01 3.4495101544e-01 -4.9015070358e-01 -1.2375565385e+01 2.1171823361e-02 3.4438872547e-01 -5.0073761383e-01 -1.1735365732e+01 2.1184841671e-02
-9.3793793794e-01 3.4394489617e-01 -5.1498024544e-01 -1.2428901473e+01 2.1861416924e-02 3.4336268230e-01 -5.2430323144e-01 -1.1806453728e+01 2.1873289390e-02
-9.3593593594e-01 3.4288896221e-01 -5.3991508602e-01 -1.2480755816e+01 2.2548946403e-02 3.4228931919e-01 -5.4800976105e-01 -1.1876131963e+01 2.2559635648e-02
-9.3393393393e-01 3.4178300572e-01 -5.6495224095e-01 -1.2531110539e+01 2.3234311859e-02 3.4116835689e-01 -5.7185435111e-01 -1.1944371249e+01 2.3243785430e-02
-9.3193193193e-01 3.4062682491e-01 -5.9008869022e-01 -1.2579947918e+01 2.3917412944e-02 3.3999952189e-01 -5.9583409168e-01 -1.2011142488e+01 2.3925643168e-02
-9.2992992993e-01 3.3942022402e-01 -6.1532137848e-01 -1.2627250381e+01 2.4598148913e-02 3.3878254659e-01 -6.1994601469e-01 -1.2076416683e+01 2.4605112751e-02
-9.2792792793e-01 3.3816301348e-01 -6.4064721538e-01 -1.2673000511e+01 2.5276418634e-02 3.3751716937e-01 -6.4418709413e-01 -1.2140164959e+01 2.5282097540e-02
-9.2592592593e-01 3.3685500993e-01 -6.6606307583e-01 -1.2717181056e+01 2.5952120602e-02 3.3620313475e-01 -6.6855424631e-01 -1.2202358569e+01 2.5956500378e-02
-9.2392392392e-01 3.3549603629e-01 -6.9156580040e-01 -1.2759774927e+01 2.6625152952e-02 3.3484019345e-01 -6.9304433013e-01 -1.2262968914e+01 2.6628223601e-02
-9.2192192192e-01 3.3408592186e-01 -7.1715219559e-01 -1.2800765206e+01 2.7295413470e-02 3.3342810257e-01 -7.1765414739e-01 -1.2321967553e+01 2.7297169054e-02
-9.1991991992e-01 3.3262450235e-01 -7.4281903423e-01 -1.2840135148e+01 2.7962799606e-02 3.3196662564e-01 -7.4238044313e-01 -1.2379326219e+01 2.7963238101e-02
-9.1791791792e-01 3.3111161996e-01 -7.6856305577e-01 -1.2877868185e+01 2.8627208489e-02 3.3045553278e-01 -7.6721990599e-01 -1.2435016833e+01 2.8626331641e-02
-9.1591591592e-01 3.2954712348e-01 -7.9438096671e-01 -1.2913947935e+01 2.9288536938e-02 3.2889460079e-01 -7.9216916857e-01 -1.2489011516e+01 2.9286350118e-02
-9.1391391391e-01 3.2793086830e-01 -8.2026944090e-01 -1.2948358197e+01 2.9946681475e-02 3.2728361327e-01 -8.1722480789e-01 -1.2541282607e+01 2.9943193536e-02
-9.1191191191e-01 3.2626271651e-01 -8.4622511998e-01 -1.2981082966e+01 3.0601538342e-02 3.2562236072e-01 -8.4238334582e-01 -1.2591802675e+01 3.0596761472e-02
-9.0990990991e-01 3.2454253695e-01 -8.7224461373e-01 -1.3012106426e+01 3.1253003509e-02 3.2391064067e-01 -8.6764124955e-01 -1.2640544532e+01 3.1246953093e-02
-9.0790790791e-01 3.2277020528e-01 -8.9832450045e-01 -1.3041412964e+01 3.1900972691e-02 3.2214825777e-01 -8.9299493210e-01 -1.2687481250e+01 3.1893667165e-02
-9.0590590591e-01 3.2094560405e-01 -9.2446132740e-01 -1.3068987166e+01 3.2545341360e-02 3.2033502390e-01 -9.1844075285e-01 -1.2732586174e+01 3.2536802072e-02
-9.0390390390e-01 3.1906862275e-01 -9.5065161119e-01 -1.3094813829e+01 3.3186004763e-02 3.1847075829e-01 -9.4397501810e-01 -1.2775832937e+01 3.3176255828e-02
-9.0190190190e-01 3.1713915786e-01 -9.7689183820e-01 -1.3118877956e+01 3.3822857928e-02 3.1655528762e-01 -9.6959398167e-01 -1.2817195473e+01 3.3811926093e-02
-8.9989989990e-01 3.1515711295e-01 -1.0031784650e+00 -1.3141164769e+01 3.4455795687e-02 3.1458844612e-01 -9.9529384550e-01 -1.2856648033e+01 3.4443710186e-02
-8.9789789790e-01 3.1312239869e-01 -1.0295079188e+00 -1.3161659706e+01 3.5084712684e-02 3.1257007566e-01 -1.0210707603e+00 -1.2894165196e+01 3.5071505103e-02
-8.9589589590e-01 3.1103493295e-01 -1.0558765978e+00 -1.3180348428e+01 3.5709503392e-02 3.1050002589e-01 -1.0469208263e+00 -1.2929721887e+01 3.5695207533e-02
-8.9389389389e-01 3.0889464081e-01 -1.0822808719e+00 -1.3197216825e+01 3.6330062126e-02 3.0837815430e-01 -1.0728400937e+00 -1.2963293388e+01 3.6314713868e-02
-8.9189189189e-01 3.0670145469e-01 -1.1087170828e+00 -1.3212251014e+01 3.6946283060e-02 3.0620432634e-01 -1.0988245639e+00 -1.2994855356e+01 3.6929920225e-02
-8.8988988989e-01 3.0445531432e-01 -1.1351815447e+00 -1.3225437351e+01 3.7558060238e-02 3.0397841553e-01 -1.1248701896e+00 -1.3024383831e+01 3.7540722460e-02
-8.8788788789e-01 3.0215616686e-01 -1.1616705448e+00 -1.3236762425e+01 3.8165287592e-02 3.0170030352e-01 -1.1509728761e+00 -1.3051855254e+01 3.8147016182e-02
-8.8588588589e-01 2.9980396693e-01 -1.1881803436e+00 -1.3246213073e+01 3.8767858955e-02 2.9936988021e-01 -1.1771284821e+00 -1.3077246479e+01 3.8748696774e-02
-8.8388388388e-01 2.9739867664e-01 -1.2147071755e+00 -1.3253776375e+01 3.9365668077e-02 2.9698704384e-01 -1.2033328200e+00 -1.3100534787e+01 3.9345659404e-02
-8.8188188188e-01 2.9494026570e-01 -1.2412472493e+00 -1.3259439660e+01 3.9958608641e-02 2.9455170108e-01 -1.2295816576e+00 -1.3121697901e+01 3.9937799047e-02
-8.7987987988e-01 2.9242871140e-01 -1.2677967487e+00 -1.3263190514e+01 4.0546574274e-02 2.9206376712e-01 -1.2558707182e+00 -1.3140713995e+01 4.0525010498e-02
-8.7787787788e-01 2.8986399871e-01 -1.2943518329e+00 -1.3265016777e+01 4.1129458568e-02 2.8952316574e-01 -1.2821956820e+00 -1.3157561709e+01 4.1107188393e-02
-8.7587587588e-01 2.8724612033e-01 -1.3209086367e+00 -1.3264906554e+01 4.1707155091e-02 2.8692982943e-01 -1.3085521870e+00 -1.3172220165e+01 4.1684227221e-02
-8.7387387387e-01 2.8457507669e-01 -1.3474632718e+00 -1.3262848211e+01 4.2279557406e-02 2.8428369943e-01 -1.3349358297e+00 -1.3184668973e+01 4.2256021347e-02
-8.7187187187e-01 2.8185087605e-01 -1.3740118264e+00 -1.3258830386e+01 4.2846559081e-02 2.8158472587e-01 -1.3613421665e+00 -1.3194888250e+01 4.2822465027e-02
-8.6986986987e-01 2.7907353452e-01 -1.4005503667e+00 -1.3252841986e+01 4.3408053712e-02 2.7883286779e-01 -1.3877667143e+00 -1.3202858628e+01 4.3383452425e-02
-8.6786786787e-01 2.7624307609e-01 -1.4270749366e+00 -1.3244872197e+01 4.3963934935e-02 2.7602809326e-01 -1.4142049519e+00 -1.3208561266e+01 4.3938877633e-02
-8.6586586587e-01 2.7335953273e-01 -1.4535815587e+00 -1.3234910482e+01 4.4514096439e-02 2.7317037941e-01 -1.4406523209e+00 -1.3211977865e+01 4.4488634688e-02
-8.6386386386e-01 2.7042294436e-01 -1.4800662350e+00 -1.3222946588e+01 4.5058431988e-02 2.7025971257e-01 -1.4671042268e+00 -1.3213090674e+01 4.5032617589e-02
-8.6186186186e-01 2.6743335893e-01 -1.5065249470e+00 -1.3208970548e+01 4.5596835432e-02 2.6729608827e-01 -1.4935560400e+00 -1.3211882507e+01 4.5570720318e-02
-8.5985985986e-01 2.6439083246e-01 -1.5329536567e+00 -1.3192972686e+01 4.6129200726e-02 2.6427951138e-01 -1.5200030973e+00 -1.3208336749e+01 4.6102836859e-02
-8.5785785786e-01 2.6129542908e-01 -1.5593483070e+00 -1.3174943616e+01 4.6655421946e-02 2.6120999609e-01 -1.5464407026e+00 -1.3202437369e+01 4.6628861212e-02
-8.5585585586e-01 2.5814722104e-01 -1.5857048221e+00 -1.3154874252e+01 4.7175393302e-02 2.5808756607e-01 -1.5728641284e+00 -1.3194168930e+01 4.7148687417e-02
-8.5385385385e-01 2.5494628880e-01 -1.6120191087e+00 -1.3132755807e+01 4.7689009160e-02 2.5491225446e-01 -1.5992686169e+00 -1.3183516599e+01 4.7662209570e-02
-8.5185185185e-01 2.5169272100e-01 -1.6382870559e+00 -1.3108579797e+01 4.8196164054e-02 2.5168410396e-01 -1.6256493813e+00 -1.3170466153e+01 4.8169321843e-02
-8.4984984985e-01 2.4838661455e-01 -1.6645045362e+00 -1.3082338044e+01 4.8696752701e-02 2.4840316687e-01 -1.6520016067e+00 -1.3155003996e+01 4.8669918504e-02
-8.4784784785e-01 2.4502807462e-01 -1.6906674060e+00 -1.3054022680e+01 4.9190670026e-02 2.4506950519e-01 -1.6783204519e+00 -1.3137117158e+01 4.9163893933e-02
-8.4584584585e-01 2.4161721470e-01 -1.7167715064e+00 -1.3023626151e+01 4.9677811167e-02 2.4168319059e-01 -1.7046010501e+00 -1.3116793313e+01 4.9651142647e-02
-8.4384384384e-01 2.3815415663e-01 -1.7428126636e+00 -1.2991141216e+01 5.0158071501e-02 2.3824430454e-01 -1.7308385107e+00 -1.3094020779e+01 5.0131559313e-02
-8.4184184184e-01 2.3463903062e-01 -1.7687866896e+00 -1.2956560958e+01 5.0631346657e-02 2.3475293833e-01 -1.7570279203e+00 -1.3068788534e+01 5.0605038774e-02
-8.3983983984e-01 2.3107197525e-01 -1.7946893828e+00 -1.2919878777e+01 5.1097532532e-02 2.3120919307e-01 -1.7831643440e+00 -1.3041086213e+01 5.1071476063e-02
-8.3783783784e-01 2.2745313756e-01 -1.8205165290e+00 -1.2881088400e+01 5.1556525310e-02 2.2761317982e-01 -1.8092428268e+00 -1.3010904126e+01 5.1530766428e-02
-8.3583583584e-01 2.2378267301e-01 -1.8462639015e+00 -1.2840183883e+01 5.2008221476e-02 2.2396501953e-01 -1.8352583953e+00 -1.2978233256e+01 5.1982805347e-02
-8.3383383383e-01 2.2006074557e-01 -1.8719272621e+00 -1.2797159612e+01 5.2452517837e-02 2.2026484317e-01 -1.8612060583e+00 -1.2943065270e+01 5.2427488551e-02
-8.3183183183e-01 2.1628752766e-01 -1.8975023617e+00 -1.2752010307e+01 5.2889311536e-02 2.1651279168e-01 -1.8870808089e+00 -1.2905392523e+01 5.2864712043e-02
-8.2982982983e-01 2.1246320025e-01 -1.9229849410e+00 -1.2704731023e+01 5.3318500068e-02 2.1270901606e-01 -1.9128776255e+00 -1.2865208063e+01 5.3294372118e-02
-8.2782782783e-01 2.0858795285e-01 -1.9483707311e+00 -1.2655317157e+01 5.3739981301e-02 2.0885367738e-01 -1.9385914732e+00 -1.2822505638e+01 5.3716365385e-02
-8.2582582583e-01 2.0466198349e-01 -1.9736554543e+00 -1.2603764444e+01 5.4153653490e-02 2.0494694678e-01 -1.9642173054e+00 -1.2777279698e+01 5.4130588783e-02
-8.2382382382e-01 2.0068549881e-01 -1.9988348245e+00 -1.2550068968e+01 5.4559415296e-02 2.0098900553e-01 -1.9897500650e+00 -1.2729525398e+01 5.4536939605e-02
-8.2182182182e-01 1.9665871402e-01 -2.0239045483e+00 -1.2494227157e+01 5.4957165801e-02 1.9698004504e-01 -2.0151846860e+00 -1.2679238607e+01 5.4935315519e-02
-8.1981981982e-01 1.9258185294e-01 -2.0488603256e+00 -1.2436235789e+01 5.5346804526e-02 1.9292026686e-01 -2.0405160948e+00 -1.2626415906e+01 5.5325614582e-02
-8.1781781782e-01 1.8845514799e-01 -2.0736978498e+00 -1.2376091996e+01 5.5728231451e-02 1.8880988269e-01 -2.0657392117e+00 -1.2571054591e+01 5.5707735268e-02
-8.1581581582e-01 1.8427884023e-01 -2.0984128094e+00 -1.2313793261e+01 5.6101347028e-02 1.8464911444e-01 -2.0908489523e+00 -1.2513152680e+01 5.6081576485e-02
-8.1381381381e-01 1.8005317937e-01 -2.1230008879e+00 -1.2249337426e+01 5.6466052201e-02 1.8043819417e-01 -2.1158402289e+00 -1.2452708907e+01 5.6447037594e-02
-8.1181181181e-01 1.7577842373e-01 -2.1474577648e+00 -1.2182722693e+01 5.6822248422e-02 1.7617736415e-01 -2.1407079520e+00 -1.2389722731e+01 5.6804018430e-02
-8.0980980981e-01 1.7145484032e-01 -2.1717791166e+00 -1.2113947623e+01 5.7169837670e-02 1.7186687681e-01 -2.1654470318e+00 -1.2324194331e+01 5.7152419327e-02
-8.0780780781e-01 1.6708270478e-01 -2.1959606172e+00 -1.2043011143e+01 5.7508722466e-02 1.6750699480e-01 -2.1900523795e+00 -1.2256124613e+01 5.7492141130e-02
-8.0580580581e-01 1.6266230143e-01 -2.2199979386e+00 -1.1969912542e+01 5.7838805892e-02 1.6309799095e-01 -2.2145189090e+00 -1.2185515201e+01 5.7823085224e-02
-8.0380380380e-01 1.5819392325e-01 -2.2438867518e+00 -1.1894651480e+01 5.8159991607e-02 1.5864014825e-01 -2.2388415379e+00 -1.2112368443e+01 5.8145153547e-02
-8.0180180180e-01 1.5367787189e-01 -2.2676227277e+00 -1.1817227985e+01 5.8472183867e-02 1.5413375989e-01 -2.2630151895e+00 -1.2036687410e+01 5.8458248616e-02
-7.9979979980e-01 1.4911445765e-01 -2.2912015372e+00 -1.1737642458e+01 5.8775287448e-02 1.4957912918e-01 -2.2870347938e+00 -1.1958475891e+01 5.8762273545e-02
-7.9779779780e-01 1.4450399953e-01 -2.3146188528e+00 -1.1655895670e+01 5.9069207102e-02 1.4497656959e-01 -2.3108952891e+00 -1.1877738393e+01 5.9057132063e-02
-7.9579579580e-01 1.3984682516e-01 -2.3378703486e+00 -1.1571988772e+01 5.9353849793e-02 1.4032640474e-01 -2.3345916237e+00 -1.1794480140e+01 5.9342728541e-02
-7.9379379379e-01 1.3514327083e-01 -2.3609517017e+00 -1.1485923287e+01 5.9629122329e-02 1.3562896830e-01 -2.3581187566e+00 -1.1708707066e+01 5.9618968004e-02
-7.9179179179e-01 1.3039368151e-01 -2.3838585922e+00 -1.1397701121e+01 5.9894932202e-02 1.3088460406e-01 -2.3814716598e+00 -1.1620425818e+01 5.9885756156e-02
-7.8978978979e-01 1.2559841079e-01 -2.4065867049e+00 -1.1307324556e+01 6.0151187602e-02 1.2609366585e-01 -2.4046453192e+00 -1.1529643746e+01 6.0142999402e-02
-7.8778778779e-01 1.2075782089e-01 -2.4291317291e+00 -1.1214796260e+01 6.0397797438e-02 1.2125651753e-01 -2.4276347360e+00 -1.1436368903e+01 6.0390604862e-02
-7.8578578579e-01 1.1587228267e-01 -2.4514893601e+00 -1.1120119280e+01 6.0634671350e-02 1.1637353293e-01 -2.4504349284e+00 -1.1340610039e+01 6.0628480395e-02
-7.8378378378e-01 1.1094217560e-01 -2.4736552996e+00 -1.1023297050e+01 6.0861719730e-02 1.1144509585e-01 -2.4730409326e+00 -1.1242376594e+01 6.0856534621e-02
-7.8178178178e-01 1.0596788774e-01 -2.4956252566e+00 -1.0924333390e+01 6.1078853739e-02 1.0647160002e-01 -2.4954478047e+00 -1.1141678697e+01 6.1074676936e-02
-7.7977977978e-01 1.0094981573e-01 -2.5173949480e+00 -1.0823232506e+01 6.1285985323e-02 1.0145344902e-01 -2.5176506213e+00 -1.1038527157e+01 6.1282817534e-02
-7.7777777778e-01 9.5888364782e-02 -2.5389600997e+00 -1.0719998992e+01 6.1483027230e-02 9.6391056295e-02 -2.5396444818e+00 -1.0932933457e+01 6.1480867428e-02
-7.7577577578e-01 9.0783948663e-02 -2.5603164470e+00 -1.0614637834e+01 6.1669893028e-02 9.1284845049e-02 -2.5614245090e+00 -1.0824909746e+01 6.1668738467e-02
-7.7377377377e-01 8.5636989658e-02 -2.5814597358e+00 -1.0507154406e+01 6.1846497124e-02 8.6135248241e-02 -2.5829858507e+00 -1.0714468837e+01 6.1846343360e-02
-7.7177177177e-01 8.0447918558e-02 -2.6023857229e+00 -1.0397554473e+01 6.2012754776e-02 8.0942708517e-02 -2.6043236810e+00 -1.0601624193e+01 6.2013595689e-02
-7.6976976977e-01 7.5217174640e-02 -2.6230901772e+00 -1.0285844195e+01 6.2168582115e-02 7.5707678154e-02 -2.6254332017e+00 -1.0486389924e+01 6.2170409933e-02
-7.6776776777e-01 6.9945205638e-02 -2.6435688803e+00 -1.0172030124e+01 6.2313896158e-02 7.0430619007e-02 -2.6463096434e+00 -1.0368780776e+01 6.2316701488e-02
-7.6576576577e-01 6.4632467716e-02 -2.6638176272e+00 -1.0056119204e+01 6.2448614828e-02 6.5112002451e-02 -2.6669482669e+00 -1.0248812123e+01 6.2452386681e-02
-7.6376376376e-01 5.9279425447e-02 -2.6838322274e+00 -9.9381187756e+00 6.2572656971e-02 5.9752309315e-02 -2.6873443643e+00 -1.0126499958e+01 6.2577382794e-02
-7.6176176176e-01 5.3886551773e-02 -2.7036085054e+00 -9.8180365752e+00 6.2685942368e-02 5.4352029823e-02 -2.7074932604e+00 -1.0001860886e+01 6.2691608082e-02
-7.5975975976e-01 4.8454327983e-02 -2.7231423014e+00 -9.6958807335e+00 6.2788391759e-02 4.8911663523e-02 -2.7273903140e+00 -9.8749121107e+00 6.2794981788e-02
-7.5775775776e-01 4.2983243676e-02 -2.7424294725e+00 -9.5716597781e+00 6.2879926853e-02 4.3431719223e-02 -2.7470309186e+00 -9.7456714259e+00 6.2887424166e-02
-7.5575575576e-01 3.7473796729e-02 -2.7614658933e+00 -9.4453826330e+00 6.2960470348e-02 3.7912714914e-02 -2.7664105042e+00 -9.6141572063e+00 6.2968856499e-02
-7.5375375375e-01 3.1926493258e-02 -2.7802474564e+00 -9.3170586191e+00 6.3029945949e-02 3.2355177700e-02 -2.7855245380e+00 -9.4803883956e+00 6.3039201114e-02
-7.5175175175e-01 2.6341847585e-02 -2.7987700738e+00 -9.1866974545e+00 6.3088278380e-02 2.6759643722e-02 -2.8043685257e+00 -9.3443844965e+00 6.3098381404e-02
-7.4974974975e-01 2.0720382195e-02 -2.8170296771e+00 -9.0543092545e+00 6.3135393404e-02 2.1126658079e-02 -2.8229380127e+00 -9.2061655589e+00 6.3146321842e-02
-7.4774774775e-01 1.5062627698e-02 -2.8350222186e+00 -8.9199045320e+00 6.3171217838e-02 1.5456774747e-02 -2.8412285850e+00 -9.0657521688e+00 6.3182948004e-02
-7.4574574575e-01 9.3691227865e-03 -2.8527436722e+00 -8.7834941969e+00 6.3195679569e-02 9.7505564963e-03 -2.8592358703e+00 -8.9231654368e+00 6.3208186582e-02
-7.4374374374e-01 3.6404141910e-03 -2.8701900337e+00 -8.6450895565e+00 6.3208707572e-02 4.0085748105e-03 -2.8769555392e+00 -8.7784269858e+00 6.3221965405e-02
-7.4174174174e-01 -2.1229433652e-03 -2.8873573223e+00 -8.5047023154e+00 6.3210231922e-02 -1.7685902049e-03 -2.8943833060e+00 -8.6315589393e+00 6.3224213452e-02
-7.3973973974e-01 -7.9203872124e-03 -2.9042415808e+00 -8.3623445748e+00 6.3200183814e-02 -7.5803499085e-03 -2.9115149297e+00 -8.4825839088e+00 6.3214860876e-02
-7.3773773774e-01 -1.3751346783e-02 -2.9208388768e+00 -8.2180288326e+00 6.3178495579e-02 -1.3426107214e-02 -2.9283462153e+00 -8.3315249816e+00 6.3193839013e-02
-7.3573573574e-01 -1.9615243662e-02 -2.9371453031e+00 -8.0717679829e+00 6.3145100695e-02 -1.9305256684e-02 -2.9448730141e+00 -8.1784057077e+00 6.3161080405e-02
-7.3373373373e-01 -2.5511491640e-02 -2.9531569790e+00 -7.9235753152e+00 6.3099933807e-02 -2.5217184622e-02 -2.9610912255e+00 -8.0232500875e+00 6.3116518814e-02
-7.3173173173e-01 -3.1439496761e-02 -2.9688700504e+00 -7.7734645145e+00 6.3042930742e-02 -3.1161269171e-02 -2.9769967970e+00 -7.8660825582e+00 6.3060089237e-02
-7.2972972973e-01 -3.7398657386e-02 -2.9842806913e+00 -7.6214496601e+00 6.2974028524e-02 -3.7136880410e-02 -2.9925857255e+00 -7.7069279811e+00 6.2991727928e-02
-7.2772772773e-01 -4.3388364241e-02 -2.9993851043e+00 -7.4675452251e+00 6.2893165388e-02 -4.3143380453e-02 -3.0078540583e+00 -7.5458116285e+00 6.2911372406e-02
-7.2572572573e-01 -4.9408000482e-02 -3.0141795213e+00 -7.3117660754e+00 6.2800280796e-02 -4.9180123553e-02 -3.0227978935e+00 -7.3827591697e+00 6.2818961478e-02
-7.2372372372e-01 -5.5456941747e-02 -3.0286602041e+00 -7.1541274693e+00 6.2695315455e-02 -5.5246456203e-02 -3.0374133809e+00 -7.2177966582e+00 6.2714435248e-02
-7.2172172172e-01 -6.1534556226e-02 -3.0428234458e+00 -6.9946450560e+00 6.2578211326e-02 -6.1341717239e-02 -3.0516967232e+00 -7.0509505181e+00 6.2597735141e-02
-7.1971971972e-01 -6.7640204715e-02 -3.0566655712e+00 -6.8333348749e+00 6.2448911646e-02 -6.7465237950e-02 -3.0656441759e+00 -6.8822475302e+00 6.2468803908e-02
-7.1771771772e-01 -7.3773240688e-02 -3.0701829373e+00 -6.6702133543e+00 6.2307360935e-02 -7.3616342180e-02 -3.0792520488e+00 -6.7117148187e+00 6.2327585650e-02
-7.1571571572e-01 -7.9933010357e-02 -3.0833719346e+00 -6.5052973104e+00 6.2153505018e-02 -7.9794346442e-02 -3.0925167062e+00 -6.5393798377e+00 6.2174025828e-02
-7.1371371371e-01 -8.6118852741e-02 -3.0962289877e+00 -6.3386039457e+00 6.1987291035e-02 -8.5998560024e-02 -3.1054345677e+00 -6.3652703572e+00 6.2008071277e-02
-7.1171171171e-01 -9.2330099739e-02 -3.1087505558e+00 -6.1701508479e+00 6.1808667455e-02 -9.2228285103e-02 -3.1180021087e+00 -6.1894144498e+00 6.1829670224e-02
-7.0970970971e-01 -9.8566076194e-02 -3.1209331340e+00 -5.9999559883e+00 6.1617584093e-02 -9.8482816856e-02 -3.1302158614e+00 -6.0118404768e+00 6.1638772300e-02
-7.0770770771e-01 -1.0482609997e-01 -3.1327732535e+00 -5.8280377206e+00 6.1413992123e-02 -1.0476144357e-01 -3.1420724147e+00 -5.8325770752e+00 6.1435328552e-02
-7.0570570571e-01 -1.1110948202e-01 -3.1442674828e+00 -5.6544147787e+00 6.1197844091e-02 -1.1106344677e-01 -3.1535684152e+00 -5.6516531434e+00 6.1219291460e-02
-7.0370370370e-01 -1.1741552647e-01 -3.1554124281e+00 -5.4791062754e+00 6.0969093929e-02 -1.1738810132e-01 -3.1647005678e+00 -5.4690978285e+00 6.0990614950e-02
-7.0170170170e-01 -1.2374353069e-01 -3.1662047344e+00 -5.3021317007e+00 6.0727696969e-02 -1.2373467555e-01 -3.1754656357e+00 -5.2849405126e+00 6.0749254405e-02
-6.9969969970e-01 -1.3009278536e-01 -3.1766410861e+00 -5.1235109196e+00 6.0473609957e-02 -1.3010243136e-01 -3.1858604414e+00 -5.0992107994e+00 6.0495166678e-02
-6.9769769770e-01 -1.3646257459e-01 -3.1867182076e+00 -4.9432641706e+00 6.0206791065e-02 -1.3649062434e-01 -3.1958818668e+00 -4.9119385015e+00 6.0228310110e-02
-6.9569569570e-01 -1.4285217594e-01 -3.1964328643e+00 -4.7614120631e+00 5.9927199905e-02 -1.4289850393e-01 -3.2055268535e+00 -4.7231536270e+00 5.9948644534e-02
-6.9369369369e-01 -1.4926086056e-01 -3.2057818632e+00 -4.5779755760e+00 5.9634797542e-02 -1.4932531349e-01 -3.2147924036e+00 -4.5328863669e+00 5.9656131295e-02
-6.9169169169e-01 -1.5568789324e-01 -3.2147620538e+00 -4.3929760549e+00 5.9329546506e-02 -1.5577029042e-01 -3.2236755796e+00 -4.3411670821e+00 5.9350733257e-02
-6.8968968969e-01 -1.6213253250e-01 -3.2233703284e+00 -4.2064352102e+00 5.9011410805e-02 -1.6223266632e-01 -3.2321735053e+00 -4.1480262912e+00 5.9032414818e-02
-6.8768768769e-01 -1.6859403070e-01 -3.2316036233e+00 -4.0183751145e+00 5.8680355939e-02 -1.6871166710e-01 -3.2402833654e+00 -3.9534946579e+00 5.8701141917e-02
-6.8568568569e-01 -1.7507163410e-01 -3.2394589195e+00 -3.8288182004e+00 5.8336348910e-02 -1.7520651308e-01 -3.2480024061e+00 -3.7576029789e+00 5.8356882053e-02
-6.8368368368e-01 -1.8156458295e-01 -3.2469332431e+00 -3.6377872579e+00 5.7979358234e-02 -1.8171641914e-01 -3.2553279358e+00 -3.5603821720e+00 5.7999604287e-02
-6.8168168168e-01 -1.8807211161e-01 -3.2540236660e+00 -3.4453054318e+00 5.7609353956e-02 -1.8824059481e-01 -3.2622573243e+00 -3.3618632643e+00 5.7629279260e-02
-6.7967967968e-01 -1.9459344862e-01 -3.2607273073e+00 -3.2513962190e+00 5.7226307657e-02 -1.9477824445e-01 -3.2687880042e+00 -3.1620773808e+00 5.7245879200e-02
-6.7767767768e-01 -2.0112781680e-01 -3.2670413329e+00 -3.0560834659e+00 5.6830192472e-02 -2.0132856733e-01 -3.2749174702e+00 -2.9610557332e+00 5.6849377932e-02
-6.7567567568e-01 -2.0767443334e-01 -3.2729629572e+00 -2.8593913652e+00 5.6420983093e-02 -2.0789075774e-01 -3.2806432795e+00 -2.7588296086e+00 5.6439750891e-02
-6.7367367367e-01 -2.1423250989e-01 -3.2784894432e+00 -2.6613444534e+00 5.5998655788e-02 -2.1446400519e-01 -3.2859630521e+00 -2.5554303592e+00 5.6016975127e-02
-6.7167167167e-01 -2.2080125271e-01 -3.2836181035e+00 -2.4619676077e+00 5.5563188408e-02 -2.2104749445e-01 -3.2908744709e+00 -2.3508893916e+00 5.5581029320e-02
-6.6966966967e-01 -2.2737986269e-01 -3.2883463007e+00 -2.2612860427e+00 5.5114560398e-02 -2.2764040573e-01 -3.2953752817e+00 -2.1452381567e+00 5.5131893786e-02
-6.6766766767e-01 -2.3396753549e-01 -3.2926714483e+00 -2.0593253077e+00 5.4652752807e-02 -2.3424191480e-01 -3.2994632932e+00 -1.9385081400e+00 5.4669550487e-02
-6.6566566567e-01 -2.4056346169e-01 -3.2965910111e+00 -1.8561112827e+00 5.4177748303e-02 -2.4085119307e-01 -3.3031363772e+00 -1.7307308518e+00 5.4193983037e-02
-6.6366366366e-01 -2.4716682678e-01 -3.3001025064e+00 -1.6516701762e+00 5.3689531175e-02 -2.4746740780e-01 -3.3063924686e+00 -1.5219378182e+00 5.3705176716e-02
-6.6166166166e-01 -2.5377681140e-01 -3.3032035039e+00 -1.4460285207e+00 5.3188087350e-02 -2.5408972215e-01 -3.3092295655e+00 -1.3121605720e+00 5.3203118475e-02
-6.5965965966e-01 -2.6039259131e-01 -3.3058916271e+00 -1.2392131699e+00 5.2673404401e-02 -2.6071729533e-01 -3.3116457290e+00 -1.1014306445e+00 5.2687796942e-02
-6.5765765766e-01 -2.6701333763e-01 -3.3081645533e+00 -1.0312512951e+00 5.2145471554e-02 -2.6734928275e-01 -3.3136390835e+00 -8.8977955685e-01 5.2159202434e-02
-6.5565565566e-01 -2.7363821684e-01 -3.3100200147e+00 -8.2217038138e-01 5.1604279700e-02 -2.7398483612e-01 -3.3152078163e+00 -6.7723881246e-01 5.1617326964e-02
-6.5365365365e-01 -2.8026639096e-01 -3.3114557986e+00 -6.1199822389e-01 5.1049821403e-02 -2.8062310359e-01 -3.3163501777e+00 -4.6383988935e-01 5.1062164242e-02
-6.5165165165e-01 -2.8689701761e-01 -3.3124697485e+00 -4.0076292434e-01 5.0482090909e-02 -2.8726322985e-01 -3.3170644813e+00 -2.4961423307e-01 5.0493709693e-02
-6.4964964965e-01 -2.9352925019e-01 -3.3130597644e+00 -1.8849288693e-01 4.9901084154e-02 -2.9390435631e-01 -3.3173491034e+00 -3.4593249834e-02 4.9911960452e-02
-6.4764764765e-01 -3.0016223790e-01 -3.3132238034e+00 2.4783185489e-02 4.9306798774e-02 -3.0054562116e-01 -3.3172024830e+00 1.8119169986e-01 4.9316915381e-02
-6.4564564565e-01 -3.0679512597e-01 -3.3129598804e+00 2.3903629542e-01 4.8699234113e-02 -3.0718615955e-01 -3.3166231222e+00 3.9770930732e-01 4.8708575066e-02
-6.4364364364e-01 -3.1342705565e-01 -3.3122660687e+00 4.5423715481e-01 4.8078391228e-02 -3.1382510368e-01 -3.3156095853e+00 6.1492832131e-01 4.8086941832e-02
-6.4164164164e-01 -3.2005716444e-01 -3.3111405003e+00 6.7035618917e-01 4.7444272902e-02 -3.2046158295e-01 -3.3141604994e+00 8.3281755338e-01 4.7452019740e-02
-6.3963963964e-01 -3.2668458614e-01 -3.3095813670e+00 8.8736354180e-01 4.6796883645e-02 -3.2709472406e-01 -3.3122745540e+00 1.0513458828e+00 4.6803814598e-02
-6.3763763764e-01 -3.3330845098e-01 -3.3075869204e+00 1.1052290781e+00 4.6136229707e-02 -3.3372365116e-01 -3.3099505005e+00 1.2704822609e+00 4.6142333967e-02
-6.3563563564e-01 -3.3992788578e-01 -3.3051554729e+00 1.3239223899e+00 4.5462319083e-02 -3.4034748596e-01 -3.3071871528e+00 1.4901957158e+00 4.5467587161e-02
-6.3363363363e-01 -3.4654201402e-01 -3.3022853979e+00 1.5434127999e+00 4.4775161517e-02 -3.4696534785e-01 -3.3039833864e+00 1.7104553554e+00 4.4779585256e-02
-6.3163163163e-01 -3.5314995598e-01 -3.2989751306e+00 1.7636693661e+00 4.4074768515e-02 -3.5357635405e-01 -3.3003381388e+00 1.9312303714e+00 4.4078341094e-02
-6.2962962963e-01 -3.5975082889e-01 -3.2952231683e+00 1.9846608866e+00 4.3361153342e-02 -3.6017961969e-01 -3.2962504089e+00 2.1524900420e+00 4.3363869284e-02
-6.2762762763e-01 -3.6634374702e-01 -3.2910280710e+00 2.2063559040e+00 4.2634331039e-02 -3.6677425797e-01 -3.2917192571e+00 2.3742037346e+00 4.2636186212e-02
-6.2562562563e-01 -3.7292782183e-01 -3.2863884621e+00 2.4287227102e+00 4.1894318418e-02 -3.7335938027e-01 -3.2867438050e+00 2.5963409081e+00 4.1895310037e-02
-6.2362362362e-01 -3.7950216207e-01 -3.2813030286e+00 2.6517293512e+00 4.1141134076e-02 -3.7993409628e-01 -3.2813232354e+00 2.8188711148e+00 4.1141260703e-02
-6.2162162162e-01 -3.8606587394e-01 -3.2757705216e+00 2.8753436319e+00 4.0374798395e-02 -3.8649751410e-01 -3.2754567918e+00 3.0417640019e+00 4.0374059934e-02
-6.1961961962e-01 -3.9261806121e-01 -3.2697897573e+00 3.0995331211e+00 3.9595333550e-02 -3.9304874038e-01 -3.2691437783e+00 3.2649893123e+00 3.9593731244e-02
-6.1761761762e-01 -3.9915782534e-01 -3.2633596165e+00 3.3242651562e+00 3.8802763512e-02 -3.9958688044e-01 -3.2623835598e+00 3.4885168862e+00 3.8800299937e-02
-6.1561561562e-01 -4.0568426560e-01 -3.2564790462e+00 3.5495068487e+00 3.7997114052e-02 -4.0611103839e-01 -3.2551755611e+00 3.7123166606e+00 3.7993793106e-02
-6.1361361361e-01 -4.1219647923e-01 -3.2491470589e+00 3.7752250890e+00 3.7178412750e-02 -4.1262031726e-01 -3.2475192674e+00 3.9363586698e+00 3.7174239642e-02
-6.1161161161e-01 -4.1869356157e-01 -3.2413627340e+00 4.0013865514e+00 3.6346688990e-02 -4.1911381908e-01 -3.2394142235e+00 4.1606130455e+00 3.6341670232e-02
-6.0960960961e-01 -4.2517460616e-01 -3.2331252177e+00 4.2279576999e+00 3.5501973973e-02 -4.2559064505e-01 -3.2308600342e+00 4.3850500152e+00 3.5496117361e-02
-6.0760760761e-01 -4.3163870493e-01 -3.2244337236e+00 4.4549047930e+00 3.4644300715e-02 -4.3204989563e-01 -3.2218563636e+00 4.6096399023e+00 3.4637615314e-02
-6.0560560561e-01 -4.3808494827e-01 -3.2152875329e+00 4.6821938890e+00 3.3773704051e-02 -4.3849067069e-01 -3.2124029353e+00 4.8343531242e+00 3.3766200178e-02
-6.0360360360e-01 -4.4451242521e-01 -3.2056859950e+00 4.9097908518e+00 3.2890220640e-02 -4.4491206957e-01 -3.2024995317e+00 5.0591601908e+00 3.2881909843e-02
-6.0160160160e-01 -4.5092022357e-01 -3.1956285281e+00 5.1376613564e+00 3.1993888963e-02 -4.5131319125e-01 -3.1921459946e+00 5.2840317028e+00 3.1984784002e-02
-5.9959959960e-01 -4.5730743003e-01 -3.1851146189e+00 5.3657708937e+00 3.1084749076e-02 -4.5769313445e-01 -3.1813422242e+00 5.5089383494e+00 3.1074864151e-02
-5.9759759760e-01 -4.6367313036e-01 -3.1741438236e+00 5.5940847769e+00 3.0162842360e-02 -4.6405099776e-01 -3.1700881795e+00 5.7338509056e+00 3.0152193594e-02
-5.9559559560e-01 -4.7001640947e-01 -3.1627157679e+00 5.8225681470e+00 2.9228213808e-02 -4.7038587974e-01 -3.1583838777e+00 5.9587402300e+00 2.9216817435e-02
-5.9359359359e-01 -4.7633635161e-01 -3.1508301477e+00 6.0511859779e+00 2.8280909225e-02 -4.7669687903e-01 -3.1462293946e+00 6.1835772612e+00 2.8268782585e-02
-5.9159159159e-01 -4.8263204049e-01 -3.1384867288e+00 6.2799030830e+00 2.7320976249e-02 -4.8298309450e-01 -3.1336248639e+00 6.4083330147e+00 2.7308137761e-02
-5.8958958959e-01 -4.8890255942e-01 -3.1256853479e+00 6.5086841204e+00 2.6348464353e-02 -4.8924362533e-01 -3.1205704771e+00 6.6329785795e+00 2.6334933481e-02
-5.8758758759e-01 -4.9514699146e-01 -3.1124259125e+00 6.7374935988e+00 2.5363424844e-02 -4.9547757115e-01 -3.1070664838e+00 6.8574851143e+00 2.5349222068e-02
-5.8558558559e-01 -5.0136441954e-01 -3.0987084013e+00 6.9662958838e+00 2.4365910867e-02 -5.0168403214e-01 -3.0931131912e+00 7.0818238435e+00 2.4351057644e-02
-5.8358358358e-01 -5.0755392665e-01 -3.0845328646e+00 7.1950552035e+00 2.3355977402e-02 -5.0786210916e-01 -3.0787109640e+00 7.3059660528e+00 2.3340496136e-02
-5.8158158158e-01 -5.1371459591e-01 -3.0698994241e+00 7.4237356546e+00 2.2333681264e-02 -5.1401090386e-01 -3.0638602242e+00 7.5298830854e+00 2.2317595267e-02
-5.7957957958e-01 -5.1984551079e-01 -3.0548082740e+00 7.6523012086e+00 2.1299081105e-02 -5.2012951878e-01 -3.0485614513e+00 7.7535463367e+00 2.1282414559e-02
-5.7757757758e-01 -5.2594575520e-01 -3.0392596802e+00 7.8807157175e+00 2.0252237410e-02 -5.2621705748e-01 -3.0328151820e+00 7.9769272501e+00 2.0235015329e-02
-5.7557557558e-01 -5.3201441367e-01 -3.0232539817e+00 8.1089429205e+00 1.9193212498e-02 -5.3227262467e-01 -3.0166220101e+00 8.1999973119e+00 1.9175460689e-02
-5.7357357357e-01 -5.3805057148e-01 -3.0067915896e+00 8.3369464497e+00 1.8122070519e-02 -5.3829532629e-01 -2.9999825864e+00 8.4227280465e+00 1.8103815541e-02
-5.7157157157e-01 -5.4405331479e-01 -2.9898729883e+00 8.5646898366e+00 1.7038877456e-02 -5.4428426963e-01 -2.9828976187e+00 8.6450910110e+00 1.7020146575e-02
-5.6956956957e-01 -5.5002173082e-01 -2.9724987352e+00 8.7921365184e+00 1.5943701118e-02 -5.5023856348e-01 -2.9653678718e+00 8.8670577900e+00 1.5924522269e-02
-5.6756756757e-01 -5.5595490798e-01 -2.9546694609e+00 9.0192498441e+00 1.4836611140e-02 -5.5615731820e-01 -2.9473941671e+00 9.0885999902e+00 1.4817012881e-02
-5.6556556557e-01 -5.6185193599e-01 -2.9363858697e+00 9.2459930811e+00 1.3717678983e-02 -5.6203964585e-01 -2.9289773833e+00 9.3096892355e+00 1.3697690449e-02
-5.6356356356e-01 -5.6771190609e-01 -2.9176487392e+00 9.4723294213e+00 1.2586977927e-02 -5.6788466031e-01 -2.9101184554e+00 9.5302971605e+00 1.2566628789e-02
-5.6156156156e-01 -5.7353391113e-01 -2.8984589209e+00 9.6982219880e+00 1.1444583070e-02 -5.7369147740e-01 -2.8908183754e+00 9.7503954060e+00 1.1423903486e-02
-5.5955955956e-01 -5.7931704574e-01 -2.8788173403e+00 9.9236338419e+00 1.0290571325e-02 -5.7945921496e-01 -2.8710781922e+00 9.9699556128e+00 1.0269591895e-02
-5.5755755756e-01 -5.8506040648e-01 -2.8587249967e+00 1.0148527988e+01 9.1250214161e-03 -5.8518699301e-01 -2.8508990112e+00 1.0188949416e+01 9.1037731354e-03
-5.5555555556e-01 -5.9076309198e-01 -2.8381829638e+00 1.0372867381e+01 7.9480138719e-03 -5.9087393383e-01 -2.8302819948e+00 1.0407348440e+01 7.9265280843e-03
-5.5355355355e-01 -5.9642420310e-01 -2.8171923892e+00 1.0596614935e+01 6.7596310251e-03 -5.9651916208e-01 -2.8092283622e+00 1.0625124293e+01 6.7379393747e-03
-5.5155155155e-01 -6.0204284307e-01 -2.7957544949e+00 1.0819733525e+01 5.5599570057e-03 -6.0212180492e-01 -2.7877393894e+00 1.0842248560e+01 5.5380913896e-03
-5.4954954955e-01 -6.0761811764e-01 -2.7738705773e+00 1.1042185999e+01 4.3490777365e-03 -6.0768099213e-01 -2.7658164094e+00 1.1058692799e+01 4.3270702564e-03
-5.4754754755e-01 -6.1314913523e-01 -2.7515420073e+00 1.1263935180e+01 3.1270809278e-03 -6.1319585620e-01 -2.7434608120e+00 1.1274428534e+01 3.1049638423e-03
-5.4554554555e-01 -6.1863500709e-01 -2.7287702299e+00 1.1484943877e+01 1.8940560723e-03 -6.1866553247e-01 -2.7206740442e+00 1.1489427252e+01 1.8718617484e-03
-5.4354354354e-01 -6.2407484741e-01 -2.7055567650e+00 1.1705174887e+01 6.5009443874e-04 -6.2408915924e-01 -2.6974576102e+00 1.1703660395e+01 6.2785530364e-04
-5.4154154154e-01 -6.2946777352e-01 -2.6819032066e+00 1.1924591007e+01 -6.0471093366e-04 -6.2946587785e-01 -2.6738130711e+00 1.1917099355e+01 -6.2696244060e-04
-5.3953953954e-01 -6.3481290601e-01 -2.6578112235e+00 1.2143155036e+01 -1.8702652419e-03 -6.3479483287e-01 -2.6497420458e+00 1.2129715473e+01 -1.8924967173e-03
-5.3753753754e-01 -6.4010936888e-01 -2.6332825587e+00 1.2360829785e+01 -3.1464719258e-03 -6.4007517212e-01 -2.6252462101e+00 1.2341480028e+01 -3.1686510501e-03
-5.3553553554e-01 -6.4535628971e-01 -2.6083190298e+00 1.2577578081e+01 -4.4332326751e-03 -6.4530604687e-01 -2.6003272978e+00 1.2552364235e+01 -4.4553272599e-03
-5.3353353353e-01 -6.5055279978e-01 -2.5829225287e+00 1.2793362777e+01 -5.7304474363e-03 -6.5048661189e-01 -2.5749871002e+00 1.2762339244e+01 -5.7524254721e-03
-5.3153153153e-01 -6.5569803423e-01 -2.5570950218e+00 1.3008146757e+01 -7.0380144211e-03 -6.5561602562e-01 -2.5492274664e+00 1.2971376129e+01 -7.0598441234e-03
-5.2952952953e-01 -6.6079113222e-01 -2.5308385496e+00 1.3221892943e+01 -8.3558301132e-03 -6.6069345024e-01 -2.5230503036e+00 1.3179445886e+01 -8.3774799696e-03
-5.2752752753e-01 -6.6583123707e-01 -2.5041552268e+00 1.3434564301e+01 -9.6837892774e-03 -6.6571805182e-01 -2.4964575771e+00 1.3386519433e+01 -9.7052280929e-03
-5.2552552553e-01 -6.7081749639e-01 -2.4770472423e+00 1.3646123851e+01 -1.1021784968e-02 -6.7068900041e-01 -2.4694513105e+00 1.3592567601e+01 -1.1042981910e-02
-5.2352352352e-01 -6.7574906226e-01 -2.4495168588e+00 1.3856534671e+01 -1.2369708536e-02 -6.7560547017e-01 -2.4420335858e+00 1.3797561133e+01 -1.2390633180e-02
-5.2152152152e-01 -6.8062509137e-01 -2.4215664131e+00 1.4065759904e+01 -1.3727449641e-02 -6.8046663951e-01 -2.4142065438e+00 1.4001470678e+01 -1.3748072014e-02
-5.1951951952e-01 -6.8544474516e-01 -2.3931983156e+00 1.4273762766e+01 -1.5094896258e-02 -6.8527169116e-01 -2.3859723842e+00 1.4204266792e+01 -1.5115186880e-02
-5.1751751752e-01 -6.9020718995e-01 -2.3644150501e+00 1.4480506554e+01 -1.6471934689e-02 -6.9001981231e-01 -2.3573333655e+00 1.4405919933e+01 -1.6491864617e-02
-5.1551551552e-01 -6.9491159714e-01 -2.3352191740e+00 1.4685954649e+01 -1.7858449572e-02 -6.9471019476e-01 -2.3282918056e+00 1.4606400456e+01 -1.7877990440e-02
-5.1351351351e-01 -6.9955714328e-01 -2.3056133179e+00 1.4890070527e+01 -1.9254323889e-02 -6.9934203498e-01 -2.2988500819e+00 1.4805678617e+01 -1.9273447951e-02
-5.1151151151e-01 -7.0414301030e-01 -2.2756001854e+00 1.5092817766e+01 -2.0659438982e-02 -7.0391453428e-01 -2.2690106314e+00 1.5003724565e+01 -2.0678119148e-02
-5.0950950951e-01 -7.0866838560e-01 -2.2451825527e+00 1.5294160049e+01 -2.2073674559e-02 -7.0842689888e-01 -2.2387759510e+00 1.5200508341e+01 -2.2091884435e-02
-5.0750750751e-01 -7.1313246220e-01 -2.2143632690e+00 1.5494061173e+01 -2.3496908707e-02 -7.1287834010e-01 -2.2081485975e+00 1.5395999882e+01 -2.3514622632e-02
-5.0550550551e-01 -7.1753443890e-01 -2.1831452556e+00 1.5692485060e+01 -2.4929017903e-02 -7.1726807441e-01 -2.1771311883e+00 1.5590169012e+01 -2.4946210984e-02
-5.0350350350e-01 -7.2187352045e-01 -2.1515315058e+00 1.5889395757e+01 -2.6369877027e-02 -7.2159532359e-01 -2.1457264011e+00 1.5782985450e+01 -2.6386525175e-02
-5.0150150150e-01 -7.2614891762e-01 -2.1195250850e+00 1.6084757446e+01 -2.7819359371e-02 -7.2585931483e-01 -2.1139369743e+00 1.5974418802e+01 -2.7835439335e-02
-4.9949949950e-01 -7.3035984743e-01 -2.0871291301e+00 1.6278534454e+01 -2.9277336656e-02 -7.3005928088e-01 -2.0817657076e+00 1.6164438565e+01 -2.9292826052e-02
-4.9749749750e-01 -7.3450553321e-01 -2.0543468491e+00 1.6470691256e+01 -3.0743679038e-02 -7.3419446015e-01 -2.0492154614e+00 1.6353014128e+01 -3.0758556384e-02
-4.9549549550e-01 -7.3858520481e-01 -2.0211815212e+00 1.6661192481e+01 -3.2218255128e-02 -7.3826409683e-01 -2.0162891578e+00 1.6540114769e+01 -3.2232499871e-02
-4.9349349349e-01 -7.4259809872e-01 -1.9876364960e+00 1.6850002924e+01 -3.3700932001e-02 -7.4226744104e-01 -1.9829897804e+00 1.6725709662e+01 -3.3714524544e-02
-4.9149149149e-01 -7.4654345820e-01 -1.9537151937e+00 1.7037087549e+01 -3.5191575209e-02 -7.4620374892e-01 -1.9493203748e+00 1.6909767872e+01 -3.5204496941e-02
-4.8948948949e-01 -7.5042053341e-01 -1.9194211042e+00 1.7222411496e+01 -3.6690048796e-02 -7.5007228277e-01 -1.9152840484e+00 1.7092258362e+01 -3.6702282115e-02
-4.8748748749e-01 -7.5422858159e-01 -1.8847577872e+00 1.7405940090e+01 -3.8196215313e-02 -7.5387231117e-01 -1.8808839708e+00 1.7273149994e+01 -3.8207743648e-02
-4.8548548549e-01 -7.5796686716e-01 -1.8497288715e+00 1.7587638846e+01 -3.9709935832e-02 -7.5760310913e-01 -1.8461233744e+00 1.7452411528e+01 -3.9720743667e-02
-4.8348348348e-01 -7.6163466188e-01 -1.8143380549e+00 1.7767473476e+01 -4.1231069957e-02 -7.6126395817e-01 -1.8110055539e+00 1.7630011633e+01 -4.1241142851e-02
-4.8148148148e-01 -7.6523124500e-01 -1.7785891033e+00 1.7945409898e+01 -4.2759475843e-02 -7.6485414647e-01 -1.7755338670e+00 1.7805918881e+01 -4.2768800449e-02
-4.7947947948e-01 -7.6875590334e-01 -1.7424858511e+00 1.8121414240e+01 -4.4295010210e-02 -7.6837296901e-01 -1.7397117342e+00 1.7980101760e+01 -4.4303574291e-02
-4.7747747748e-01 -7.7220793149e-01 -1.7060322000e+00 1.8295452847e+01 -4.5837528357e-02 -7.7181972768e-01 -1.7035426393e+00 1.8152528670e+01 -4.5845320803e-02
-4.7547547548e-01 -7.7558663191e-01 -1.6692321188e+00 1.8467492292e+01 -4.7386884180e-02 -7.7519373139e-01 -1.6670301296e+00 1.8323167935e+01 -4.7393895019e-02
-4.7347347347e-01 -7.7889131508e-01 -1.6320896432e+00 1.8637499376e+01 -4.8942930185e-02 -7.7849429623e-01 -1.6301778157e+00 1.8491987804e+01 -4.8949150599e-02
-4.7147147147e-01 -7.8212129962e-01 -1.5946088749e+00 1.8805441141e+01 -5.0505517506e-02 -7.8172074558e-01 -1.5929893718e+00 1.8658956456e+01 -5.0510939839e-02
-4.6946946947e-01 -7.8527591243e-01 -1.5567939816e+00 1.8971284873e+01 -5.2074495923e-02 -7.8487241024e-01 -1.5554685360e+00 1.8824042011e+01 -5.2079113688e-02
-4.6746746747e-01 -7.8835448881e-01 -1.5186491961e+00 1.9134998109e+01 -5.3649713875e-02 -7.8794862854e-01 -1.5176191102e+00 1.8987212528e+01 -5.3653521764e-02
-4.6546546547e-01 -7.9135637261e-01 -1.4801788158e+00 1.9296548645e+01 -5.5231018478e-02 -7.9094874653e-01 -1.4794449603e+00 1.9148436020e+01 -5.5234012367e-02
-4.6346346346e-01 -7.9428091634e-01 -1.4413872026e+00 1.9455904543e+01 -5.6818255545e-02 -7.9387211801e-01 -1.4409500164e+00 1.9307680457e+01 -5.6820432496e-02
-4.6146146146e-01 -7.9712748132e-01 -1.4022787818e+00 1.9613034135e+01 -5.8411269601e-02 -7.9671810475e-01 -1.4021382726e+00 1.9464913775e+01 -5.8412627864e-02
-4.5945945946e-01 -7.9989543778e-01 -1.3628580421e+00 1.9767906033e+01 -6.0009903902e-02 -7.9948607656e-01 -1.3630137872e+00 1.9620103880e+01 -6.0010442915e-02
-4.5745745746e-01 -8.0258416499e-01 -1.3231295343e+00 1.9920489131e+01 -6.1614000449e-02 -8.0217541146e-01 -1.3235806830e+00 1.9773218664e+01 -6.1613720839e-02
-4.5545545546e-01 -8.0519305142e-01 -1.2830978718e+00 2.0070752616e+01 -6.3223400014e-02 -8.0478549576e-01 -1.2838431469e+00 1.9924226007e+01 -6.3222303588e-02
-4.5345345345e-01 -8.0772149482e-01 -1.2427677288e+00 2.0218665973e+01 -6.4837942150e-02 -8.0731572424e-01 -1.2438054301e+00 2.0073093788e+01 -6.4836031895e-02
-4.5145145145e-01 -8.1016890236e-01 -1.2021438408e+00 2.0364198990e+01 -6.6457465217e-02 -8.0976550024e-01 -1.2034718482e+00 2.0219789896e+01 -6.6454745291e-02
-4.4944944945e-01 -8.1253469074e-01 -1.1612310030e+00 2.0507321766e+01 -6.8081806395e-02 -8.1213423582e-01 -1.1628467810e+00 2.0364282238e+01 -6.8078282120e-02
-4.4744744745e-01 -8.1481828635e-01 -1.1200340705e+00 2.0648004716e+01 -6.9710801707e-02 -8.1442135185e-01 -1.1219346726e+00 2.0506538750e+01 -6.9706479556e-02
-4.4544544545e-01 -8.1701912534e-01 -1.0785579571e+00 2.0786218580e+01 -7.1344286039e-02 -8.1662627819e-01 -1.0807400312e+00 2.0646527408e+01 -7.1339173625e-02
-4.4344344344e-01 -8.1913665374e-01 -1.0368076351e+00 2.0921934426e+01 -7.2982093155e-02 -8.1874845377e-01 -1.0392674290e+00 2.0784216239e+01 -7.2976199221e-02
-4.4144144144e-01 -8.2117032763e-01 -9.9478813402e-01 2.1055123656e+01 -7.4624055723e-02 -8.2078732674e-01 -9.9752150220e-01 2.0919573329e+01 -7.4617390121e-02
-4.3943943944e-01 -8.2311961318e-01 -9.5250454061e-01 2.1185758016e+01 -7.6270005329e-02 -8.2274235460e-01 -9.5550695091e-01 2.1052566839e+01 -7.6262579011e-02
-4.3743743744e-01 -8.2498398681e-01 -9.0996199768e-01 2.1313809598e+01 -7.7919772503e-02 -8.2461300431e-01 -9.1322853878e-01 2.1183165015e+01 -7.7911597495e-02
-4.3543543544e-01 -8.2676293532e-01 -8.6716570361e-01 2.1439250850e+01 -7.9573186736e-02 -8.2639875246e-01 -8.7069109298e-01 2.1311336200e+01 -7.9564276124e-02
-4.3343343343e-01 -8.2845595593e-01 -8.2412091155e-01 2.1562054577e+01 -8.1230076503e-02 -8.2809908533e-01 -8.2789950397e-01 2.1437048846e+01 -8.1220444408e-02
-4.3143143143e-01 -8.3006255646e-01 -7.8083292877e-01 2.1682193953e+01 -8.2890269282e-02 -8.2971349909e-01 -7.8485872521e-01 2.1560271527e+01 -8.2879930840e-02
-4.2942942943e-01 -8.3158225539e-01 -7.3730711583e-01 2.1799642520e+01 -8.4553591576e-02 -8.3124149987e-01 -7.4157377297e-01 2.1680972954e+01 -8.4542562914e-02
-4.2742742743e-01 -8.3301458200e-01 -6.9354888591e-01 2.1914374199e+01 -8.6219868937e-02 -8.3268260389e-01 -6.9804972600e-01 2.1799121984e+01 -8.6208167144e-02
-4.2542542543e-01 -8.3435907645e-01 -6.4956370402e-01 2.2026363296e+01 -8.7888925983e-02 -8.3403633764e-01 -6.5429172524e-01 2.1914687637e+01 -8.7876569089e-02
-4.2342342342e-01 -8.3561528990e-01 -6.0535708620e-01 2.2135584504e+01 -8.9560586423e-02 -8.3530223793e-01 -6.1030497349e-01 2.2027639111e+01 -8.9547593365e-02
-4.2142142142e-01 -8.3678278459e-01 -5.6093459877e-01 2.2242012910e+01 -9.1234673080e-02 -8.3647985205e-01 -5.6609473501e-01 2.2137945790e+01 -9.1221063677e-02
-4.1941941942e-01 -8.3786113397e-01 -5.1630185754e-01 2.2345624003e+01 -9.2911007909e-02 -8.3756873792e-01 -5.2166633517e-01 2.2245577263e+01 -9.2896802831e-02
-4.1741741742e-01 -8.3884992277e-01 -4.7146452698e-01 2.2446393678e+01 -9.4589412026e-02 -8.3856846415e-01 -4.7702515999e-01 2.2350503339e+01 -9.4574632758e-02
-4.1541541542e-01 -8.3974874711e-01 -4.2642831938e-01 2.2544298238e+01 -9.6269705724e-02 -8.3947861021e-01 -4.3217665571e-01 2.2452694058e+01 -9.6254374539e-02
-4.1341341341e-01 -8.4055721459e-01 -3.8119899410e-01 2.2639314406e+01 -9.7951708499e-02 -8.4029876653e-01 -3.8712632831e-01 2.2552119706e+01 -9.7935848421e-02
-4.1141141141e-01 -8.4127494440e-01 -3.3578235664e-01 2.2731419325e+01 -9.9635239076e-02 -8.4102853461e-01 -3.4187974299e-01 2.2648750834e+01 -9.9618873845e-02
-4.0940940941e-01 -8.4190156739e-01 -2.9018425786e-01 2.2820590567e+01 -1.0132011543e-01 -8.4166752717e-01 -2.9644252364e-01 2.2742558269e+01 -1.0130326946e-01
-4.0740740741e-01 -8.4243672617e-01 -2.4441059307e-01 2.2906806135e+01 -1.0300615479e-01 -8.4221536824e-01 -2.5082035225e-01 2.2833513128e+01 -1.0298885317e-01
-4.0540540541e-01 -8.4288007519e-01 -1.9846730119e-01 2.2990044469e+01 -1.0469317372e-01 -8.4267169327e-01 -2.0501896834e-01 2.2921586839e+01 -1.0467544210e-01
-4.0340340340e-01 -8.4323128083e-01 -1.5236036387e-01 2.3070284454e+01 -1.0638098807e-01 -8.4303614928e-01 -1.5904416832e-01 2.3006751148e+01 -1.0636285269e-01
-4.0140140140e-01 -8.4349002151e-01 -1.0609580457e-01 2.3147505420e+01 -1.0806941304e-01 -8.4330839494e-01 -1.1290180480e-01 2.3088978144e+01 -1.0805090068e-01
-3.9939939940e-01 -8.4365598772e-01 -5.9679687681e-02 2.3221687151e+01 -1.0975826322e-01 -8.4348810068e-01 -6.6597785951e-02 2.3168240265e+01 -1.0973940113e-01
-3.9739739740e-01 -8.4372888215e-01 -1.3118117616e-02 2.3292809888e+01 -1.1144735256e-01 -8.4357494884e-01 -2.0138074730e-02 2.3244510320e+01 -1.1142816844e-01
-3.9539539540e-01 -8.4370841975e-01 3.3582762118e-02 2.3360854335e+01 -1.1313649441e-01 -8.4356863373e-01 2.6471311835e-02 2.3317761500e+01 -1.1311701643e-01
-3.9339339339e-01 -8.4359432779e-01 8.0416769852e-02 2.3425801660e+01 -1.1482550160e-01 -8.4346886176e-01 7.3224303452e-02 2.3387967398e+01 -1.1480575826e-01
-3.9139139139e-01 -8.4338634599e-01 1.2737768668e-01 2.3487633505e+01 -1.1651418642e-01 -8.4327535157e-01 1.2011477737e-01 2.3455102020e+01 -1.1649420657e-01
-3.8938938939e-01 -8.4308422651e-01 1.7445925744e-01 2.3546331987e+01 -1.1820236065e-01 -8.4298783409e-01 1.6713655922e-01 2.3519139802e+01 -1.1818217341e-01
-3.8738738739e-01 -8.4268773410e-01 2.2165519162e-01 2.3601879705e+01 -1.1988983559e-01 -8.4260605265e-01 2.1428342390e-01 2.3580055626e+01 -1.1986947033e-01
-3.8538538539e-01 -8.4219664614e-01 2.6895916437e-01 2.3654259739e+01 -1.2157642208e-01 -8.4212976311e-01 2.6154909651e-01 2.3637824837e+01 -1.2155590835e-01
-3.8338338338e-01 -8.4161075268e-01 3.1636481745e-01 2.3703455661e+01 -1.2326193053e-01 -8.4155873395e-01 3.0892725321e-01 2.3692423252e+01 -1.2324129805e-01
-3.8138138138e-01 -8.4092985655e-01 3.6386576023e-01 2.3749451536e+01 -1.2494617094e-01 -8.4089274634e-01 3.5641152227e-01 2.3743827184e+01 -1.2492544953e-01
-3.7937937938e-01 -8.4015377341e-01 4.1145557068e-01 2.3792231925e+01 -1.2662895292e-01 -8.4013159426e-01 4.0399548505e-01 2.3792013447e+01 -1.2660817247e-01
-3.7737737738e-01 -8.3928233180e-01 4.5912779634e-01 2.3831781892e+01 -1.2831008575e-01 -8.3927508459e-01 4.5167267698e-01 2.3836959380e+01 -1.2828927616e-01
-3.7537537538e-01 -8.3831537320e-01 5.0687595538e-01 2.3868087003e+01 -1.2998937835e-01 -8.3832303718e-01 4.9943658869e-01 2.3878642856e+01 -1.2996856951e-01
-3.7337337337e-01 -8.3725275211e-01 5.5469353757e-01 2.3901133338e+01 -1.3166663934e-01 -8.3727528499e-01 5.4728066703e-01 2.3917042299e+01 -1.3164586109e-01
-3.7137137137e-01 -8.3609433609e-01 6.0257400531e-01 2.3930907485e+01 -1.3334167709e-01 -8.3613167410e-01 5.9519831624e-01 2.3952136697e+01 -1.3332095913e-01
-3.6936936937e-01 -8.3484000580e-01 6.5051079470e-01 2.3957396552e+01 -1.3501429968e-01 -8.3489206388e-01 6.4318289905e-01 2.3983905618e+01 -1.3499367159e-01
-3.6736736737e-01 -8.3348965507e-01 6.9849731652e-01 2.3980588165e+01 -1.3668431499e-01 -8.3355632699e-01 6.9122773791e-01 2.4012329223e+01 -1.3666380615e-01
-3.6536536537e-01 -8.3204319097e-01 7.4652695731e-01 2.4000470474e+01 -1.3835153069e-01 -8.3212434952e-01 7.3932611611e-01 2.4037388278e+01 -1.3833117024e-01
-3.6336336336e-01 -8.3050053380e-01 7.9459308041e-01 2.4017032158e+01 -1.4001575427e-01 -8.3059603104e-01 7.8747127910e-01 2.4059064171e+01 -1.3999557109e-01
-3.6136136136e-01 -8.2886161719e-01 8.4268902705e-01 2.4030262422e+01 -1.4167679310e-01 -8.2897128467e-01 8.3565643567e-01 2.4077338923e+01 -1.4165681572e-01
-3.5935935936e-01 -8.2712638812e-01 8.9080811734e-01 2.4040151009e+01 -1.4333445441e-01 -8.2725003719e-01 8.8387475928e-01 2.4092195203e+01 -1.4331471103e-01
-3.5735735736e-01 -8.2529480695e-01 9.3894365143e-01 2.4046688195e+01 -1.4498854533e-01 -8.2543222904e-01 9.3211938933e-01 2.4103616338e+01 -1.4496906375e-01
-3.5535535536e-01 -8.2336684749e-01 9.8708891051e-01 2.4049864798e+01 -1.4663887294e-01 -8.2351781447e-01 9.8038343252e-01 2.4111586326e+01 -1.4661968051e-01
-3.5335335335e-01 -8.2134249701e-01 1.0352371580e+00 2.4049672176e+01 -1.4828524428e-01 -8.2150676152e-01 1.0286599642e+00 2.4116089851e+01 -1.4826636788e-01
-3.5135135135e-01 -8.1922175628e-01 1.0833816404e+00 2.4046102236e+01 -1.4992746638e-01 -8.1939905216e-01 1.0769420298e+00 2.4117112293e+01 -1.4990893237e-01
-3.4934934935e-01 -8.1700463961e-01 1.1315155887e+00 2.4039147428e+01 -1.5156534626e-01 -8.1719468229e-01 1.1252226461e+00 2.4114639738e+01 -1.5154718046e-01
-3.4734734735e-01 -8.1469117488e-01 1.1796322194e+00 2.4028800758e+01 -1.5319869102e-01 -8.1489366182e-01 1.1734948027e+00 2.4108658992e+01 -1.5318091865e-01
-3.4534534535e-01 -8.1228140357e-01 1.2277247354e+00 2.4015055780e+01 -1.5482730780e-01 -8.1249601474e-01 1.2217514637e+00 2.4099157590e+01 -1.5480995347e-01
-3.4334334334e-01 -8.0977538076e-01 1.2757863272e+00 2.3997906606e+01 -1.5645100386e-01 -8.1000177912e-01 1.2699855689e+00 2.4086123807e+01 -1.5643409149e-01
-3.4134134134e-01 -8.0717317520e-01 1.3238101742e+00 2.3977347907e+01 -1.5806958655e-01 -8.0741100721e-01 1.3181900353e+00 2.4069546668e+01 -1.5805313941e-01
-3.3933933934e-01 -8.0447486927e-01 1.3717894457e+00 2.3953374912e+01 -1.5968286341e-01 -8.0472376546e-01 1.3663577587e+00 2.4049415958e+01 -1.5966690402e-01
-3.3733733734e-01 -8.0168055908e-01 1.4197173020e+00 2.3925983413e+01 -1.6129064214e-01 -8.0194013455e-01 1.4144816153e+00 2.4025722230e+01 -1.6127519227e-01
-3.3533533534e-01 -7.9879035439e-01 1.4675868954e+00 2.3895169765e+01 -1.6289273064e-01 -7.9906020945e-01 1.4625544632e+00 2.3998456818e+01 -1.6287781127e-01
-3.3333333333e-01 -7.9580437872e-01 1.5153913716e+00 2.3860930889e+01 -1.6448893706e-01 -7.9608409944e-01 1.5105691437e+00 2.3967611839e+01 -1.6447456836e-01
-3.3133133133e-01 -7.9272276930e-01 1.5631238707e+00 2.3823264277e+01 -1.6607906980e-01 -7.9301192815e-01 1.5585184834e+00 2.3933180206e+01 -1.6606527109e-01
-3.2932932933e-01 -7.8954567710e-01 1.6107775284e+00 2.3782167985e+01 -1.6766293754e-01 -7.8984383359e-01 1.6063952954e+00 2.3895155635e+01 -1.6764972728e-01
-3.2732732733e-01 -7.8627326683e-01 1.6583454769e+00 2.3737640645e+01 -1.6924034930e-01 -7.8657996816e-01 1.6541923809e+00 2.3853532650e+01 -1.6922774505e-01
-3.2532532533e-01 -7.8290571695e-01 1.7058208464e+00 2.3689681459e+01 -1.7081111442e-01 -7.8322049869e-01 1.7019025312e+00 2.3808306592e+01 -1.7079913282e-01
-3.2332332332e-01 -7.7944321970e-01 1.7531967660e+00 2.3638290203e+01 -1.7237504263e-01 -7.7976560644e-01 1.7495185288e+00 2.3759473625e+01 -1.7236369938e-01
-3.2132132132e-01 -7.7588598103e-01 1.8004663649e+00 2.3583467228e+01 -1.7393194404e-01 -7.7621548715e-01 1.7970331496e+00 2.3707030739e+01 -1.7392125388e-01
-3.1931931932e-01 -7.7223422070e-01 1.8476227737e+00 2.3525213462e+01 -1.7548162921e-01 -7.7257035099e-01 1.8444391643e+00 2.3650975759e+01 -1.7547160589e-01
-3.1731731732e-01 -7.6848817217e-01 1.8946591253e+00 2.3463530409e+01 -1.7702390912e-01 -7.6883042265e-01 1.8917293399e+00 2.3591307350e+01 -1.7701456540e-01
-3.1531531532e-01 -7.6464808267e-01 1.9415685563e+00 2.3398420152e+01 -1.7855859527e-01 -7.6499594127e-01 1.9388964417e+00 2.3528025017e+01 -1.7854994288e-01
-3.1331331331e-01 -7.6071421317e-01 1.9883442079e+00 2.3329885353e+01 -1.8008549964e-01 -7.6106716050e-01 1.9859332348e+00 2.3461129114e+01 -1.8007754928e-01
-3.1131131131e-01 -7.5668683835e-01 2.0349792275e+00 2.3257929253e+01 -1.8160443475e-01 -7.5704434844e-01 2.0328324859e+00 2.3390620844e+01 -1.8159719609e-01
-3.0930930931e-01 -7.5256624661e-01 2.0814667692e+00 2.3182555674e+01 -1.8311521370e-01 -7.5292778769e-01 2.0795869650e+00 2.3316502264e+01 -1.8310869532e-01
-3.0730730731e-01 -7.4835274005e-01 2.1277999956e+00 2.3103769019e+01 -1.8461765016e-01 -7.4871777533e-01 2.1261894470e+00 2.3238776286e+01 -1.8461185960e-01
-3.0530530531e-01 -7.4404663445e-01 2.1739720785e+00 2.3021574271e+01 -1.8611155844e-01 -7.4441462288e-01 2.1726327135e+00 2.3157446680e+01 -1.8610650214e-01
-3.0330330330e-01 -7.3964825923e-01 2.2199762005e+00 2.2935976994e+01 -1.8759675348e-01 -7.4001865631e-01 2.2189095545e+00 2.3072518076e+01 -1.8759243679e-01
-3.0130130130e-01 -7.3515795748e-01 2.2658055557e+00 2.2846983335e+01 -1.8907305089e-01 -7.3553021601e-01 2.2650127701e+00 2.2983995962e+01 -1.8906947809e-01
-2.9929929930e-01 -7.3057608588e-01 2.3114533512e+00 2.2754600021e+01 -1.9054026700e-01 -7.3094965678e-01 2.3109351725e+00 2.2891886689e+01 -1.9053744125e-01
-2.9729729730e-01 -7.2590301469e-01 2.3569128081e+00 2.2658834363e+01 -1.9199821885e-01 -7.2627734778e-01 2.3566695870e+00 2.2796197466e+01 -1.9199614222e-01
-2.9529529530e-01 -7.2113912775e-01 2.4021771628e+00 2.2559694249e+01 -1.9344672425e-01 -7.2151367254e-01 2.4022088547e+00 2.2696936365e+01 -1.9344539769e-01
-2.9329329329e-01 -7.1628482241e-01 2.4472396680e+00 2.2457188152e+01 -1.9488560176e-01 -7.1665902890e-01 2.4475458334e+00 2.2594112315e+01 -1.9488502514e-01
-2.9129129129e-01 -7.1134050952e-01 2.4920935939e+00 2.2351325124e+01 -1.9631467080e-01 -7.1171382897e-01 2.4926733998e+00 2.2487735102e+01 -1.9631484288e-01
-2.8928928929e-01 -7.0630661336e-01 2.5367322295e+00 2.2242114795e+01 -1.9773375157e-01 -7.0667849912e-01 2.5375844508e+00 2.2377815370e+01 -1.9773467002e-01
-2.8728728729e-01 -7.0118357165e-01 2.5811488836e+00 2.2129567377e+01 -1.9914266519e-01 -7.0155347988e-01 2.5822719057e+00 2.2264364614e+01 -1.9914432656e-01
-2.8528528529e-01 -6.9597183548e-01 2.6253368861e+00 2.2013693659e+01 -2.0054123361e-01 -6.9633922599e-01 2.6267287077e+00 2.2147395180e+01 -2.0054363341e-01
-2.8328328328e-01 -6.9067186927e-01 2.6692895890e+00 2.1894505009e+01 -2.0192927975e-01 -6.9103620624e-01 2.6709478253e+00 2.2026920260e+01 -2.0193241237e-01
-2.8128128128e-01 -6.8528415072e-01 2.7130003676e+00 2.1772013371e+01 -2.0330662744e-01 -6.8564490349e-01 2.7149222546e+00 2.1902953890e+01 -2.0331048623e-01
-2.7927927928e-01 -6.7980917078e-01 2.7564626218e+00 2.1646231263e+01 -2.0467310150e-01 -6.8016581460e-01 2.7586450203e+00 2.1775510943e+01 -2.0467767873e-01
-2.7727727728e-01 -6.7424743359e-01 2.7996697771e+00 2.1517171781e+01 -2.0602852772e-01 -6.7459945036e-01 2.8021091780e+00 2.1644607127e+01 -2.0603381463e-01
-2.7527527528e-01 -6.6859945639e-01 2.8426152858e+00 2.1384848590e+01 -2.0737273293e-01 -6.6894633543e-01 2.8453078154e+00 2.1510258976e+01 -2.0737871974e-01
-2.7327327327e-01 -6.6286576956e-01 2.8852926280e+00 2.1249275928e+01 -2.0870554501e-01 -6.6320700826e-01 2.8882340541e+00 2.1372483849e+01 -2.0871222091e-01
-2.7127127127e-01 -6.5704691645e-01 2.9276953131e+00 2.1110468606e+01 -2.1002679292e-01 -6.5738202106e-01 2.9308810515e+00 2.1231299919e+01 -2.1003414609e-01
-2.6926926927e-01 -6.5114345340e-01 2.9698168805e+00 2.0968441998e+01 -2.1133630670e-01 -6.5147193968e-01 2.9732420019e+00 2.1086726169e+01 -2.1134432437e-01
-2.6726726727e-01 -6.4515594966e-01 3.0116509011e+00 2.0823212049e+01 -2.1263391754e-01 -6.4547734358e-01 3.0153101385e+00 2.0938782386e+01 -2.1264258595e-01
-2.6526526527e-01 -6.3908498729e-01 3.0531909782e+00 2.0674795266e+01 -2.1391945776e-01 -6.3939882571e-01 3.0570787352e+00 2.0787489149e+01 -2.1392876223e-01
-2.6326326326e-01 -6.3293116116e-01 3.0944307488e+00 2.0523208721e+01 -2.1519276087e-01 -6.3323699244e-01 3.0985411074e+00 2.0632867827e+01 -2.1520268581e-01
-2.6126126126e-01 -6.2669507881e-01 3.1353638846e+00 2.0368470044e+01 -2.1645366159e-01 -6.2699246350e-01 3.1396906144e+00 2.0474940564e+01 -2.1646419050e-01
-2.5925925926e-01 -6.2037736044e-01 3.1759840930e+00 2.0210597425e+01 -2.1770199587e-01 -6.2066587184e-01 3.1805206605e+00 2.0313730278e+01 -2.1771311138e-01
-2.5725725726e-01 -6.1397863879e-01 3.2162851187e+00 2.0049609609e+01 -2.1893760088e-01 -6.1425786359e-01 3.2210246966e+00 2.0149260643e+01 -2.1894928480e-01
-2.5525525526e-01 -6.0749955910e-01 3.2562607442e+00 1.9885525897e+01 -2.2016031512e-01 -6.0776909795e-01 3.2611962220e+00 1.9981556089e+01 -2.2017254843e-01
-2.5325325325e-01 -6.0094077901e-01 3.2959047912e+00 1.9718366137e+01 -2.2136997836e-01 -6.0120024707e-01 3.3010287852e+00 1.9810641782e+01 -2.2138274126e-01
-2.5125125125e-01 -5.9430296849e-01 3.3352111220e+00 1.9548150728e+01 -2.2256643171e-01 -5.9455199595e-01 3.3405159863e+00 1.9636543623e+01 -2.2257970364e-01
-2.4924924925e-01 -5.8758680976e-01 3.3741736399e+00 1.9374900614e+01 -2.2374951764e-01 -5.8782504239e-01 3.3796514776e+00 1.9459288232e+01 -2.2376327731e-01
-2.4724724725e-01 -5.8079299720e-01 3.4127862908e+00 1.9198637282e+01 -2.2491907997e-01 -5.8102009681e-01 3.4184289656e+00 1.9278902938e+01 -2.2493330542e-01
-2.4524524525e-01 -5.7392223728e-01 3.4510430643e+00 1.9019382758e+01 -2.2607496396e-01 -5.7413788220e-01 3.4568422121e+00 1.9095415767e+01 -2.2608963254e-01
-2.4324324324e-01 -5.6697524843e-01 3.4889379944e+00 1.8837159603e+01 -2.2721701627e-01 -5.6717913395e-01 3.4948850359e+00 1.8908855434e+01 -2.2723210472e-01
-2.4124124124e-01 -5.5995276100e-01 3.5264651611e+00 1.8651990915e+01 -2.2834508503e-01 -5.6014459980e-01 3.5325513138e+00 1.8719251326e+01 -2.2836056949e-01
-2.3923923924e-01 -5.5285551714e-01 3.5636186908e+00 1.8463900318e+01 -2.2945901982e-01 -5.5303503968e-01 3.5698349820e+00 1.8526633494e+01 -2.2947487587e-01
-2.3723723724e-01 -5.4568427072e-01 3.6003927581e+00 1.8272911965e+01 -2.3055867173e-01 -5.4585122558e-01 3.6067300378e+00 1.8331032638e+01 -2.3057487445e-01
-2.3523523524e-01 -5.3843978721e-01 3.6367815862e+00 1.8079050531e+01 -2.3164389339e-01 -5.3859394146e-01 3.6432305403e+00 1.8132480095e+01 -2.3166041734e-01
-2.3323323323e-01 -5.3112284359e-01 3.6727794483e+00 1.7882341212e+01 -2.3271453893e-01 -5.3126398313e-01 3.6793306122e+00 1.7931007828e+01 -2.3273135825e-01
-2.3123123123e-01 -5.2373422829e-01 3.7083806687e+00 1.7682809716e+01 -2.3377046410e-01 -5.2386215806e-01 3.7150244408e+00 1.7726648408e+01 -2.3378755249e-01
-2.2922922923e-01 -5.1627474100e-01 3.7435796234e+00 1.7480482265e+01 -2.3481152618e-01 -5.1638928533e-01 3.7503062789e+00 1.7519435005e+01 -2.3482885701e-01
-2.2722722723e-01 -5.0874519265e-01 3.7783707416e+00 1.7275385590e+01 -2.3583758412e-01 -5.0884619543e-01 3.7851704466e+00 1.7309401374e+01 -2.3585513040e-01
-2.2522522523e-01 -5.0114640526e-01 3.8127485066e+00 1.7067546923e+01 -2.3684849847e-01 -5.0123373018e-01 3.8196113321e+00 1.7096581836e+01 -2.3686623292e-01
-2.2322322322e-01 -4.9347921185e-01 3.8467074565e+00 1.6856993997e+01 -2.3784413145e-01 -4.9355274254e-01 3.8536233929e+00 1.6881011272e+01 -2.3786202654e-01
-2.2122122122e-01 -4.8574445630e-01 3.8802421856e+00 1.6643755039e+01 -2.3882434695e-01 -4.8580409650e-01 3.8872011566e+00 1.6662725103e+01 -2.3884237493e-01
-2.1921921922e-01 -4.7794299327e-01 3.9133473450e+00 1.6427858768e+01 -2.3978901056e-01 -4.7798866697e-01 3.9203392227e+00 1.6441759276e+01 -2.3980714352e-01
-2.1721721722e-01 -4.7007568806e-01 3.9460176440e+00 1.6209334390e+01 -2.4073798960e-01 -4.7010733954e-01 3.9530322627e+00 1.6218150253e+01 -2.4075619949e-01
-2.1521521522e-01 -4.6214341652e-01 3.9782478508e+00 1.5988211591e+01 -2.4167115313e-01 -4.6216101045e-01 3.9852750220e+00 1.5991934991e+01 -2.4168941181e-01
-2.1321321321e-01 -4.5414706488e-01 4.0100327933e+00 1.5764520534e+01 -2.4258837197e-01 -4.5415058634e-01 4.0170623202e+00 1.5763150934e+01 -2.4260665125e-01
-2.1121121121e-01 -4.4608752971e-01 4.0413673607e+00 1.5538291855e+01 -2.4348951874e-01 -4.4607698419e-01 4.0483890525e+00 1.5531835990e+01 -2.4350779041e-01
-2.0920920921e-01 -4.3796571771e-01 4.0722465035e+00 1.5309556659e+01 -2.4437446783e-01 -4.3794113108e-01 4.0792501903e+00 1.5298028524e+01 -2.4439270374e-01
-2.0720720721e-01 -4.2978254565e-01 4.1026652352e+00 1.5078346511e+01 -2.4524309550e-01 -4.2974396410e-01 4.1096407825e+00 1.5061767338e+01 -2.4526126754e-01
-2.0520520521e-01 -4.2153894022e-01 4.1326186330e+00 1.4844693434e+01 -2.4609527982e-01 -4.2148643019e-01 4.1395559558e+00 1.4823091657e+01 -2.4611336001e-01
-2.0320320320e-01 -4.1323583787e-01 4.1621018386e+00 1.4608629905e+01 -2.4693090074e-01 -4.1316948595e-01 4.1689909160e+00 1.4582041114e+01 -2.4694886125e-01
-2.0120120120e-01 -4.0487418476e-01 4.1911100590e+00 1.4370188844e+01 -2.4774984009e-01 -4.0479409748e-01 4.1979409487e+00 1.4338655735e+01 -2.4776765328e-01
-1.9919919920e-01 -3.9645493655e-01 4.2196385679e+00 1.4129403618e+01 -2.4855198094e-01 -3.9636124028e-01 4.2264014198e+00 1.4092975924e+01 -2.4856962008e-01
-1.9719719720e-01 -3.8797905828e-01 4.2476827059e+00 1.3886308025e+01 -2.4933720859e-01 -3.8787189902e-01 4.2543677767e+00 1.3845042447e+01 -2.4935464758e-01
-1.9519519520e-01 -3.7944752429e-01 4.2752378819e+00 1.3640936297e+01 -2.5010541165e-01 -3.7932706739e-01 4.2818355487e+00 1.3594896419e+01 -2.5012262369e-01
-1.9319319319e-01 -3.7086131800e-01 4.3022995736e+00 1.3393323090e+01 -2.5085647968e-01 -3.7072774799e-01 4.3088003476e+00 1.3342579285e+01 -2.5087343831e-01
-1.9119119119e-01 -3.6222143186e-01 4.3288633287e+00 1.3143503478e+01 -2.5159030421e-01 -3.6207495208e-01 4.3352578686e+00 1.3088132808e+01 -2.5160698339e-01
-1.8918918919e-01 -3.5352886712e-01 4.3549247654e+00 1.2891512951e+01 -2.5230677879e-01 -3.5336969947e-01 4.3612038908e+00 1.2831599053e+01 -2.5232315287e-01
-1.8718718719e-01 -3.4478463375e-01 4.3804795734e+00 1.2637387405e+01 -2.5300579895e-01 -3.4461301834e-01 4.3866342779e+00 1.2573020371e+01 -2.5302184276e-01
-1.8518518519e-01 -3.3598975029e-01 4.4055235146e+00 1.2381163138e+01 -2.5368726228e-01 -3.3580594506e-01 4.4115449785e+00 1.2312439387e+01 -2.5370295114e-01
-1.8318318318e-01 -3.2714524366e-01 4.4300524241e+00 1.2122876844e+01 -2.5435106840e-01 -3.2694952403e-01 4.4359320269e+00 1.2049898983e+01 -2.5436637818e-01
-1.8118118118e-01 -3.1825214907e-01 4.4540622107e+00 1.1862565605e+01 -2.5499711901e-01 -3.1804480751e-01 4.4597915435e+00 1.1785442280e+01 -2.5501202612e-01
-1.7917917918e-01 -3.0931150985e-01 4.4775488580e+00 1.1600266887e+01 -2.5562531787e-01 -3.0909285541e-01 4.4831197351e+00 1.1519112631e+01 -2.5563979934e-01
-1.7717717718e-01 -3.0032437726e-01 4.5005084247e+00 1.1336018534e+01 -2.5623557084e-01 -3.0009473518e-01 4.5059128958e+00 1.1250953602e+01 -2.5624960434e-01
-1.7517517518e-01 -2.9129181041e-01 4.5229370460e+00 1.1069858759e+01 -2.5682778592e-01 -2.9105152159e-01 4.5281674068e+00 1.0981008954e+01 -2.5684134977e-01
-1.7317317317e-01 -2.8221487606e-01 4.5448309337e+00 1.0801826140e+01 -2.5740187321e-01 -2.8196429657e-01 4.5498797373e+00 1.0709322639e+01 -2.5741494643e-01
-1.7117117117e-01 -2.7309464848e-01 4.5661863773e+00 1.0531959612e+01 -2.5795774495e-01 -2.7283414902e-01 4.5710464447e+00 1.0435938774e+01 -2.5797030729e-01
-1.6916916917e-01 -2.6393220927e-01 4.5869997445e+00 1.0260298461e+01 -2.5849531556e-01 -2.6366217466e-01 4.5916641746e+00 1.0160901638e+01 -2.5850734754e-01
-1.6716716717e-01 -2.5472864726e-01 4.6072674822e+00 9.9868823168e+00 -2.5901450161e-01 -2.5444947581e-01 4.6117296619e+00 9.8842556482e+00 -2.5902598452e-01
-1.6516516517e-01 -2.4548505826e-01 4.6269861168e+00 9.7117511478e+00 -2.5951522189e-01 -2.4519716128e-01 4.6312397299e+00 9.6060453560e+00 -2.5952613782e-01
-1.6316316316e-01 -2.3620254502e-01 4.6461522551e+00 9.4349452518e+00 -2.5999739735e-01 -2.3590634610e-01 4.6501912918e+00 9.3263154273e+00 -2.6000772924e-01
-1.6116116116e-01 -2.2688221694e-01 4.6647625849e+00 9.1565052509e+00 -2.6046095117e-01 -2.2657815144e-01 4.6685813500e+00 9.0451106318e+00 -2.6047068283e-01
-1.5915915916e-01 -2.1752519002e-01 4.6828138756e+00 8.8764720837e+00 -2.6090580878e-01 -2.1721370434e-01 4.6864069967e+00 8.7624758301e+00 -2.6091492488e-01
-1.5715715716e-01 -2.0813258660e-01 4.7003029790e+00 8.5948869984e+00 -2.6133189782e-01 -2.0781413759e-01 4.7036654140e+00 8.4784559608e+00 -2.6134038394e-01
-1.5515515516e-01 -1.9870553528e-01 4.7172268296e+00 8.3117915458e+00 -2.6173914820e-01 -1.9838058954e-01 4.7203538741e+00 8.1930960283e+00 -2.6174699084e-01
-1.5315315315e-01 -1.8924517070e-01 4.7335824456e+00 8.0272275722e+00 -2.6212749208e-01 -1.8891420390e-01 4.7364697391e+00 7.9064410907e+00 -2.6213467870e-01
-1.5115115115e-01 -1.7975263336e-01 4.7493669291e+00 7.7412372117e+00 -2.6249686392e-01 -1.7941612956e-01 4.7520104617e+00 7.6185362482e+00 -2.6250338292e-01
-1.4914914915e-01 -1.7022906951e-01 4.7645774668e+00 7.4538628795e+00 -2.6284720045e-01 -1.6988752043e-01 4.7669735848e+00 7.3294266310e+00 -2.6285304122e-01
-1.4714714715e-01 -1.6067563094e-01 4.7792113308e+00 7.1651472640e+00 -2.6317844071e-01 -1.6032953527e-01 4.7813567415e+00 7.0391573887e+00 -2.6318359363e-01
-1.4514514515e-01 -1.5109347480e-01 4.7932658788e+00 6.8751333198e+00 -2.6349052605e-01 -1.5074333745e-01 4.7951576554e+00 6.7477736787e+00 -2.6349498249e-01
-1.4314314314e-01 -1.4148376347e-01 4.8067385546e+00 6.5838642599e+00 -2.6378340013e-01 -1.4113009483e-01 4.8083741407e+00 6.4553206560e+00 -2.6378715251e-01
-1.4114114114e-01 -1.3184766434e-01 4.8196268890e+00 6.2913835484e+00 -2.6405700897e-01 -1.3149097955e-01 4.8210041017e+00 6.1618434624e+00 -2.6406005069e-01
-1.3913913914e-01 -1.2218634965e-01 4.8319285001e+00 5.9977348925e+00 -2.6431130090e-01 -1.2182716785e-01 4.8330455332e+00 5.8673872168e+00 -2.6431362643e-01
-1.3713713714e-01 -1.1250099635e-01 4.8436410935e+00 5.7029622354e+00 -2.6454622662e-01 -1.1213983991e-01 4.8444965203e+00 5.5719970049e+00 -2.6454783147e-01
-1.3513513514e-01 -1.0279278587e-01 4.8547624631e+00 5.4071097482e+00 -2.6476173919e-01 -1.0243017963e-01 4.8553552383e+00 5.2757178703e+00 -2.6476261990e-01
-1.3313313313e-01 -9.3062903969e-02 4.8652904916e+00 5.1102218223e+00 -2.6495779403e-01 -9.2699374491e-02 4.8656199526e+00 4.9785948048e+00 -2.6495794821e-01
-1.3113113113e-01 -8.3312540570e-02 4.8752231505e+00 4.8123430614e+00 -2.6513434896e-01 -8.2948615354e-02 4.8752890187e+00 4.6806727401e+00 -2.6513377525e-01
-1.2912912913e-01 -7.3542889560e-02 4.8845585011e+00 4.5135182741e+00 -2.6529136415e-01 -7.3179096275e-02 4.8843608818e+00 4.3819965387e+00 -2.6529006228e-01
-1.2712712713e-01 -6.3755148614e-02 4.8932946945e+00 4.2137924653e+00 -2.6542880220e-01 -6.3392014339e-02 4.8928340770e+00 4.0826109862e+00 -2.6542677292e-01
-1.2512512513e-01 -5.3950519024e-02 4.9014299719e+00 3.9132108291e+00 -2.6554662808e-01 -5.3588569471e-02 4.9007072290e+00 3.7825607832e+00 -2.6554387324e-01
-1.2312312312e-01 -4.4130205508e-02 4.9089626655e+00 3.6118187401e+00 -2.6564480920e-01 -4.3769964262e-02 4.9079790517e+00 3.4818905379e+00 -2.6564133165e-01
-1.2112112112e-01 -3.4295416035e-02 4.9158911982e+00 3.3096617456e+00 -2.6572331537e-01 -3.3937403785e-02 4.9146483486e+00 3.1806447587e+00 -2.6571911903e-01
-1.1911911912e-01 -2.4447361638e-02 4.9222140844e+00 3.0067855577e+00 -2.6578211881e-01 -2.4092095423e-02 4.9207140117e+00 2.8788678475e+00 -2.6577720865e-01
-1.1711711712e-01 -1.4587256233e-02 4.9279299302e+00 2.7032360451e+00 -2.6582119419e-01 -1.4235248687e-02 4.9261750221e+00 2.5766040934e+00 -2.6581557618e-01
-1.1511511512e-01 -4.7163164355e-03 4.9330374337e+00 2.3990592248e+00 -2.6584051859e-01 -4.3680750384e-03 4.9310304493e+00 2.2738976661e+00 -2.6583419975e-01
-1.1311311311e-01 5.1642386264e-03 4.9375353851e+00 2.0943012542e+00 -2.6584007154e-01 5.5082122861e-03 4.9352794514e+00 1.9707926101e+00 -2.6583305989e-01
-1.1111111111e-01 1.5053187494e-02 4.9414226674e+00 1.7890084225e+00 -2.6581983503e-01 1.5392398453e-02 4.9389212741e+00 1.6673328397e+00 -2.6581213957e-01
-1.0910910911e-01 2.4949306566e-02 4.9446982561e+00 1.4832271431e+00 -2.6577979346e-01 2.5283267205e-02 4.9419552513e+00 1.3635621331e+00 -2.6577142420e-01
-1.0710710711e-01 3.4851370283e-02 4.9473612199e+00 1.1770039444e+00 -2.6571993371e-01 3.5179601042e-02 4.9443808040e+00 1.0595241282e+00 -2.6571090162e-01
-1.0510510511e-01 4.4758151313e-02 4.9494107208e+00 8.7038546254e-01 -2.6564024510e-01 4.5080181390e-02 4.9461974408e+00 7.5526231763e-01 -2.6563056211e-01
-1.0310310310e-01 5.4668420742e-02 4.9508460142e+00 5.6341843225e-01 -2.6554071943e-01 5.4983788777e-02 4.9474047569e+00 4.5082004476e-01 -2.6553039838e-01
-1.0110110110e-01 6.4580948259e-02 4.9516664491e+00 2.5614967891e-01 -2.6542135094e-01 6.4889203011e-02 4.9480024344e+00 1.4624049986e-01 -2.6541040559e-01
-9.9099099099e-02 7.4494502341e-02 4.9518714685e+00 -5.1373889908e-02 -2.6528213634e-01 7.4795203347e-02 4.9479902416e+00 -1.5843328349e-01 -2.6527058136e-01
-9.7097097097e-02 8.4407850447e-02 4.9514606091e+00 -3.5910529287e-01 -2.6512307481e-01 8.4700568664e-02 4.9473680327e+00 -4.6315843159e-01 -2.6511092572e-01
-9.5095095095e-02 9.4319759201e-02 4.9504335021e+00 -6.6699748326e-01 -2.6494416800e-01 9.4604077633e-02 4.9461357476e+00 -7.6789223356e-01 -2.6493144118e-01
-9.3093093093e-02 1.0422899458e-01 4.9487898727e+00 -9.7500335741e-01 -2.6474542002e-01 1.0450450889e-01 4.9442934117e+00 -1.0725921439e+00 -2.6473213267e-01
-9.1091091091e-02 1.1413432212e-01 4.9465295404e+00 -1.2830757632e+00 -2.6452683746e-01 1.1440064121e-01 4.9418411353e+00 -1.3772157849e+00 -2.6451300758e-01
-8.9089089089e-02 1.2403450706e-01 4.9436524193e+00 -1.5911675084e+00 -2.6428842939e-01 1.2429125368e-01 4.9387791133e+00 -1.6817209483e+00 -2.6427407573e-01
-8.7087087087e-02 1.3392831460e-01 4.9401585179e+00 -1.8992313693e+00 -2.6403020733e-01 1.3417512584e-01 4.9351076250e+00 -1.9860655975e+00 -2.6401534940e-01
-8.5085085085e-02 1.4381451002e-01 4.9360479394e+00 -2.2072200991e+00 -2.6375218528e-01 1.4405103789e-01 4.9308270337e+00 -2.2902078685e+00 -2.6373684330e-01
-8.3083083083e-02 1.5369185891e-01 4.9313208815e+00 -2.5150864364e+00 -2.6345437972e-01 1.5391777085e-01 4.9259377864e+00 -2.5941060715e+00 -2.6343857459e-01
-8.1081081081e-02 1.6355912737e-01 4.9259776365e+00 -2.8227831138e+00 -2.6313680960e-01 1.6377410669e-01 4.9204404132e+00 -2.8977186913e+00 -2.6312056287e-01
-7.9079079079e-02 1.7341508215e-01 4.9200185914e+00 -3.1302628663e+00 -2.6279949634e-01 1.7361882855e-01 4.9143355273e+00 -3.2010043882e+00 -2.6278283016e-01
-7.7077077077e-02 1.8325849088e-01 4.9134442277e+00 -3.4374784397e+00 -2.6244246381e-01 1.8345072086e-01 4.9076238244e+00 -3.5039219984e+00 -2.6242540094e-01
-7.5075075075e-02 1.9308812227e-01 4.9062551217e+00 -3.7443825995e+00 -2.6206573836e-01 1.9326856956e-01 4.9003060826e+00 -3.8064305338e+00 -2.6204830211e-01
-7.3073073073e-02 2.0290274624e-01 4.8984519441e+00 -4.0509281391e+00 -2.6166934882e-01 2.0307116218e-01 4.8923831616e+00 -4.1084891822e+00 -2.6165156300e-01
-7.1071071071e-02 2.1270113418e-01 4.8900354600e+00 -4.3570678884e+00 -2.6125332645e-01 2.1285728810e-01 4.8838560028e+00 -4.4100573067e+00 -2.6123521535e-01
-6.9069069069e-02 2.2248205909e-01 4.8810065291e+00 -4.6627547221e+00 -2.6081770498e-01 2.2262573862e-01 4.8747256288e+00 -4.7110944455e+00 -2.6079929336e-01
-6.7067067067e-02 2.3224429579e-01 4.8713661051e+00 -4.9679415688e+00 -2.6036252061e-01 2.3237530722e-01 4.8649931430e+00 -5.0115603106e+00 -2.6034383361e-01
-6.5065065065e-02 2.4198662111e-01 4.8611152362e+00 -5.2725814188e+00 -2.5988781198e-01 2.4210478963e-01 4.8546597293e+00 -5.3114147870e+00 -2.5986887510e-01
-6.3063063063e-02 2.5170781405e-01 4.8502550644e+00 -5.5766273330e+00 -2.5939362016e-01 2.5181298404e-01 4.8437266516e+00 -5.6106179318e+00 -2.5937445927e-01
-6.1061061061e-02 2.6140665602e-01 4.8387868256e+00 -5.8800324512e+00 -2.5887998869e-01 2.6149869125e-01 4.8321952538e+00 -5.9091299726e+00 -2.5886062991e-01
-5.9059059059e-02 2.7108193098e-01 4.8267118497e+00 -6.1827500009e+00 -2.5834696352e-01 2.7116071485e-01 4.8200669592e+00 -6.2069113060e+00 -2.5832743326e-01
-5.7057057057e-02 2.8073242565e-01 4.8140315599e+00 -6.4847333053e+00 -2.5779459306e-01 2.8079786133e-01 4.8073432700e+00 -6.5039224959e+00 -2.5777491793e-01
-5.5055055055e-02 2.9035692968e-01 4.8007474727e+00 -6.7859357919e+00 -2.5722292813e-01 2.9040894028e-01 4.7940257676e+00 -6.8001242718e+00 -2.5720313490e-01
-5.3053053053e-02 2.9995423589e-01 4.7868611979e+00 -7.0863110011e+00 -2.5663202197e-01 2.9999276453e-01 4.7801161115e+00 -7.0954775269e+00 -2.5661213756e-01
-5.1051051051e-02 3.0952314036e-01 4.7723744381e+00 -7.3858125944e+00 -2.5602193023e-01 3.0954815032e-01 4.7656160394e+00 -7.3899433158e+00 -2.5600198165e-01
-4.9049049049e-02 3.1906244272e-01 4.7572889885e+00 -7.6843943631e+00 -2.5539271097e-01 3.1907391744e-01 4.7505273670e+00 -7.6834828527e+00 -2.5537272529e-01
-4.7047047047e-02 3.2857094625e-01 4.7416067368e+00 -7.9820102360e+00 -2.5474442467e-01 3.2856888939e-01 4.7348519872e+00 -7.9760575085e+00 -2.5472442895e-01
-4.5045045045e-02 3.3804745813e-01 4.7253296628e+00 -8.2786142885e+00 -2.5407713416e-01 3.3803189354e-01 4.7185918703e+00 -8.2676288094e+00 -2.5405715547e-01
-4.3043043043e-02 3.4749078958e-01 4.7084598378e+00 -8.5741607504e+00 -2.5339090470e-01 3.4746176128e-01 4.7017490635e+00 -8.5581584336e+00 -2.5337097001e-01
-4.1041041041e-02 3.5689975605e-01 4.6909994250e+00 -8.8686040145e+00 -2.5268580389e-01 3.5685732818e-01 4.6843256903e+00 -8.8476082092e+00 -2.5266594008e-01
-3.9039039039e-02 3.6627317744e-01 4.6729506784e+00 -9.1618986445e+00 -2.5196190171e-01 3.6621743413e-01 4.6663239508e+00 -9.1359401120e+00 -2.5194213551e-01
-3.7037037037e-02 3.7560987823e-01 4.6543159429e+00 -9.4539993838e+00 -2.5121927050e-01 3.7554092352e-01 4.6477461208e+00 -9.4231162622e+00 -2.5119962844e-01
-3.5035035035e-02 3.8490868768e-01 4.6350976538e+00 -9.7448611630e+00 -2.5045798495e-01 3.8482664534e-01 4.6285945520e+00 -9.7090989227e+00 -2.5043849335e-01
-3.3033033033e-02 3.9416844005e-01 4.6152983365e+00 -1.0034439109e+01 -2.4967812209e-01 3.9407345338e-01 4.6088716714e+00 -9.9938504959e+00 -2.4965880698e-01
-3.1031031031e-02 4.0338797471e-01 4.5949206060e+00 -1.0322688551e+01 -2.4887976126e-01 4.0328020637e-01 4.5885799812e+00 -1.0277333521e+01 -2.4886064839e-01
-2.9029029029e-02 4.1256613636e-01 4.5739671665e+00 -1.0609565032e+01 -2.4806298415e-01 4.1244576813e-01 4.5677220583e+00 -1.0559510673e+01 -2.4804409891e-01
-2.7027027027e-02 4.2170177523e-01 4.5524408109e+00 -1.0895024313e+01 -2.4722787472e-01 4.2156900769e-01 4.5463005544e+00 -1.0840344759e+01 -2.4720924213e-01
-2.5025025025e-02 4.3079374719e-01 4.5303444206e+00 -1.1179022386e+01 -2.4637451927e-01 4.3064879947e-01 4.5243181955e+00 -1.1119798713e+01 -2.4635616391e-01
-2.3023023023e-02 4.3984091400e-01 4.5076809648e+00 -1.1461515475e+01 -2.4550300634e-01 4.3968402345e-01 4.5017777815e+00 -1.1397835600e+01 -2.4548495235e-01
-2.1021021021e-02 4.4884214344e-01 4.4844535001e+00 -1.1742460051e+01 -2.4461342678e-01 4.4867356524e-01 4.4786821863e+00 -1.1674418608e+01 -2.4459569780e-01
-1.9019019019e-02 4.5779630949e-01 4.4606651700e+00 -1.2021812835e+01 -2.4370587367e-01 4.5761631633e-01 4.4550343574e+00 -1.1949511049e+01 -2.4368849283e-01
-1.7017017017e-02 4.6670229251e-01 4.4363192044e+00 -1.2299530809e+01 -2.4278044237e-01 4.6651117414e-01 4.4308373154e+00 -1.2223076355e+01 -2.4276343220e-01
-1.5015015015e-02 4.7555897942e-01 4.4114189189e+00 -1.2575571220e+01 -2.4183723044e-01 4.7535704223e-01 4.4060941541e+00 -1.2495078077e+01 -2.4182061291e-01
-1.3013013013e-02 4.8436526387e-01 4.3859677147e+00 -1.2849891592e+01 -2.4087633768e-01 4.8415283044e-01 4.3808080404e+00 -1.2765479883e+01 -2.4086013412e-01
-1.1011011011e-02 4.9312004639e-01 4.3599690775e+00 -1.3122449731e+01 -2.3989786611e-01 4.9289745500e-01 4.3549822134e+00 -1.3034245556e+01 -2.3988209718e-01
-9.0090090090e-03 5.0182223458e-01 4.3334265774e+00 -1.3393203733e+01 -2.3890191992e-01 5.0158983870e-01 4.3286199849e+00 -1.3301338992e+01 -2.3888660560e-01
-7.0070070070e-03 5.1047074326e-01 4.3063438679e+00 -1.3662111994e+01 -2.3788860550e-01 5.1022891105e-01 4.3017247388e+00 -1.3566724201e+01 -2.3787376504e-01
-5.0050050050e-03 5.1906449466e-01 4.2787246856e+00 -1.3929133212e+01 -2.3685803139e-01 5.1881360838e-01 4.2742999308e+00 -1.3830365302e+01 -2.3684368328e-01
-3.0030030030e-03 5.2760241857e-01 4.2505728494e+00 -1.4194226401e+01 -2.3581030828e-01 5.2734287404e-01 4.2463490885e+00 -1.4092226526e+01 -2.3579647026e-01
-1.0010010010e-03 5.3608345251e-01 4.2218922600e+00 -1.4457350893e+01 -2.3474554901e-01 5.3581565849e-01 4.2178758110e+00 -1.4352272212e+01 -2.3473223800e-01
1.0010010010e-03 5.4450654189e-01 4.1926868992e+00 -1.4718466348e+01 -2.3366386769e-01 5.4423091948e-01 4.1888837684e+00 -1.4610466806e+01 -2.3365110061e-01
3.0030030030e-03 5.5287064015e-01 4.1629608292e+00 -1.4977532763e+01 -2.3256538139e-01 5.5258762218e-01 4.1593767023e+00 -1.4866774867e+01 -2.3255317429e-01
5.0050050050e-03 5.6117470899e-01 4.1327181919e+00 -1.5234510474e+01 -2.3145021010e-01 5.6088473930e-01 4.1293584249e+00 -1.5121161057e+01 -2.3143857732e-01
7.0070070070e-03 5.6941771843e-01 4.1019632084e+00 -1.5489360167e+01 -2.3031847502e-01 5.6912125129e-01 4.0988328189e+00 -1.5373590149e+01 -2.3030743000e-01
9.0090090090e-03 5.7759864706e-01 4.0707001779e+00 -1.5742042886e+01 -2.2917029942e-01 5.7729614640e-01 4.0678038378e+00 -1.5624027023e+01 -2.2915985467e-01
1.1011011011e-02 5.8571648213e-01 4.0389334775e+00 -1.5992520036e+01 -2.2800580861e-01 5.8540842091e-01 4.0362755050e+00 -1.5872436670e+01 -2.2799597570e-01
1.3013013013e-02 5.9377021973e-01 4.0066675610e+00 -1.6240753394e+01 -2.2682512990e-01 5.9345707918e-01 4.0042519140e+00 -1.6118784190e+01 -2.2681591946e-01
1.5015015015e-02 6.0175886496e-01 3.9739069585e+00 -1.6486705112e+01 -2.2562839261e-01 6.0144113388e-01 3.9717372279e+00 -1.6363034793e+01 -2.2561981429e-01
1.7017017017e-02 6.0968143206e-01 3.9406562754e+00 -1.6730337729e+01 -2.2441572805e-01 6.0935960604e-01 3.9387356796e+00 -1.6605153804e+01 -2.2440779052e-01
1.9019019019e-02 6.1753694454e-01 3.9069201916e+00 -1.6971614170e+01 -2.2318726948e-01 6.1721152528e-01 3.9052515712e+00 -1.6845106662e+01 -2.2317998041e-01
2.1021021021e-02 6.2532443539e-01 3.8727034611e+00 -1.7210497761e+01 -2.2194315212e-01 6.2499592986e-01 3.8712892736e+00 -1.7082858921e+01 -2.2193651816e-01
2.3023023023e-02 6.3304294717e-01 3.8380109107e+00 -1.7446952230e+01 -2.2068351311e-01 6.3271186688e-01 3.8368532271e+00 -1.7318376257e+01 -2.2067753989e-01
2.5025025025e-02 6.4069153218e-01 3.8028474395e+00 -1.7680941715e+01 -2.1940849149e-01 6.4035839240e-01 3.8019479400e+00 -1.7551624464e+01 -2.1940318363e-01
2.7027027027e-02 6.4826925260e-01 3.7672180179e+00 -1.7912430773e+01 -2.1811822819e-01 6.4793457157e-01 3.7665779895e+00 -1.7782569464e+01 -2.1811358927e-01
2.9029029029e-02 6.5577518063e-01 3.7311276870e+00 -1.8141384379e+01 -2.1681286602e-01 6.5543947876e-01 3.7307480204e+00 -1.8011177306e+01 -2.1680889857e-01
3.1031031031e-02 6.6320839863e-01 3.6945815573e+00 -1.8367767942e+01 -2.1549254962e-01 6.6287219774e-01 3.6944627456e+00 -1.8237414171e+01 -2.1548925514e-01
3.3033033033e-02 6.7056799926e-01 3.6575848085e+00 -1.8591547304e+01 -2.1415742548e-01 6.7023182174e-01 3.6577269457e+00 -1.8461246376e+01 -2.1415480442e-01
3.5035035035e-02 6.7785308563e-01 3.6201426879e+00 -1.8812688749e+01 -2.1280764187e-01 6.7751745366e-01 3.6205454683e+00 -1.8682640378e+01 -2.1280569362e-01
3.7037037037e-02 6.8506277141e-01 3.5822605100e+00 -1.9031159007e+01 -2.1144334886e-01 6.8472820615e-01 3.5829232282e+00 -1.8901562782e+01 -2.1144207179e-01
3.9039039039e-02 6.9219618098e-01 3.5439436555e+00 -1.9246925262e+01 -2.1006469827e-01 6.9186320179e-01 3.5448652068e+00 -1.9117980339e+01 -2.1006408970e-01
4.1041041041e-02 6.9925244956e-01 3.5051975702e+00 -1.9459955159e+01 -2.0867184369e-01 6.9892157319e-01 3.5063764521e+00 -1.9331859959e+01 -2.0867189989e-01
4.3043043043e-02 7.0623072332e-01 3.4660277645e+00 -1.9670216803e+01 -2.0726494040e-01 7.0590246312e-01 3.4674620778e+00 -1.9543168714e+01 -2.0726565663e-01
4.5045045045e-02 7.1313015956e-01 3.4264398117e+00 -1.9877678775e+01 -2.0584414539e-01 7.1280502466e-01 3.4281272638e+00 -1.9751873842e+01 -2.0584551588e-01
4.7047047047e-02 7.1994992677e-01 3.3864393480e+00 -2.0082310128e+01 -2.0440961734e-01 7.1962842133e-01 3.3883772551e+00 -1.9957942758e+01 -2.0441163529e-01
4.9049049049e-02 7.2668920479e-01 3.3460320709e+00 -2.0284080396e+01 -2.0296151656e-01 7.2637182722e-01 3.3482173619e+00 -2.0161343055e+01 -2.0296417418e-01
5.1051051051e-02 7.3334718494e-01 3.3052237382e+00 -2.0482959603e+01 -2.0150000500e-01 7.3303442711e-01 3.3076529591e+00 -2.0362042518e+01 -2.0150329351e-01
5.3053053053e-02 7.3992307011e-01 3.2640201676e+00 -2.0678918262e+01 -2.0002524621e-01 7.3961541660e-01 3.2666894859e+00 -2.0560009129e+01 -2.0002915586e-01
5.5055055055e-02 7.4641607492e-01 3.2224272351e+00 -2.0871927383e+01 -1.9853740535e-01 7.4611400225e-01 3.2253324452e+00 -2.0755211070e+01 -1.9854192541e-01
5.7057057057e-02 7.5282542579e-01 3.1804508741e+00 -2.1061958480e+01 -1.9703664912e-01 7.5252940170e-01 3.1835874037e+00 -2.0947616742e+01 -1.9704176792e-01
5.9059059059e-02 7.5915036108e-01 3.1380970750e+00 -2.1248983573e+01 -1.9552314575e-01 7.5886084379e-01 3.1414599909e+00 -2.1137194762e+01 -1.9552885070e-01
6.1061061061e-02 7.6539013120e-01 3.0953718832e+00 -2.1432975194e+01 -1.9399706499e-01 7.6510756871e-01 3.0989558990e+00 -2.1323913982e+01 -1.9400334260e-01
6.3063063063e-02 7.7154399872e-01 3.0522813988e+00 -2.1613906390e+01 -1.9245857809e-01 7.7126882809e-01 3.0560808823e+00 -2.1507743490e+01 -1.9246541396e-01
6.5065065065e-02 7.7761123847e-01 3.0088317754e+00 -2.1791750732e+01 -1.9090785775e-01 7.7734388515e-01 3.0128407568e+00 -2.1688652628e+01 -1.9091523665e-01
6.7067067067e-02 7.8359113767e-01 2.9650292189e+00 -2.1966482316e+01 -1.8934507812e-01 7.8333201481e-01 2.9692413995e+00 -2.1866610996e+01 -1.8935298395e-01
6.9069069069e-02 7.8948299599e-01 2.9208799865e+00 -2.2138075767e+01 -1.8777041474e-01 7.8923250383e-01 2.9252887481e+00 -2.2041588462e+01 -1.8777883061e-01
7.1071071071e-02 7.9528612569e-01 2.8763903857e+00 -2.2306506246e+01 -1.8618404458e-01 7.9504465091e-01 2.8809888003e+00 -2.2213555179e+01 -1.8619295279e-01
7.3073073073e-02 8.0099985171e-01 2.8315667731e+00 -2.2471749451e+01 -1.8458614595e-01 8.0076776680e-01 2.8363476131e+00 -2.2382481590e+01 -1.8459552806e-01
7.5075075075e-02 8.0662351176e-01 2.7864155537e+00 -2.2633781627e+01 -1.8297689849e-01 8.0640117447e-01 2.7913713028e+00 -2.2548338441e+01 -1.8298673531e-01
7.7077077077e-02 8.1215645643e-01 2.7409431792e+00 -2.2792579561e+01 -1.8135648316e-01 8.1194420915e-01 2.7460660435e+00 -2.2711096794e+01 -1.8136675483e-01
7.9079079079e-02 8.1759804924e-01 2.6951561474e+00 -2.2948120594e+01 -1.7972508223e-01 8.1739621854e-01 2.7004380671e+00 -2.2870728037e+01 -1.7973576820e-01
8.1081081081e-02 8.2294766681e-01 2.6490610007e+00 -2.3100382621e+01 -1.7808287920e-01 8.2275656282e-01 2.6544936625e+00 -2.3027203897e+01 -1.7809395827e-01
8.3083083083e-02 8.2820469888e-01 2.6026643254e+00 -2.3249344096e+01 -1.7643005882e-01 8.2802461486e-01 2.6082391748e+00 -2.3180496454e+01 -1.7644150921e-01
8.5085085085e-02 8.3336854840e-01 2.5559727504e+00 -2.3394984035e+01 -1.7476680704e-01 8.3319976026e-01 2.5616810047e+00 -2.3330578150e+01 -1.7477860640e-01
8.7087087087e-02 8.3843863166e-01 2.5089929459e+00 -2.3537282017e+01 -1.7309331100e-01 8.3828139751e-01 2.5148256074e+00 -2.3477421806e+01 -1.7310543644e-01
8.9089089089e-02 8.4341437833e-01 2.4617316224e+00 -2.3676218193e+01 -1.7140975900e-01 8.4326893806e-01 2.4676794925e+00 -2.3621000630e+01 -1.7142218712e-01
9.1091091091e-02 8.4829523157e-01 2.4141955298e+00 -2.3811773285e+01 -1.6971634046e-01 8.4816180645e-01 2.4202492226e+00 -2.3761288238e+01 -1.6972904741e-01
9.3093093093e-02 8.5308064806e-01 2.3663914557e+00 -2.3943928591e+01 -1.6801324589e-01 8.5295944042e-01 2.3725414129e+00 -2.3898258659e+01 -1.6802620741e-01
9.5095095095e-02 8.5777009815e-01 2.3183262247e+00 -2.4072665986e+01 -1.6630066690e-01 8.5766129100e-01 2.3245627300e+00 -2.4031886355e+01 -1.6631385832e-01
9.7097097097e-02 8.6236306585e-01 2.2700066973e+00 -2.4197967926e+01 -1.6457879613e-01 8.6226682262e-01 2.2763198912e+00 -2.4162146231e+01 -1.6459219244e-01
9.9099099099e-02 8.6685904895e-01 2.2214397682e+00 -2.4319817454e+01 -1.6284782723e-01 8.6677551320e-01 2.2278196637e+00 -2.4289013652e+01 -1.6286140313e-01
1.0110110110e-01 8.7125755910e-01 2.1726323657e+00 -2.4438198195e+01 -1.6110795487e-01 8.7118685426e-01 2.1790688633e+00 -2.4412464456e+01 -1.6112168478e-01
1.0310310310e-01 8.7555812181e-01 2.1235914501e+00 -2.4553094368e+01 -1.5935937467e-01 8.7550035102e-01 2.1300743541e+00 -2.4532474966e+01 -1.5937323278e-01
1.0510510511e-01 8.7976027660e-01 2.0743240130e+00 -2.4664490781e+01 -1.5760228316e-01 8.7971552248e-01 2.0808430466e+00 -2.4649022008e+01 -1.5761624349e-01
1.0710710711e-01 8.8386357699e-01 2.0248370756e+00 -2.4772372838e+01 -1.5583687783e-01 8.8383190152e-01 2.0313818977e+00 -2.4762082924e+01 -1.5585091423e-01
1.0910910911e-01 8.8786759058e-01 1.9751376876e+00 -2.4876726536e+01 -1.5406335700e-01 8.8784903502e-01 1.9816979086e+00 -2.4871635586e+01 -1.5407744324e-01
1.1111111111e-01 8.9177189914e-01 1.9252329265e+00 -2.4977538474e+01 -1.5228191987e-01 8.9176648388e-01 1.9317981248e+00 -2.4977658411e+01 -1.5229602966e-01
1.1311311311e-01 8.9557609862e-01 1.8751298956e+00 -2.5074795850e+01 -1.5049276647e-01 8.9558382317e-01 1.8816896340e+00 -2.5080130375e+01 -1.5050687348e-01
1.1511511512e-01 8.9927979920e-01 1.8248357237e+00 -2.5168486464e+01 -1.4869609758e-01 8.9930064218e-01 1.8313795656e+00 -2.5179031028e+01 -1.4871017553e-01
1.1711711712e-01 9.0288262538e-01 1.7743575630e+00 -2.5258598721e+01 -1.4689211480e-01 9.0291654454e-01 1.7808750895e+00 -2.5274340510e+01 -1.4690613745e-01
1.1911911912e-01 9.0638421599e-01 1.7237025886e+00 -2.5345121632e+01 -1.4508102044e-01 9.0643114825e-01 1.7301834144e+00 -2.5366039564e+01 -1.4509496167e-01
1.2112112112e-01 9.0978422425e-01 1.6728779968e+00 -2.5428044813e+01 -1.4326301752e-01 9.0984408577e-01 1.6793117873e+00 -2.5454109550e+01 -1.4327685135e-01
1.2312312312e-01 9.1308231781e-01 1.6218910041e+00 -2.5507358492e+01 -1.4143830974e-01 9.1315500414e-01 1.6282674917e+00 -2.5538532461e+01 -1.4145201039e-01
1.2512512513e-01 9.1627817878e-01 1.5707488461e+00 -2.5583053504e+01 -1.3960710146e-01 9.1636356499e-01 1.5770578465e+00 -2.5619290935e+01 -1.3962064336e-01
1.2712712713e-01 9.1937150377e-01 1.5194587760e+00 -2.5655121296e+01 -1.3776959765e-01 9.1946944464e-01 1.5256902047e+00 -2.5696368274e+01 -1.3778295553e-01
1.2912912913e-01 9.2236200395e-01 1.4680280636e+00 -2.5723553929e+01 -1.3592600388e-01 9.2247233417e-01 1.4741719523e+00 -2.5769748451e+01 -1.3593915276e-01
1.3113113113e-01 9.2524940503e-01 1.4164639939e+00 -2.5788344075e+01 -1.3407652628e-01 9.2537193948e-01 1.4225105063e+00 -2.5839416131e+01 -1.3408944153e-01
1.3313313313e-01 9.2803344733e-01 1.3647738659e+00 -2.5849485021e+01 -1.3222137152e-01 9.2816798134e-01 1.3707133139e+00 -2.5905356681e+01 -1.3223402892e-01
1.3513513514e-01 9.3071388581e-01 1.3129649917e+00 -2.5906970667e+01 -1.3036074677e-01 9.3086019547e-01 1.3187878509e+00 -2.5967556182e+01 -1.3037312251e-01
1.3713713714e-01 9.3329049006e-01 1.2610446946e+00 -2.5960795531e+01 -1.2849485967e-01 9.3344833258e-01 1.2667416203e+00 -2.6026001449e+01 -1.2850693042e-01
1.3913913914e-01 9.3576304435e-01 1.2090203086e+00 -2.6010954745e+01 -1.2662391833e-01 9.3593215842e-01 1.2145821506e+00 -2.6080680035e+01 -1.2663566126e-01
1.4114114114e-01 9.3813134765e-01 1.1568991767e+00 -2.6057444056e+01 -1.2474813124e-01 9.3831145385e-01 1.1623169945e+00 -2.6131580251e+01 -1.2475952407e-01
1.4314314314e-01 9.4039521363e-01 1.1046886498e+00 -2.6100259829e+01 -1.2286770732e-01 9.4058601485e-01 1.1099537273e+00 -2.6178691178e+01 -1.2287872833e-01
1.4514514515e-01 9.4255447068e-01 1.0523960854e+00 -2.6139399045e+01 -1.2098285582e-01 9.4275565261e-01 1.0574999457e+00 -2.6222002675e+01 -1.2099348392e-01
1.4714714715e-01 9.4460896194e-01 1.0000288465e+00 -2.6174859301e+01 -1.1909378632e-01 9.4482019355e-01 1.0049632654e+00 -2.6261505393e+01 -1.1910400106e-01
1.4914914915e-01 9.4655854527e-01 9.4759430023e-01 -2.6206638811e+01 -1.1720070871e-01 9.4677947932e-01 9.5235132037e-01 -2.6297190790e+01 -1.1721049032e-01
1.5115115115e-01 9.4840309331e-01 8.9509981681e-01 -2.6234736402e+01 -1.1530383314e-01 9.4863336692e-01 8.9967176077e-01 -2.6329051138e+01 -1.1531316257e-01
1.5315315315e-01 9.5014249344e-01 8.4255276808e-01 -2.6259151520e+01 -1.1340337001e-01 9.5038172865e-01 8.4693225140e-01 -2.6357079536e+01 -1.1341222894e-01
1.5515515516e-01 9.5177664781e-01 7.8996052640e-01 -2.6279884225e+01 -1.1149952993e-01 9.5202445217e-01 7.9414047004e-01 -2.6381269918e+01 -1.1150790082e-01
1.5715715716e-01 9.5330547331e-01 7.3733046338e-01 -2.6296935190e+01 -1.0959252368e-01 9.5356144052e-01 7.4130410576e-01 -2.6401617068e+01 -1.0960038978e-01
1.5915915916e-01 9.5472890161e-01 6.8466994871e-01 -2.6310305704e+01 -1.0768256221e-01 9.5499261216e-01 6.8843085723e-01 -2.6418116626e+01 -1.0768990761e-01
1.6116116116e-01 9.5604687912e-01 6.3198634883e-01 -2.6319997668e+01 -1.0576985657e-01 9.5631790096e-01 6.3552843099e-01 -2.6430765096e+01 -1.0577666620e-01
1.6316316316e-01 9.5725936699e-01 5.7928702582e-01 -2.6326013592e+01 -1.0385461791e-01 9.5753725622e-01 5.8260453969e-01 -2.6439559859e+01 -1.0386087760e-01
1.6516516517e-01 9.5836634111e-01 5.2657933607e-01 -2.6328356602e+01 -1.0193705746e-01 9.5865064269e-01 5.2966690034e-01 -2.6444499179e+01 -1.0194275391e-01
1.6716716717e-01 9.5936779208e-01 4.7387062915e-01 -2.6327030430e+01 -1.0001738645e-01 9.5965804058e-01 4.7672323254e-01 -2.6445582210e+01 -1.0002250732e-01
1.6916916917e-01 9.6026372523e-01 4.2116824650e-01 -2.6322039418e+01 -9.8095816159e-02 9.6055944555e-01 4.2378125670e-01 -2.6442809004e+01 -9.8100350007e-02
1.7117117117e-01 9.6105416054e-01 3.6847952031e-01 -2.6313388513e+01 -9.6172557799e-02 9.6135486871e-01 3.7084869219e-01 -2.6436180517e+01 -9.6176494175e-02
1.7317317317e-01 9.6173913270e-01 3.1581177222e-01 -2.6301083269e+01 -9.4247822548e-02 9.6204433663e-01 3.1793325559e-01 -2.6425698619e+01 -9.4251151971e-02
1.7517517518e-01 9.6231869102e-01 2.6317231216e-01 -2.6285129843e+01 -9.2321821496e-02 9.6262789132e-01 2.6504265879e-01 -2.6411366092e+01 -9.2324535479e-02
1.7717717718e-01 9.6279289944e-01 2.1056843714e-01 -2.6265534994e+01 -9.0394765619e-02 9.6310559022e-01 2.1218460721e-01 -2.6393186644e+01 -9.0396856681e-02
1.7917917918e-01 9.6316183649e-01 1.5800743002e-01 -2.6242306082e+01 -8.8466865751e-02 9.6347750619e-01 1.5936679790e-01 -2.6371164905e+01 -8.8468327432e-02
1.8118118118e-01 9.6342559528e-01 1.0549655835e-01 -2.6215451062e+01 -8.6538332555e-02 9.6374372750e-01 1.0659691774e-01 -2.6345306438e+01 -8.6539159423e-02
1.8318318318e-01 9.6358428343e-01 5.3043073135e-02 -2.6184978488e+01 -8.4609376491e-02 9.6390435778e-01 5.3882641506e-02 -2.6315617736e+01 -8.4609564153e-02
1.8518518519e-01 9.6363802308e-01 6.5420766571e-04 -2.6150897507e+01 -8.2680207790e-02 9.6395951603e-01 1.2316300634e-03 -2.6282106230e+01 -8.2679752900e-02
1.8718718719e-01 9.6358695082e-01 -5.1662823665e-02 -2.6113217856e+01 -8.0751036426e-02 9.6390933656e-01 -5.1348471546e-02 -2.6244780285e+01 -8.0749936687e-02
1.8918918919e-01 9.6343121767e-01 -1.0390082655e-01 -2.6071949862e+01 -7.8822072081e-02 9.6375396896e-01 -1.0385003597e-01 -2.6203649209e+01 -7.8820326253e-02
1.9119119119e-01 9.6317098902e-01 -1.5605262795e-01 -2.6027104437e+01 -7.6893524124e-02 9.6349357808e-01 -1.5626545542e-01 -2.6158723245e+01 -7.6891132022e-02
1.9319319319e-01 9.6280644462e-01 -2.0811107725e-01 -2.5978693079e+01 -7.4965601577e-02 9.6312834400e-01 -2.0858714357e-01 -2.6110013578e+01 -7.4962564074e-02
1.9519519520e-01 9.6233777849e-01 -2.6006904744e-01 -2.5926727864e+01 -7.3038513087e-02 9.6265846192e-01 -2.6080753740e-01 -2.6057532329e+01 -7.3034832112e-02
1.9719719720e-01 9.6176519890e-01 -3.1191943625e-01 -2.5871221448e+01 -7.1112466900e-02 9.6208414220e-01 -3.1291909913e-01 -2.6001292557e+01 -7.1108145433e-02
1.9919919920e-01 9.6108892833e-01 -3.6365516735e-01 -2.5812187061e+01 -6.9187670830e-02 9.6140561024e-01 -3.6491431804e-01 -2.5941308257e+01 -6.9182712899e-02
2.0120120120e-01 9.6030920338e-01 -4.1526919146e-01 -2.5749638505e+01 -6.7264332330e-02 9.6062310644e-01 -4.1678571235e-01 -2.5877594354e+01 -6.7258742905e-02
2.0320320320e-01 9.5942627473e-01 -4.6675448748e-01 -2.5683590150e+01 -6.5342658268e-02 9.5973688618e-01 -4.6852583111e-01 -2.5810166701e+01 -6.5336443348e-02
2.0520520521e-01 9.5844040711e-01 -5.1810406368e-01 -2.5614056933e+01 -6.3422854936e-02 9.5874721970e-01 -5.2012725603e-01 -2.5739042077e+01 -6.3416021603e-02
2.0720720721e-01 9.5735187920e-01 -5.6931095877e-01 -2.5541054351e+01 -6.1505128140e-02 9.5765439205e-01 -5.7158260333e-01 -2.5664238179e+01 -6.1497684485e-02
2.0920920921e-01 9.5616098359e-01 -6.2036824305e-01 -2.5464598461e+01 -5.9589683116e-02 9.5645870305e-01 -6.2288452556e-01 -2.5585773619e+01 -5.9581638226e-02
2.1121121121e-01 9.5486802672e-01 -6.7126901953e-01 -2.5384705873e+01 -5.7676724498e-02 9.5516046718e-01 -6.7402571346e-01 -2.5503667915e+01 -5.7668088442e-02
2.1321321321e-01 9.5347332878e-01 -7.2200642502e-01 -2.5301393748e+01 -5.5766456295e-02 9.5376001351e-01 -7.2499889775e-01 -2.5417941485e+01 -5.5757240105e-02
2.1521521522e-01 9.5197722368e-01 -7.7257363123e-01 -2.5214679797e+01 -5.3859081858e-02 9.5225768563e-01 -7.7579685091e-01 -2.5328615642e+01 -5.3849297513e-02
2.1721721722e-01 9.5038005898e-01 -8.2296384589e-01 -2.5124582270e+01 -5.1954803861e-02 9.5065384155e-01 -8.2641238898e-01 -2.5235712579e+01 -5.1944464264e-02
2.1921921922e-01 9.4868219577e-01 -8.7317031380e-01 -2.5031119960e+01 -5.0053824263e-02 9.4894885361e-01 -8.7683837330e-01 -2.5139255367e+01 -5.0042943222e-02
2.2122122122e-01 9.4688400865e-01 -9.2318631789e-01 -2.4934312192e+01 -4.8156344291e-02 9.4714310842e-01 -9.2706771228e-01 -2.5039267943e+01 -4.8144936494e-02
2.2322322322e-01 9.4498588562e-01 -9.7300518035e-01 -2.4834178824e+01 -4.6262564406e-02 9.4523700671e-01 -9.7709336310e-01 -2.4935775097e+01 -4.6250645396e-02
2.2522522523e-01 9.4298822800e-01 -1.0226202636e+00 -2.4730740239e+01 -4.4372684279e-02 9.4323096327e-01 -1.0269083334e+00 -2.4828802463e+01 -4.4360270429e-02
2.2722722723e-01 9.4089145038e-01 -1.0720249715e+00 -2.4624017343e+01 -4.2486902766e-02 9.4112540686e-01 -1.0765056830e+00 -2.4718376507e+01 -4.2474011251e-02
2.2922922923e-01 9.3869598049e-01 -1.1212127502e+00 -2.4514031559e+01 -4.0605417878e-02 9.3892078003e-01 -1.1258785256e+00 -2.4604524514e+01 -4.0592066645e-02
2.3123123123e-01 9.3640225915e-01 -1.1701770893e+00 -2.4400804824e+01 -3.8728426758e-02 9.3661753911e-01 -1.1750200301e+00 -2.4487274577e+01 -3.8714634497e-02
2.3323323323e-01 9.3401074016e-01 -1.2189115226e+00 -2.4284359580e+01 -3.6856125653e-02 9.3421615403e-01 -1.2239234227e+00 -2.4366655579e+01 -3.6841911763e-02
2.3523523524e-01 9.3152189024e-01 -1.2674096297e+00 -2.4164718777e+01 -3.4988709887e-02 9.3171710821e-01 -1.2725819881e+00 -2.4242697183e+01 -3.4974094448e-02
2.3723723724e-01 9.2893618889e-01 -1.3156650365e+00 -2.4041905860e+01 -3.3126373839e-02 9.2912089848e-01 -1.3209890711e+00 -2.4115429815e+01 -3.3111377573e-02
2.3923923924e-01 9.2625412835e-01 -1.3636714162e+00 -2.3915944769e+01 -3.1269310914e-02 9.2642803490e-01 -1.3691380782e+00 -2.3984884649e+01 -3.1253955151e-02
2.4124124124e-01 9.2347621346e-01 -1.4114224905e+00 -2.3786859933e+01 -2.9417713520e-02 9.2363904071e-01 -1.4170224792e+00 -2.3851093590e+01 -2.9402020163e-02
2.4324324324e-01 9.2060296158e-01 -1.4589120306e+00 -2.3654676263e+01 -2.7571773041e-02 9.2075445212e-01 -1.4646358081e+00 -2.3714089259e+01 -2.7555764528e-02
2.4524524525e-01 9.1763490250e-01 -1.5061338580e+00 -2.3519419148e+01 -2.5731679812e-02 9.1777481824e-01 -1.5119716654e+00 -2.3573904973e+01 -2.5715379077e-02
2.4724724725e-01 9.1457257832e-01 -1.5530818453e+00 -2.3381114452e+01 -2.3897623097e-02 9.1470070091e-01 -1.5590237186e+00 -2.3430574731e+01 -2.3881053533e-02
2.4924924925e-01 9.1141654337e-01 -1.5997499176e+00 -2.3239788504e+01 -2.2069791061e-02 9.1153267460e-01 -1.6057857042e+00 -2.3284133193e+01 -2.2052976477e-02
2.5125125125e-01 9.0816736406e-01 -1.6461320532e+00 -2.3095468097e+01 -2.0248370747e-02 9.0827132623e-01 -1.6522514284e+00 -2.3134615661e+01 -2.0231335331e-02
2.5325325325e-01 9.0482561884e-01 -1.6922222842e+00 -2.2948180478e+01 -1.8433548053e-02 9.0491725506e-01 -1.6984147691e+00 -2.2982058064e+01 -1.8416316328e-02
2.5525525526e-01 9.0139189801e-01 -1.7380146981e+00 -2.2797953346e+01 -1.6625507706e-02 9.0147107252e-01 -1.7442696766e+00 -2.2826496931e+01 -1.6608104488e-02
2.5725725726e-01 8.9786680368e-01 -1.7835034379e+00 -2.2644814845e+01 -1.4824433241e-02 8.9793340211e-01 -1.7898101747e+00 -2.2667969379e+01 -1.4806883597e-02
2.5925925926e-01 8.9425094963e-01 -1.8286827036e+00 -2.2488793558e+01 -1.3030506974e-02 8.9430487917e-01 -1.8350303623e+00 -2.2506513088e+01 -1.3012836180e-02
2.6126126126e-01 8.9054496117e-01 -1.8735467529e+00 -2.2329918501e+01 -1.1243909982e-02 8.9058615083e-01 -1.8799244142e+00 -2.2342166279e+01 -1.1226143477e-02
2.6326326326e-01 8.8674947507e-01 -1.9180899019e+00 -2.2168219119e+01 -9.4648220774e-03 8.8677787577e-01 -1.9244865824e+00 -2.2174967697e+01 -9.4469854238e-03
2.6526526527e-01 8.8286513942e-01 -1.9623065262e+00 -2.2003725276e+01 -7.6934217874e-03 8.8288072411e-01 -1.9687111968e+00 -2.2004956586e+01 -7.6755406228e-03
2.6726726727e-01 8.7889261350e-01 -2.0061910614e+00 -2.1836467252e+01 -5.9298863303e-03 8.7889537725e-01 -2.0125926663e+00 -2.1832172670e+01 -5.9119863253e-03
2.6926926927e-01 8.7483256767e-01 -2.0497380043e+00 -2.1666475737e+01 -4.1743915933e-03 8.7482252769e-01 -2.0561254800e+00 -2.1656656130e+01 -4.1564984070e-03
2.7127127127e-01 8.7068568325e-01 -2.0929419136e+00 -2.1493781823e+01 -2.4271121108e-03 8.7066287889e-01 -2.0993042077e+00 -2.1478447579e+01 -2.4092513460e-03
2.7327327327e-01 8.6645265238e-01 -2.1357974104e+00 -2.1318416998e+01 -6.8822104203e-04 8.6641714510e-01 -2.1421235010e+00 -2.1297588043e+01 -6.7041820143e-04
2.7527527528e-01 8.6213417792e-01 -2.1782991795e+00 -2.1140413142e+01 1.0421098500e-03 8.6208605120e-01 -2.1845780940e+00 -2.1114118937e+01 1.0598294082e-03
2.7727727728e-01 8.5773097330e-01 -2.2204419697e+00 -2.0959802517e+01 2.7637102201e-03 8.5767033250e-01 -2.2266628042e+00 -2.0928082045e+01 2.7813213261e-03
2.7927927928e-01 8.5324376240e-01 -2.2622205948e+00 -2.0776617763e+01 4.4764111617e-03 8.5317073465e-01 -2.2683725328e+00 -2.0739519490e+01 4.4938888780e-03
2.8128128128e-01 8.4867327942e-01 -2.3036299346e+00 -2.0590891891e+01 6.1800452280e-03 8.4858801339e-01 -2.3097022661e+00 -2.0548473717e+01 6.1973648925e-03
2.8328328328e-01 8.4402026873e-01 -2.3446649349e+00 -2.0402658275e+01 7.8744464521e-03 8.4392293441e-01 -2.3506470753e+00 -2.0354987471e+01 7.8915837210e-03
2.8528528529e-01 8.3928548477e-01 -2.3853206090e+00 -2.0211950648e+01 9.5594503673e-03 8.3917627319e-01 -2.3912021175e+00 -2.0159103766e+01 9.5763812581e-03
2.8728728729e-01 8.3446969188e-01 -2.4255920380e+00 -2.0018803092e+01 1.1234894028e-02 8.3434881483e-01 -2.4313626364e+00 -1.9960865871e+01 1.1251594960e-02
2.8928928929e-01 8.2957366420e-01 -2.4654743715e+00 -1.9823250034e+01 1.2900616027e-02 8.2944135386e-01 -2.4711239624e+00 -1.9760317281e+01 1.2917063865e-02
2.9129129129e-01 8.2459818548e-01 -2.5049628284e+00 -1.9625326237e+01 1.4556456518e-02 8.2445469405e-01 -2.5104815131e+00 -1.9557501696e+01 1.4572628610e-02
2.9329329329e-01 8.1954404899e-01 -2.5440526976e+00 -1.9425066797e+01 1.6202257233e-02 8.1938964828e-01 -2.5494307939e+00 -1.9352462997e+01 1.6218131451e-02
2.9529529530e-01 8.1441205738e-01 -2.5827393386e+00 -1.9222507129e+01 1.7837861502e-02 8.1424703834e-01 -2.5879673982e+00 -1.9145245224e+01 1.7853416281e-02
2.9729729730e-01 8.0920302248e-01 -2.6210181820e+00 -1.9017682968e+01 1.9463114269e-02 8.0902769473e-01 -2.6260870078e+00 -1.8935892554e+01 1.9478328646e-02
2.9929929930e-01 8.0391776522e-01 -2.6588847302e+00 -1.8810630355e+01 2.1077862116e-02 8.0373245654e-01 -2.6637853927e+00 -1.8724449276e+01 2.1092715763e-02
3.0130130130e-01 7.9855711547e-01 -2.6963345584e+00 -1.8601385636e+01 2.2681953273e-02 7.9836217122e-01 -2.7010584121e+00 -1.8510959769e+01 2.2696426538e-02
3.0330330330e-01 7.9312191185e-01 -2.7333633144e+00 -1.8389985450e+01 2.4275237645e-02 7.9291769441e-01 -2.7379020139e+00 -1.8295468484e+01 2.4289311582e-02
3.0530530531e-01 7.8761300166e-01 -2.7699667200e+00 -1.8176466724e+01 2.5857566820e-02 7.8739988980e-01 -2.7743122350e+00 -1.8078019917e+01 2.5871223227e-02
3.0730730731e-01 7.8203124067e-01 -2.8061405710e+00 -1.7960866668e+01 2.7428794095e-02 7.8180962891e-01 -2.8102852016e+00 -1.7858658587e+01 2.7442015541e-02
3.0930930931e-01 7.7637749300e-01 -2.8418807381e+00 -1.7743222761e+01 2.8988774485e-02 7.7614779093e-01 -2.8458171288e+00 -1.7637429022e+01 2.9001544346e-02
3.1131131131e-01 7.7065263094e-01 -2.8771831672e+00 -1.7523572751e+01 3.0537364745e-02 7.7041526252e-01 -2.8809043210e+00 -1.7414375729e+01 3.0549667229e-02
3.1331331331e-01 7.6485753485e-01 -2.9120438801e+00 -1.7301954645e+01 3.2074423386e-02 7.6461293769e-01 -2.9155431716e+00 -1.7189543178e+01 3.2086243564e-02
3.1531531532e-01 7.5899309296e-01 -2.9464589750e+00 -1.7078406699e+01 3.3599810685e-02 7.5874171753e-01 -2.9497301629e+00 -1.6962975785e+01 3.3611134517e-02
3.1731731732e-01 7.5306020125e-01 -2.9804246268e+00 -1.6852967415e+01 3.5113388709e-02 7.5280251013e-01 -2.9834618664e+00 -1.6734717883e+01 3.5124203068e-02
3.1931931932e-01 7.4705976325e-01 -3.0139370877e+00 -1.6625675531e+01 3.6615021325e-02 7.4679623033e-01 -3.0167349417e+00 -1.6504813712e+01 3.6625314022e-02
3.2132132132e-01 7.4099268996e-01 -3.0469926879e+00 -1.6396570012e+01 3.8104574215e-02 7.4072379958e-01 -3.0495461374e+00 -1.6273307397e+01 3.8114334020e-02
3.2332332332e-01 7.3485989961e-01 -3.0795878356e+00 -1.6165690048e+01 3.9581914895e-02 7.3458614573e-01 -3.0818922899e+00 -1.6040242927e+01 3.9591131556e-02
3.2532532533e-01 7.2866231756e-01 -3.1117190177e+00 -1.5933075041e+01 4.1046912724e-02 7.2838420290e-01 -3.1137703238e+00 -1.5805664140e+01 4.1055576986e-02
3.2732732733e-01 7.2240087611e-01 -3.1433828004e+00 -1.5698764598e+01 4.2499438921e-02 7.2211891127e-01 -3.1451772510e+00 -1.5569614708e+01 4.2507542546e-02
3.2932932933e-01 7.1607651439e-01 -3.1745758291e+00 -1.5462798528e+01 4.3939366579e-02 7.1579121692e-01 -3.1761101710e+00 -1.5332138115e+01 4.3946902355e-02
3.3133133133e-01 7.0969017812e-01 -3.2052948294e+00 -1.5225216828e+01 4.5366570678e-02 7.0940207163e-01 -3.2065662699e+00 -1.5093277645e+01 4.5373532436e-02
3.3333333333e-01 7.0324281953e-01 -3.2355366069e+00 -1.4986059682e+01 4.6780928096e-02 7.0295243276e-01 -3.2365428204e+00 -1.4853076365e+01 4.6787310721e-02
3.3533533534e-01 6.9673539714e-01 -3.2652980480e+00 -1.4745367448e+01 4.8182317625e-02 6.9644326300e-01 -3.2660371810e+00 -1.4611577111e+01 4.8188117064e-02
3.3733733734e-01 6.9016887564e-01 -3.2945761199e+00 -1.4503180651e+01 4.9570619984e-02 6.8987553030e-01 -3.2950467959e+00 -1.4368822473e+01 4.9575833253e-02
3.3933933934e-01 6.8354422570e-01 -3.3233678712e+00 -1.4259539979e+01 5.0945717825e-02 6.8325020758e-01 -3.3235691942e+00 -1.4124854784e+01 5.0950343018e-02
3.4134134134e-01 6.7686242383e-01 -3.3516704321e+00 -1.4014486273e+01 5.2307495753e-02 6.7656827266e-01 -3.3516019895e+00 -1.3879716103e+01 5.2311532041e-02
3.4334334334e-01 6.7012445219e-01 -3.3794810147e+00 -1.3768060517e+01 5.3655840331e-02 6.6983070806e-01 -3.3791428795e+00 -1.3633448208e+01 5.3659287967e-02
3.4534534535e-01 6.6333129844e-01 -3.4067969133e+00 -1.3520303836e+01 5.4990640096e-02 6.6303850079e-01 -3.4061896449e+00 -1.3386092581e+01 5.4993500413e-02
3.4734734735e-01 6.5648395558e-01 -3.4336155047e+00 -1.3271257480e+01 5.6311785567e-02 6.5619264226e-01 -3.4327401494e+00 -1.3137690398e+01 5.6314060975e-02
3.4934934935e-01 6.4958342178e-01 -3.4599342484e+00 -1.3020962826e+01 5.7619169255e-02 6.4929412803e-01 -3.4587923387e+00 -1.2888282522e+01 5.7620863241e-02
3.5135135135e-01 6.4263070020e-01 -3.4857506867e+00 -1.2769461361e+01 5.8912685674e-02 6.4234395774e-01 -3.4843442401e+00 -1.2637909491e+01 5.8913802792e-02
3.5335335335e-01 6.3562679886e-01 -3.5110624452e+00 -1.2516794683e+01 6.0192231355e-02 6.3534313487e-01 -3.5093939617e+00 -1.2386611511e+01 6.0192777217e-02
3.5535535536e-01 6.2857273043e-01 -3.5358672329e+00 -1.2263004486e+01 6.1457704848e-02 6.2829266660e-01 -3.5339396916e+00 -1.2134428447e+01 6.1457686118e-02
3.5735735736e-01 6.2146951210e-01 -3.5601628424e+00 -1.2008132555e+01 6.2709006735e-02 6.2119356368e-01 -3.5579796975e+00 -1.1881399819e+01 6.2708431114e-02
3.5935935936e-01 6.1431816537e-01 -3.5839471498e+00 -1.1752220759e+01 6.3946039641e-02 6.1404684024e-01 -3.5815123259e+00 -1.1627564796e+01 6.3944915855e-02
3.6136136136e-01 6.0711971593e-01 -3.6072181154e+00 -1.1495311043e+01 6.5168708238e-02 6.0685351363e-01 -3.6045360013e+00 -1.1372962187e+01 6.5167046021e-02
3.6336336336e-01 5.9987519347e-01 -3.6299737834e+00 -1.1237445419e+01 6.6376919257e-02 5.9961460430e-01 -3.6270492255e+00 -1.1117630440e+01 6.6374729334e-02
3.6536536537e-01 5.9258563149e-01 -3.6522122820e+00 -1.0978665961e+01 6.7570581494e-02 5.9233113560e-01 -3.6490505769e+00 -1.0861607639e+01 6.7567875562e-02
3.6736736737e-01 5.8525206719e-01 -3.6739318241e+00 -1.0719014792e+01 6.8749605818e-02 5.8500413367e-01 -3.6705387100e+00 -1.0604931501e+01 6.8746396522e-02
3.6936936937e-01 5.7787554122e-01 -3.6951307066e+00 -1.0458534082e+01 6.9913905175e-02 5.7763462725e-01 -3.6915123540e+00 -1.0347639370e+01 6.9910206090e-02
3.7137137137e-01 5.7045709758e-01 -3.7158073110e+00 -1.0197266038e+01 7.1063394603e-02 5.7022364756e-01 -3.7119703130e+00 -1.0089768222e+01 7.1059220206e-02
3.7337337337e-01 5.6299778342e-01 -3.7359601034e+00 -9.9352528962e+00 7.2197991229e-02 5.6277222814e-01 -3.7319114644e+00 -9.8313546612e+00 7.2193356872e-02
3.7537537538e-01 5.5549864889e-01 -3.7555876344e+00 -9.6725369127e+00 7.3317614282e-02 5.5528140470e-01 -3.7513347587e+00 -9.5724349211e+00 7.3312536165e-02
3.7737737738e-01 5.4796074694e-01 -3.7746885391e+00 -9.4091603588e+00 7.4422185093e-02 5.4775221498e-01 -3.7702392183e+00 -9.3130448656e+00 7.4416680236e-02
3.7937937938e-01 5.4038513316e-01 -3.7932615375e+00 -9.1451655116e+00 7.5511627108e-02 5.4018569861e-01 -3.7886239374e+00 -9.0532199915e+00 7.5505713317e-02
3.8138138138e-01 5.3277286564e-01 -3.8113054341e+00 -8.8805946469e+00 7.6585865886e-02 5.3258289697e-01 -3.8064880807e+00 -8.7929954309e+00 7.6579561722e-02
3.8338338338e-01 5.2512500477e-01 -3.8288191179e+00 -8.6154900312e+00 7.7644829106e-02 5.2494485301e-01 -3.8238308828e+00 -8.5324059548e+00 7.7638153851e-02
3.8538538539e-01 5.1744261308e-01 -3.8458015626e+00 -8.3498939141e+00 7.8688446574e-02 5.1727261117e-01 -3.8406516478e+00 -8.2714859774e+00 7.8681420194e-02
3.8738738739e-01 5.0972675506e-01 -3.8622518267e+00 -8.0838485213e+00 7.9716650225e-02 5.0956721723e-01 -3.8569497480e+00 -8.0102695610e+00 7.9709293334e-02
3.8938938939e-01 5.0197849702e-01 -3.8781690528e+00 -7.8173960461e+00 8.0729374126e-02 5.0182971811e-01 -3.8727246239e+00 -7.7487904216e+00 8.0721707947e-02
3.9139139139e-01 4.9419890688e-01 -3.8935524682e+00 -7.5505786428e+00 8.1726554480e-02 4.9406116182e-01 -3.8879757828e+00 -7.4870819354e+00 8.1718600809e-02
3.9339339339e-01 4.8638905403e-01 -3.9084013845e+00 -7.2834384185e+00 8.2708129631e-02 4.8626259729e-01 -3.9027027989e+00 -7.2251771456e+00 8.2699910792e-02
3.9539539540e-01 4.7855000918e-01 -3.9227151975e+00 -7.0160174257e+00 8.3674040065e-02 4.7843507421e-01 -3.9169053119e+00 -6.9631087702e+00 8.3665578870e-02
3.9739739740e-01 4.7068284412e-01 -3.9364933870e+00 -6.7483576554e+00 8.4624228410e-02 4.7057964295e-01 -3.9305830268e+00 -6.7009092102e+00 8.4615548120e-02
3.9939939940e-01 4.6278863163e-01 -3.9497355172e+00 -6.4805010289e+00 8.5558639445e-02 4.6269735440e-01 -3.9437357131e+00 -6.4386105586e+00 8.5549763722e-02
4.0140140140e-01 4.5486844526e-01 -3.9624412357e+00 -6.2124893909e+00 8.6477218984e-02 4.5478925985e-01 -3.9563632043e+00 -6.1762446095e+00 8.6468172959e-02
4.0340340340e-01 4.4692335920e-01 -3.9746102740e+00 -5.9443645020e+00 8.7379916729e-02 4.4685641084e-01 -3.9684653973e+00 -5.9138428685e+00 8.7370725220e-02
4.0540540541e-01 4.3895444808e-01 -3.9862424472e+00 -5.6761680314e+00 8.8266684380e-02 4.3889985908e-01 -3.9800422518e+00 -5.6514365628e+00 8.8257371999e-02
4.0740740741e-01 4.3096278682e-01 -3.9973376535e+00 -5.4079415493e+00 8.9137475317e-02 4.3092065629e-01 -3.9910937896e+00 -5.3890566527e+00 8.9128066897e-02
4.0940940941e-01 4.2294945046e-01 -4.0078958744e+00 -5.1397265202e+00 8.9992245070e-02 4.2291985408e-01 -4.0016200943e+00 -5.1267338426e+00 8.9982765619e-02
4.1141141141e-01 4.1491551400e-01 -4.0179171743e+00 -4.8715642954e+00 9.0830951322e-02 4.1489850382e-01 -4.0116213109e+00 -4.8644985931e+00 9.0821425974e-02
4.1341341341e-01 4.0686205222e-01 -4.0274017001e+00 -4.6034961055e+00 9.1653553909e-02 4.0685765656e-01 -4.0210976448e+00 -4.6023811333e+00 9.1644007878e-02
4.1541541542e-01 3.9879013952e-01 -4.0363496813e+00 -4.3355630540e+00 9.2460014815e-02 3.9879836285e-01 -4.0300493620e+00 -4.3404114737e+00 9.2450473350e-02
4.1741741742e-01 3.9070084978e-01 -4.0447614295e+00 -4.0678061094e+00 9.3250298178e-02 3.9072167266e-01 -4.0384767882e+00 -4.0786194186e+00 9.3240786510e-02
4.1941941942e-01 3.8259525615e-01 -4.0526373381e+00 -3.8002660988e+00 9.4024370284e-02 3.8262863524e-01 -4.0463803088e+00 -3.8170345803e+00 9.4014913583e-02
4.2142142142e-01 3.7447443092e-01 -4.0599778821e+00 -3.5329837006e+00 9.4782199566e-02 3.7452029902e-01 -4.0537603679e+00 -3.5556863920e+00 9.4772822889e-02
4.2342342342e-01 3.6633944535e-01 -4.0667836179e+00 -3.2659994373e+00 9.5523756604e-02 3.6639771148e-01 -4.0606174688e+00 -3.2946041221e+00 9.5514484849e-02
4.2542542543e-01 3.5819136950e-01 -4.0730551828e+00 -2.9993536693e+00 9.6249014119e-02 3.5826191903e-01 -4.0669521729e+00 -3.0338168877e+00 9.6239871980e-02
4.2742742743e-01 3.5003127208e-01 -4.0787932947e+00 -2.7330865873e+00 9.6957946976e-02 3.5011396690e-01 -4.0727651000e+00 -2.7733536696e+00 9.6948958893e-02
4.2942942943e-01 3.4186022028e-01 -4.0839987519e+00 -2.4672382059e+00 9.7650532177e-02 3.4195489901e-01 -4.0780569276e+00 -2.5132433259e+00 9.7641722288e-02
4.3143143143e-01 3.3367927960e-01 -4.0886724324e+00 -2.2018483569e+00 9.8326748857e-02 3.3378575789e-01 -4.0828283910e+00 -2.2535146071e+00 9.8318140955e-02
4.3343343343e-01 3.2548951372e-01 -4.0928152939e+00 -1.9369566822e+00 9.8986578284e-02 3.2560758452e-01 -4.0870802829e+00 -1.9941961698e+00 9.8978195771e-02
4.3543543544e-01 3.1729198432e-01 -4.0964283735e+00 -1.6726026275e+00 9.9630003854e-02 3.1742141824e-01 -4.0908134533e+00 -1.7353165920e+00 9.9621869694e-02
4.3743743744e-01 3.0908775091e-01 -4.0995127865e+00 -1.4088254358e+00 1.0025701108e-01 3.0922829663e-01 -4.0940288094e+00 -1.4769043872e+00 1.0024914776e-01
4.3943943944e-01 3.0087787071e-01 -4.1020697272e+00 -1.1456641405e+00 1.0086758761e-01 3.0102925540e-01 -4.0967273153e+00 -1.2189880187e+00 1.0086001708e-01
4.4144144144e-01 2.9266339845e-01 -4.1041004672e+00 -8.8315755920e-01 1.0146172320e-01 2.9282532829e-01 -4.0989099921e+00 -9.6159591431e-01 1.0145446684e-01
4.4344344344e-01 2.8444538626e-01 -4.1056063562e+00 -6.2134428708e-01 1.0203940969e-01 2.8461754690e-01 -4.1005779180e+00 -7.0475648021e-01 1.0203248830e-01
4.4544544545e-01 2.7622488347e-01 -4.1065888205e+00 -3.6026269080e-01 1.0260064105e-01 2.7640694064e-01 -4.1017322277e+00 -4.4849811510e-01 1.0259407476e-01
4.4744744745e-01 2.6800293648e-01 -4.1070493632e+00 -9.9950902040e-02 1.0314541336e-01 2.6819453659e-01 -4.1023741129e+00 -1.9284922399e-01 1.0313922159e-01
4.4944944945e-01 2.5978058862e-01 -4.1069895634e+00 1.5955318869e-01 1.0367372475e-01 2.5998135939e-01 -4.1025048224e+00 6.2161768261e-02 1.0366792624e-01
4.5145145145e-01 2.5155887996e-01 -4.1064110757e+00 4.1821193821e-01 1.0418557547e-01 2.5176843111e-01 -4.1021256617e+00 3.1650640372e-01 1.0418018816e-01
4.5345345345e-01 2.4333884721e-01 -4.1053156302e+00 6.7598795679e-01 1.0468096784e-01 2.4355677116e-01 -4.1012379932e+00 5.7015617843e-01 1.0467600889e-01
4.5545545546e-01 2.3512152352e-01 -4.1037050311e+00 9.3284411413e-01 1.0515990625e-01 2.3534739616e-01 -4.0998432368e+00 8.2308252986e-01 1.0515539198e-01
4.5745745746e-01 2.2690793836e-01 -4.1015811571e+00 1.1887435454e+00 1.0562239716e-01 2.2714131984e-01 -4.0979428693e+00 1.0752568248e+00 1.0561834301e-01
4.5945945946e-01 2.1869911737e-01 -4.0989459601e+00 1.4436496571e+00 1.0606844906e-01 2.1893955290e-01 -4.0955384252e+00 1.3266503475e+00 1.0606486961e-01
4.6146146146e-01 2.1049608220e-01 -4.0958014652e+00 1.6975261327e+00 1.0649807254e-01 2.1074310291e-01 -4.0926314963e+00 1.5772342888e+00 1.0649498140e-01
4.6346346346e-01 2.0229985038e-01 -4.0921497698e+00 1.9503369390e+00 1.0691128018e-01 2.0255297422e-01 -4.0892237323e+00 1.8269797349e+00 1.0690869005e-01
4.6546546547e-01 1.9411143516e-01 -4.0879930433e+00 2.2020463309e+00 1.0730808663e-01 1.9437016780e-01 -4.0853168410e+00 2.0758576577e+00 1.0730600921e-01
4.6746746747e-01 1.8593184540e-01 -4.0833335262e+00 2.4526188578e+00 1.0768850854e-01 1.8619568114e-01 -4.0809125883e+00 2.3238389049e+00 1.0768695453e-01
4.6946946947e-01 1.7776208536e-01 -4.0781735297e+00 2.7020193689e+00 1.0805256458e-01 1.7803050815e-01 -4.0760127987e+00 2.5708941910e+00 1.0805154368e-01
4.7147147147e-01 1.6960315465e-01 -4.0725154352e+00 2.9502130183e+00 1.0840027545e-01 1.6987563901e-01 -4.0706193553e+00 2.8169940892e+00 1.0839979628e-01
4.7347347347e-01 1.6145604802e-01 -4.0663616934e+00 3.1971652711e+00 1.0873166381e-01 1.6173206009e-01 -4.0647342004e+00 3.0621090237e+00 1.0873173395e-01
4.7547547548e-01 1.5332175523e-01 -4.0597148239e+00 3.4428419079e+00 1.0904675433e-01 1.5360075380e-01 -4.0583593356e+00 3.3062092625e+00 1.0904738028e-01
4.7747747748e-01 1.4520126096e-01 -4.0525774145e+00 3.6872090308e+00 1.0934557366e-01 1.4548269848e-01 -4.0514968223e+00 3.5492649116e+00 1.0934676083e-01
4.7947947948e-01 1.3709554462e-01 -4.0449521205e+00 3.9302330681e+00 1.0962815038e-01 1.3737886831e-01 -4.0441487818e+00 3.7912459093e+00 1.0962990308e-01
4.8148148148e-01 1.2900558024e-01 -4.0368416640e+00 4.1718807793e+00 1.0989451507e-01 1.2929023312e-01 -4.0363173959e+00 4.0321220215e+00 1.0989683651e-01
4.8348348348e-01 1.2093233634e-01 -4.0282488336e+00 4.4121192606e+00 1.1014470024e-01 1.2121775835e-01 -4.0280049067e+00 4.2718628380e+00 1.1014759248e-01
4.8548548549e-01 1.1287677579e-01 -4.0191764830e+00 4.6509159493e+00 1.1037874031e-01 1.1316240487e-01 -4.0192136180e+00 4.5104377695e+00 1.1038220432e-01
4.8748748749e-01 1.0483985567e-01 -4.0096275311e+00 4.8882386289e+00 1.1059667166e-01 1.0512512887e-01 -4.0099458944e+00 4.7478160453e+00 1.1060070727e-01
4.8948948949e-01 9.6822527160e-02 -3.9996049609e+00 5.1240554339e+00 1.1079853255e-01 9.7106881774e-02 -4.0002041627e+00 4.9839667123e+00 1.1080313846e-01
4.9149149149e-01 8.8825735417e-02 -3.9891118186e+00 5.3583348542e+00 1.1098436315e-01 8.9108610052e-02 -3.9899909118e+00 5.2188586341e+00 1.1098953694e-01
4.9349349349e-01 8.0850419421e-02 -3.9781512134e+00 5.5910457401e+00 1.1115420552e-01 8.1131255147e-02 -3.9793086928e+00 5.4524604924e+00 1.1115994365e-01
4.9549549550e-01 7.2897511869e-02 -3.9667263164e+00 5.8221573063e+00 1.1130810359e-01 7.3175753328e-02 -3.9681601200e+00 5.6847407875e+00 1.1131440139e-01
4.9749749750e-01 6.4967939050e-02 -3.9548403598e+00 6.0516391370e+00 1.1144610314e-01 6.5243035566e-02 -3.9565478710e+00 5.9156678415e+00 1.1145295486e-01
4.9949949950e-01 5.7062620718e-02 -3.9424966367e+00 6.2794611894e+00 1.1156825183e-01 5.7334027410e-02 -3.9444746866e+00 6.1452098012e+00 1.1157565059e-01
5.0150150150e-01 4.9182469978e-02 -3.9296984995e+00 6.5055937987e+00 1.1167459910e-01 4.9449648855e-02 -3.9319433720e+00 6.3733346427e+00 1.1168253697e-01
5.0350350350e-01 4.1328393162e-02 -3.9164493600e+00 6.7300076819e+00 1.1176519627e-01 4.1590814217e-02 -3.9189567964e+00 6.6000101763e+00 1.1177366423e-01
5.0550550551e-01 3.3501289714e-02 -3.9027526881e+00 6.9526739419e+00 1.1184009643e-01 3.3758432005e-02 -3.9055178936e+00 6.8252040534e+00 1.1184908441e-01
5.0750750751e-01 2.5702052073e-02 -3.8886120110e+00 7.1735640715e+00 1.1189935448e-01 2.5953404787e-02 -3.8916296624e+00 7.0488837732e+00 1.1190885138e-01
5.0950950951e-01 1.7931565561e-02 -3.8740309129e+00 7.3926499574e+00 1.1194302710e-01 1.8176629063e-02 -3.8772951670e+00 7.2710166912e+00 1.1195302080e-01
5.1151151151e-01 1.0190708267e-02 -3.8590130335e+00 7.6099038839e+00 1.1197117271e-01 1.0428995134e-02 -3.8625175366e+00 7.4915700283e+00 1.1198165012e-01
5.1351351351e-01 2.4803509376e-03 -3.8435620680e+00 7.8252985367e+00 1.1198385152e-01 2.7113869694e-03 -3.8472999666e+00 7.7105108812e+00 1.1199479858e-01
5.1551551552e-01 -5.1986431310e-03 -3.8276817656e+00 8.0388070065e+00 1.1198112544e-01 -4.9753179249e-03 -3.8316457183e+00 7.9278062335e+00 1.1199252715e-01
5.1751751752e-01 -1.2845418203e-02 -3.8113759290e+00 8.2504027925e+00 1.1196305813e-01 -1.2630248637e-02 -3.8155581189e+00 8.1434229678e+00 1.1197489859e-01
5.1951951952e-01 -2.0459126210e-02 -3.7946484136e+00 8.4600598060e+00 1.1192971494e-01 -2.0252540984e-02 -3.7990405625e+00 8.3573278787e+00 1.1194197737e-01
5.2152152152e-01 -2.8038926851e-02 -3.7775031266e+00 8.6677523736e+00 1.1188116291e-01 -2.7841337643e-02 -3.7820965092e+00 8.5694876872e+00 1.1189382969e-01
5.2352352352e-01 -3.5583987701e-02 -3.7599440262e+00 8.8734552405e+00 1.1181747075e-01 -3.5395788287e-02 -3.7647294863e+00 8.7798690555e+00 1.1183052346e-01
5.2552552553e-01 -4.3093484308e-02 -3.7419751206e+00 9.0771435737e+00 1.1173870885e-01 -4.2915049715e-02 -3.7469430874e+00 8.9884386029e+00 1.1175212829e-01
5.2752752753e-01 -5.0566600296e-02 -3.7236004676e+00 9.2787929653e+00 1.1164494922e-01 -5.0398285989e-02 -3.7287409735e+00 9.1951629227e+00 1.1165871547e-01
5.2952952953e-01 -5.8002527460e-02 -3.7048241731e+00 9.4783794350e+00 1.1153626551e-01 -5.7844668568e-02 -3.7101268720e+00 9.4000086002e+00 1.1155035795e-01
5.3153153153e-01 -6.5400465862e-02 -3.6856503908e+00 9.6758794335e+00 1.1141273296e-01 -6.5253376438e-02 -3.6911045774e+00 9.6029422309e+00 1.1142713033e-01
5.3353353353e-01 -7.2759623927e-02 -3.6660833209e+00 9.8712698451e+00 1.1127442843e-01 -7.2623596249e-02 -3.6716779511e+00 9.8039304402e+00 1.1128910885e-01
5.3553553554e-01 -8.0079218536e-02 -3.6461272097e+00 1.0064527990e+01 1.1112143033e-01 -7.9954522451e-02 -3.6518509211e+00 1.0002939904e+01 1.1113637138e-01
5.3753753754e-01 -8.7358475116e-02 -3.6257863484e+00 1.0255631628e+01 1.1095381866e-01 -8.7245357421e-02 -3.6316274823e+00 1.0199937368e+01 1.1096899738e-01
5.3953953954e-01 -9.4596627728e-02 -3.6050650720e+00 1.0444558961e+01 1.1077167494e-01 -9.4495311603e-02 -3.6110116959e+00 1.0394889673e+01 1.1078706790e-01
5.4154154154e-01 -1.0179291916e-01 -3.5839677590e+00 1.0631288632e+01 1.1057508221e-01 -1.0170360364e-01 -3.5900076893e+00 1.0587763775e+01 1.1059066557e-01
5.4354354354e-01 -1.0894660099e-01 -3.5624988303e+00 1.0815799733e+01 1.1036412503e-01 -1.0886946049e-01 -3.5686196561e+00 1.0778526767e+01 1.1037987458e-01
5.4554554555e-01 -1.1605693372e-01 -3.5406627478e+00 1.0998071803e+01 1.1013888945e-01 -1.1599211759e-01 -3.5468518556e+00 1.0967145908e+01 1.1015478065e-01
5.4754754755e-01 -1.2312318680e-01 -3.5184640143e+00 1.1178084834e+01 1.0989946299e-01 -1.2307081897e-01 -3.5247086124e+00 1.1153588643e+01 1.0991547101e-01
5.4954954955e-01 -1.3014463874e-01 -3.4959071720e+00 1.1355819267e+01 1.0964593461e-01 -1.3010481737e-01 -3.5021943160e+00 1.1337822630e+01 1.0966203443e-01
5.5155155155e-01 -1.3712057719e-01 -3.4729968018e+00 1.1531256000e+01 1.0937839472e-01 -1.3709337439e-01 -3.4793134206e+00 1.1519815765e+01 1.0939456113e-01
5.5355355355e-01 -1.4405029900e-01 -3.4497375226e+00 1.1704376387e+01 1.0909693515e-01 -1.4403576061e-01 -3.4560704442e+00 1.1699536210e+01 1.0911314282e-01
5.5555555556e-01 -1.5093311031e-01 -3.4261339898e+00 1.1875162240e+01 1.0880164912e-01 -1.5093125572e-01 -3.4324699685e+00 1.1876952419e+01 1.0881787266e-01
5.5755755756e-01 -1.5776832662e-01 -3.4021908951e+00 1.2043595832e+01 1.0849263122e-01 -1.5777914863e-01 -3.4085166377e+00 1.2052033164e+01 1.0850884523e-01
5.5955955956e-01 -1.6455527283e-01 -3.3779129652e+00 1.2209659896e+01 1.0816997742e-01 -1.6457873765e-01 -3.3842151586e+00 1.2224747564e+01 1.0818615655e-01
5.6156156156e-01 -1.7129328338e-01 -3.3533049605e+00 1.2373337630e+01 1.0783378503e-01 -1.7132933053e-01 -3.3595702991e+00 1.2395065112e+01 1.0784990401e-01
5.6356356356e-01 -1.7798170225e-01 -3.3283716751e+00 1.2534612693e+01 1.0748415267e-01 -1.7803024465e-01 -3.3345868878e+00 1.2562955704e+01 1.0750018638e-01
5.6556556557e-01 -1.8461988305e-01 -3.3031179351e+00 1.2693469214e+01 1.0712118027e-01 -1.8468080711e-01 -3.3092698135e+00 1.2728389669e+01 1.0713710380e-01
5.6756756757e-01 -1.9120718908e-01 -3.2775485978e+00 1.2849891785e+01 1.0674496905e-01 -1.9128035487e-01 -3.2836240235e+00 1.2891337793e+01 1.0676075773e-01
5.6956956957e-01 -1.9774299341e-01 -3.2516685512e+00 1.3003865468e+01 1.0635562149e-01 -1.9782823483e-01 -3.2576545234e+00 1.3051771354e+01 1.0637125097e-01
5.7157157157e-01 -2.0422667891e-01 -3.2254827123e+00 1.3155375795e+01 1.0595324131e-01 -2.0432380398e-01 -3.2313663757e+00 1.3209662145e+01 1.0596868759e-01
5.7357357357e-01 -2.1065763834e-01 -3.1989960271e+00 1.3304408766e+01 1.0553793346e-01 -2.1076642950e-01 -3.2047646987e+00 1.3364982508e+01 1.0555317297e-01
5.7557557558e-01 -2.1703527436e-01 -3.1722134686e+00 1.3450950851e+01 1.0510980411e-01 -2.1715548889e-01 -3.1778546656e+00 1.3517705360e+01 1.0512481371e-01
5.7757757758e-01 -2.2335899966e-01 -3.1451400370e+00 1.3594988994e+01 1.0466896059e-01 -2.2349037002e-01 -3.1506415034e+00 1.3667804223e+01 1.0468371768e-01
5.7957957958e-01 -2.2962823691e-01 -3.1177807576e+00 1.3736510610e+01 1.0421551141e-01 -2.2977047131e-01 -3.1231304911e+00 1.3815253252e+01 1.0422999393e-01
5.8158158158e-01 -2.3584241891e-01 -3.0901406809e+00 1.3875503586e+01 1.0374956622e-01 -2.3599520180e-01 -3.0953269592e+00 1.3960027263e+01 1.0376375274e-01
5.8358358358e-01 -2.4200098857e-01 -3.0622248809e+00 1.4011956283e+01 1.0327123582e-01 -2.4216398123e-01 -3.0672362876e+00 1.4102101767e+01 1.0328510554e-01
5.8558558559e-01 -2.4810339899e-01 -3.0340384546e+00 1.4145857534e+01 1.0278063207e-01 -2.4827624018e-01 -3.0388639046e+00 1.4241452988e+01 1.0279416491e-01
5.8758758759e-01 -2.5414911351e-01 -3.0055865206e+00 1.4277196647e+01 1.0227786795e-01 -2.5433142013e-01 -3.0102152855e+00 1.4378057901e+01 1.0229104457e-01
5.8958958959e-01 -2.6013760570e-01 -2.9768742186e+00 1.4405963405e+01 1.0176305750e-01 -2.6032897358e-01 -2.9812959508e+00 1.4511894253e+01 1.0177585934e-01
5.9159159159e-01 -2.6606835949e-01 -2.9479067085e+00 1.4532148061e+01 1.0123631579e-01 -2.6626836411e-01 -2.9521114647e+00 1.4642940590e+01 1.0124872513e-01
5.9359359359e-01 -2.7194086911e-01 -2.9186891689e+00 1.4655741345e+01 1.0069775891e-01 -2.7214906650e-01 -2.9226674337e+00 1.4771176288e+01 1.0070975891e-01
5.9559559560e-01 -2.7775463922e-01 -2.8892267967e+00 1.4776734461e+01 1.0014750398e-01 -2.7797056678e-01 -2.8929695045e+00 1.4896581575e+01 1.0015907869e-01
5.9759759760e-01 -2.8350918487e-01 -2.8595248057e+00 1.4895119084e+01 9.9585669078e-02 -2.8373236234e-01 -2.8630233628e+00 1.5019137557e+01 9.9596803492e-02
5.9959959960e-01 -2.8920403158e-01 -2.8295884262e+00 1.5010887366e+01 9.9012373242e-02 -2.8943396197e-01 -2.8328347311e+00 1.5138826243e+01 9.9023053344e-02
6.0160160160e-01 -2.9483871534e-01 -2.7994229035e+00 1.5124031927e+01 9.8427735561e-02 -2.9507488596e-01 -2.8024093668e+00 1.5255630568e+01 9.8437949240e-02
6.0360360360e-01 -3.0041278269e-01 -2.7690334974e+00 1.5234545863e+01 9.7831877632e-02 -3.0065466618e-01 -2.7717530608e+00 1.5369534417e+01 9.7841613123e-02
6.0560560561e-01 -3.0592579067e-01 -2.7384254807e+00 1.5342422742e+01 9.7224921480e-02 -3.0617284609e-01 -2.7408716352e+00 1.5480522647e+01 9.7234167861e-02
6.0760760761e-01 -3.1137730692e-01 -2.7076041390e+00 1.5447656601e+01 9.6606989781e-02 -3.1162898085e-01 -2.7097709413e+00 1.5588581108e+01 9.6615737226e-02
6.0960960961e-01 -3.1676690966e-01 -2.6765747693e+00 1.5550241949e+01 9.5978206064e-02 -3.1702263738e-01 -2.6784568579e+00 1.5693696664e+01 9.5986445868e-02
6.1161161161e-01 -3.2209418773e-01 -2.6453426788e+00 1.5650173763e+01 9.5338694694e-02 -3.2235339437e-01 -2.6469352890e+00 1.5795857211e+01 9.5346419292e-02
6.1361361361e-01 -3.2735874060e-01 -2.6139131847e+00 1.5747447491e+01 9.4688580847e-02 -3.2762084237e-01 -2.6152121618e+00 1.5895051696e+01 9.4695783835e-02
6.1561561562e-01 -3.3256017840e-01 -2.5822916126e+00 1.5842059046e+01 9.4027990491e-02 -3.3282458380e-01 -2.5832934244e+00 1.5991270136e+01 9.4034666641e-02
6.1761761762e-01 -3.3769812194e-01 -2.5504832958e+00 1.5934004810e+01 9.3357050363e-02 -3.3796423303e-01 -2.5511850441e+00 1.6084503632e+01 9.3363195640e-02
6.1961961962e-01 -3.4277220268e-01 -2.5184935746e+00 1.6023281629e+01 9.2675887951e-02 -3.4303941637e-01 -2.5188930047e+00 1.6174744384e+01 9.2681499520e-02
6.2162162162e-01 -3.4778206280e-01 -2.4863277949e+00 1.6109886812e+01 9.1984631465e-02 -3.4804977215e-01 -2.4864233045e+00 1.6261985706e+01 9.1989707705e-02
6.2362362362e-01 -3.5272735520e-01 -2.4539913077e+00 1.6193818134e+01 9.1283409826e-02 -3.5299495069e-01 -2.4537819542e+00 1.6346222039e+01 9.1287950334e-02
6.2562562563e-01 -3.5760774348e-01 -2.4214894678e+00 1.6275073829e+01 9.0572352636e-02 -3.5787461439e-01 -2.4209749743e+00 1.6427448959e+01 9.0576358230e-02
6.2762762763e-01 -3.6242290196e-01 -2.3888276333e+00 1.6353652590e+01 8.9851590162e-02 -3.6268843768e-01 -2.3880083932e+00 1.6505663190e+01 8.9855062883e-02
6.2962962963e-01 -3.6717251569e-01 -2.3560111644e+00 1.6429553570e+01 8.9121253308e-02 -3.6743610707e-01 -2.3548882447e+00 1.6580862613e+01 8.9124196420e-02
6.3163163163e-01 -3.7185628048e-01 -2.3230454223e+00 1.6502776377e+01 8.8381473604e-02 -3.7211732118e-01 -2.3216205655e+00 1.6653046269e+01 8.8383891587e-02
6.3363363363e-01 -3.7647390283e-01 -2.2899357689e+00 1.6573321075e+01 8.7632383172e-02 -3.7673179069e-01 -2.2882113932e+00 1.6722214370e+01 8.7634281717e-02
6.3563563564e-01 -3.8102510001e-01 -2.2566875652e+00 1.6641188181e+01 8.6874114716e-02 -3.8127923837e-01 -2.2546667637e+00 1.6788368300e+01 8.6875500715e-02
6.3763763764e-01 -3.8550959999e-01 -2.2233061710e+00 1.6706378660e+01 8.6106801491e-02 -3.8575939907e-01 -2.2209927091e+00 1.6851510617e+01 8.6107683024e-02
6.3963963964e-01 -3.8992714151e-01 -2.1897969434e+00 1.6768893930e+01 8.5330577290e-02 -3.9017201972e-01 -2.1871952550e+00 1.6911645058e+01 8.5330963608e-02
6.4164164164e-01 -3.9427747399e-01 -2.1561652366e+00 1.6828735853e+01 8.4545576414e-02 -3.9451685930e-01 -2.1532804185e+00 1.6968776534e+01 8.4545477927e-02
6.4364364364e-01 -3.9856035759e-01 -2.1224164002e+00 1.6885906736e+01 8.3751933659e-02 -3.9879368881e-01 -2.1192542057e+00 1.7022911135e+01 8.3751361910e-02
6.4564564565e-01 -4.0277556316e-01 -2.0885557790e+00 1.6940409329e+01 8.2949784288e-02 -4.0300229130e-01 -2.0851226093e+00 1.7074056117e+01 8.2948751931e-02
6.4764764765e-01 -4.0692287225e-01 -2.0545887119e+00 1.6992246821e+01 8.2139264012e-02 -4.0714246175e-01 -2.0508916062e+00 1.7122219908e+01 8.2137784789e-02
6.4964964965e-01 -4.1100207711e-01 -2.0205205308e+00 1.7041422841e+01 8.1320508969e-02 -4.1121400714e-01 -2.0165671553e+00 1.7167412091e+01 8.1318597680e-02
6.5165165165e-01 -4.1501298062e-01 -1.9863565600e+00 1.7087941451e+01 8.0493655704e-02 -4.1521674632e-01 -1.9821551953e+00 1.7209643404e+01 8.0491328175e-02
6.5365365365e-01 -4.1895539635e-01 -1.9521021152e+00 1.7131807145e+01 7.9658841143e-02 -4.1915051003e-01 -1.9476616422e+00 1.7248925728e+01 7.9656114195e-02
6.5565565566e-01 -4.2282914848e-01 -1.9177625027e+00 1.7173024849e+01 7.8816202577e-02 -4.2301514082e-01 -1.9130923870e+00 1.7285272073e+01 7.8813093989e-02
6.5765765766e-01 -4.2663407179e-01 -1.8833430185e+00 1.7211599915e+01 7.7965877636e-02 -4.2681049300e-01 -1.8784532935e+00 1.7318696568e+01 7.7962406110e-02
6.5965965966e-01 -4.3037001169e-01 -1.8488489474e+00 1.7247538119e+01 7.7108004273e-02 -4.3053643261e-01 -1.8437501963e+00 1.7349214448e+01 7.7104189388e-02
6.6166166166e-01 -4.3403682412e-01 -1.8142855624e+00 1.7280845661e+01 7.6242720738e-02 -4.3419283733e-01 -1.8089888982e+00 1.7376842032e+01 7.6238582913e-02
6.6366366366e-01 -4.3763437560e-01 -1.7796581233e+00 1.7311529157e+01 7.5370165559e-02 -4.3777959642e-01 -1.7741751684e+00 1.7401596712e+01 7.5365726006e-02
6.6566566567e-01 -4.4116254313e-01 -1.7449718767e+00 1.7339595640e+01 7.4490477521e-02 -4.4129661065e-01 -1.7393147402e+00 1.7423496932e+01 7.4485758199e-02
6.6766766767e-01 -4.4462121423e-01 -1.7102320544e+00 1.7365052555e+01 7.3603795645e-02 -4.4474379224e-01 -1.7044133088e+00 1.7442562165e+01 7.3598819212e-02
6.6966966967e-01 -4.4801028685e-01 -1.6754438730e+00 1.7387907758e+01 7.2710259166e-02 -4.4812106477e-01 -1.6694765297e+00 1.7458812892e+01 7.2705048927e-02
6.7167167167e-01 -4.5132966940e-01 -1.6406125328e+00 1.7408169509e+01 7.1810007514e-02 -4.5142836310e-01 -1.6345100160e+00 1.7472270582e+01 7.1804587371e-02
6.7367367367e-01 -4.5457928066e-01 -1.6057432175e+00 1.7425846474e+01 7.0903180290e-02 -4.5466563329e-01 -1.5995193372e+00 1.7482957661e+01 7.0897574686e-02
6.7567567568e-01 -4.5775904978e-01 -1.5708410927e+00 1.7440947717e+01 6.9989917250e-02 -4.5783283250e-01 -1.5645100169e+00 1.7490897489e+01 6.9984151116e-02
6.7767767768e-01 -4.6086891623e-01 -1.5359113056e+00 1.7453482698e+01 6.9070358278e-02 -4.6092992888e-01 -1.5294875308e+00 1.7496114331e+01 6.9064456974e-02
6.7967967968e-01 -4.6390882976e-01 -1.5009589840e+00 1.7463461271e+01 6.8144643373e-02 -4.6395690153e-01 -1.4944573054e+00 1.7498633329e+01 6.8138632631e-02
6.8168168168e-01 -4.6687875038e-01 -1.4659892359e+00 1.7470893678e+01 6.7212912621e-02 -4.6691374034e-01 -1.4594247159e+00 1.7498480470e+01 6.7206818486e-02
6.8368368368e-01 -4.6977864830e-01 -1.4310071479e+00 1.7475790550e+01 6.6275306179e-02 -4.6980044591e-01 -1.4243950847e+00 1.7495682553e+01 6.6269154948e-02
6.8568568569e-01 -4.7260850388e-01 -1.3960177852e+00 1.7478162897e+01 6.5331964254e-02 -4.7261702945e-01 -1.3893736797e+00 1.7490267159e+01 6.5325782414e-02
6.8768768769e-01 -4.7536830761e-01 -1.3610261907e+00 1.7478022109e+01 6.4383027081e-02 -4.7536351266e-01 -1.3543657128e+00 1.7482262614e+01 6.4376841250e-02
6.8968968969e-01 -4.7805806005e-01 -1.3260373840e+00 1.7475379951e+01 6.3428634905e-02 -4.7803992760e-01 -1.3193763387e+00 1.7471697953e+01 6.3422471765e-02
6.9169169169e-01 -4.8067777180e-01 -1.2910563606e+00 1.7470248558e+01 6.2468927960e-02 -4.8064631661e-01 -1.2844106529e+00 1.7458602887e+01 6.2462814197e-02
6.9369369369e-01 -4.8322746340e-01 -1.2560880916e+00 1.7462640432e+01 6.1504046447e-02 -4.8318273217e-01 -1.2494736912e+00 1.7443007761e+01 6.1498008685e-02
6.9569569570e-01 -4.8570716536e-01 -1.2211375226e+00 1.7452568441e+01 6.0534130517e-02 -4.8564923676e-01 -1.2145704277e+00 1.7424943517e+01 6.0528195257e-02
6.9769769770e-01 -4.8811691803e-01 -1.1862095731e+00 1.7440045809e+01 5.9559320252e-02 -4.8804590279e-01 -1.1797057743e+00 1.7404441654e+01 5.9553513802e-02
6.9969969970e-01 -4.9045677160e-01 -1.1513091357e+00 1.7425086116e+01 5.8579755640e-02 -4.9037281241e-01 -1.1448845790e+00 1.7381534189e+01 5.8574104059e-02
7.0170170170e-01 -4.9272678603e-01 -1.1164410756e+00 1.7407703295e+01 5.7595576561e-02 -4.9263005742e-01 -1.1101116255e+00 1.7356253613e+01 5.7590105588e-02
7.0370370370e-01 -4.9492703097e-01 -1.0816102295e+00 1.7387911625e+01 5.6606922763e-02 -4.9481773914e-01 -1.0753916317e+00 1.7328632851e+01 5.6601657759e-02
7.0570570571e-01 -4.9705758576e-01 -1.0468214056e+00 1.7365725726e+01 5.5613933849e-02 -4.9693596827e-01 -1.0407292496e+00 1.7298705217e+01 5.5608899727e-02
7.0770770771e-01 -4.9911853930e-01 -1.0120793820e+00 1.7341160559e+01 5.4616749249e-02 -4.9898486473e-01 -1.0061290638e+00 1.7266504374e+01 5.4611970420e-02
7.0970970971e-01 -5.0110999006e-01 -9.7738890682e-01 1.7314231419e+01 5.3615508208e-02 -5.0096455759e-01 -9.7159559129e-01 1.7232064285e+01 5.3611008513e-02
7.1171171171e-01 -5.0303204595e-01 -9.4275469719e-01 1.7284953931e+01 5.2610349764e-02 -5.0287518486e-01 -9.3713328088e-01 1.7195419175e+01 5.2606152416e-02
7.1371371371e-01 -5.0488482432e-01 -9.0818143857e-01 1.7253344045e+01 5.1601412730e-02 -5.0471689341e-01 -9.0274651257e-01 1.7156603478e+01 5.1597540251e-02
7.1571571572e-01 -5.0666845185e-01 -8.7367378419e-01 1.7219418033e+01 5.0588835672e-02 -5.0648983880e-01 -8.6843959727e-01 1.7115651800e+01 5.0585309842e-02
7.1771771772e-01 -5.0838306451e-01 -8.3923635438e-01 1.7183192484e+01 4.9572756896e-02 -5.0819418516e-01 -8.3421677647e-01 1.7072598868e+01 4.9569598688e-02
7.1971971972e-01 -5.1002880749e-01 -8.0487373597e-01 1.7144684299e+01 4.8553314427e-02 -5.0983010502e-01 -8.0008222206e-01 1.7027479485e+01 4.8550543953e-02
7.2172172172e-01 -5.1160583513e-01 -7.7059048161e-01 1.7103910686e+01 4.7530645987e-02 -5.1139777922e-01 -7.6604003620e-01 1.6980328487e+01 4.7528282449e-02
7.2372372372e-01 -5.1311431085e-01 -7.3639110921e-01 1.7060889159e+01 4.6504888983e-02 -5.1289739673e-01 -7.3209425134e-01 1.6931180695e+01 4.6502950614e-02
7.2572572573e-01 -5.1455440705e-01 -7.0228010134e-01 1.7015637527e+01 4.5476180484e-02 -5.1432915451e-01 -6.9824883024e-01 1.6880070869e+01 4.5474684504e-02
7.2772772773e-01 -5.1592630512e-01 -6.6826190457e-01 1.6968173897e+01 4.4444657205e-02 -5.1569325741e-01 -6.6450766619e-01 1.6827033665e+01 4.4443619769e-02
7.2972972973e-01 -5.1723019527e-01 -6.3434092899e-01 1.6918516661e+01 4.3410455491e-02 -5.1698991800e-01 -6.3087458324e-01 1.6772103585e+01 4.3409891643e-02
7.3173173173e-01 -5.1846627654e-01 -6.0052154753e-01 1.6866684500e+01 4.2373711294e-02 -5.1821935641e-01 -5.9735333656e-01 1.6715314937e+01 4.2373634927e-02
7.3373373373e-01 -5.1963475665e-01 -5.6680809547e-01 1.6812696372e+01 4.1334560161e-02 -5.1938180024e-01 -5.6394761286e-01 1.6656701786e+01 4.1334983973e-02
7.3573573574e-01 -5.2073585198e-01 -5.3320486985e-01 1.6756571511e+01 4.0293137215e-02 -5.2047748441e-01 -5.3066103092e-01 1.6596297915e+01 4.0294072670e-02
7.3773773774e-01 -5.2176978748e-01 -4.9971612895e-01 1.6698329422e+01 3.9249577135e-02 -5.2150665101e-01 -4.9749714223e-01 1.6534136774e+01 3.9251034431e-02
7.3973973974e-01 -5.2273679658e-01 -4.6634609170e-01 1.6637989873e+01 3.8204014144e-02 -5.2246954917e-01 -4.6445943167e-01 1.6470251445e+01 3.8206002175e-02
7.4174174174e-01 -5.2363712110e-01 -4.3309893722e-01 1.6575572895e+01 3.7156581986e-02 -5.2336643492e-01 -4.3155131830e-01 1.6404674593e+01 3.7159108316e-02
7.4374374374e-01 -5.2447101122e-01 -3.9997880427e-01 1.6511098774e+01 3.6107413916e-02 -5.2419757110e-01 -3.9877615622e-01 1.6337438429e+01 3.6110484751e-02
7.4574574575e-01 -5.2523872534e-01 -3.6698979072e-01 1.6444588047e+01 3.5056642677e-02 -5.2496322717e-01 -3.6613723555e-01 1.6268574666e+01 3.5060262840e-02
7.4774774775e-01 -5.2594053002e-01 -3.3413595312e-01 1.6376061496e+01 3.4004400487e-02 -5.2566367913e-01 -3.3363778345e-01 1.6198114482e+01 3.4008573400e-02
7.4974974975e-01 -5.2657669992e-01 -3.0142130613e-01 1.6305540144e+01 3.2950819024e-02 -5.2629920938e-01 -3.0128096522e-01 1.6126088479e+01 3.2955546689e-02
7.5175175175e-01 -5.2714751768e-01 -2.6884982211e-01 1.6233045251e+01 3.1896029407e-02 -5.2687010658e-01 -2.6906988551e-01 1.6052526648e+01 3.1901312391e-02
7.5375375375e-01 -5.2765327385e-01 -2.3642543062e-01 1.6158598306e+01 3.0840162181e-02 -5.2737666556e-01 -2.3700758956e-01 1.5977458330e+01 3.0845999608e-02
7.5575575576e-01 -5.2809426680e-01 -2.0415201798e-01 1.6082221025e+01 2.9783347301e-02 -5.2781918720e-01 -2.0509706457e-01 1.5900912182e+01 2.9789736845e-02
7.5775775776e-01 -5.2847080266e-01 -1.7203342679e-01 1.6003935343e+01 2.8725714119e-02 -5.2819797827e-01 -1.7334124106e-01 1.5822916143e+01 2.8732651998e-02
7.5975975976e-01 -5.2878319519e-01 -1.4007345555e-01 1.5923763413e+01 2.7667391363e-02 -5.2851335138e-01 -1.4174299438e-01 1.5743497402e+01 2.7674872346e-02
7.6176176176e-01 -5.2903176570e-01 -1.0827585817e-01 1.5841727597e+01 2.6608507130e-02 -5.2876562483e-01 -1.1030514620e-01 1.5662682366e+01 2.6616524532e-02
7.6376376376e-01 -5.2921684299e-01 -7.6644343597e-02 1.5757850462e+01 2.5549188861e-02 -5.2895512252e-01 -7.9030466165e-02 1.5580496630e+01 2.5557734559e-02
7.6576576577e-01 -5.2933876323e-01 -4.5182575406e-02 1.5672154777e+01 2.4489563335e-02 -5.2908217383e-01 -4.7921673483e-02 1.5496964953e+01 2.4498627776e-02
7.6776776777e-01 -5.2939786989e-01 -1.3894171381e-02 1.5584663503e+01 2.3429756650e-02 -5.2914711357e-01 -1.6981438672e-02 1.5412111226e+01 2.3439328866e-02
7.6976976977e-01 -5.2939451363e-01 1.7217296850e-02 1.5495399793e+01 2.2369894209e-02 -5.2915028182e-01 1.3787614698e-02 1.5325958452e+01 2.2379961837e-02
7.7177177177e-01 -5.2932905220e-01 4.8148304198e-02 1.5404386986e+01 2.1310100704e-02 -5.2909202387e-01 4.4382908198e-02 1.5238528720e+01 2.1320650011e-02
7.7377377377e-01 -5.2920185038e-01 7.8895372477e-02 1.5311648597e+01 2.0250500107e-02 -5.2897269013e-01 7.4801906690e-02 1.5149843186e+01 2.0261516013e-02
7.7577577578e-01 -5.2901327985e-01 1.0945507075e-01 1.5217208318e+01 1.9191215651e-02 -5.2879263604e-01 1.0504211644e-01 1.5059922055e+01 1.9202681762e-02
7.7777777778e-01 -5.2876371913e-01 1.3982401570e-01 1.5121090009e+01 1.8132369817e-02 -5.2855222202e-01 1.3510108320e-01 1.4968784560e+01 1.8144268461e-02
7.7977977978e-01 -5.2845355345e-01 1.6999887192e-01 1.5023317695e+01 1.7074084324e-02 -5.2825181333e-01 1.6497639024e-01 1.4876448950e+01 1.7086396586e-02
7.8178178178e-01 -5.2808317468e-01 1.9997635226e-01 1.4923915557e+01 1.6016480111e-02 -5.2789178005e-01 1.9466565635e-01 1.4782932476e+01 1.6029185875e-02
7.8378378378e-01 -5.2765298122e-01 2.2975321817e-01 1.4822907934e+01 1.4959677328e-02 -5.2747249698e-01 2.2416653389e-01 1.4688251377e+01 1.4972755324e-02
7.8578578579e-01 -5.2716337789e-01 2.5932627992e-01 1.4720319308e+01 1.3903795318e-02 -5.2699434361e-01 2.5347670667e-01 1.4592420876e+01 1.3917223172e-02
7.8778778779e-01 -5.2661477586e-01 2.8869239699e-01 1.4616174308e+01 1.2848952609e-02 -5.2645770402e-01 2.8259388797e-01 1.4495455170e+01 1.2862706892e-02
7.8978978979e-01 -5.2600759254e-01 3.1784847827e-01 1.4510497698e+01 1.1795266901e-02 -5.2586296685e-01 3.1151581846e-01 1.4397367425e+01 1.1809323187e-02
7.9179179179e-01 -5.2534225147e-01 3.4679148239e-01 1.4403314377e+01 1.0742855049e-02 -5.2521052523e-01 3.4024026413e-01 1.4298169772e+01 1.0757187976e-02
7.9379379379e-01 -5.2461918224e-01 3.7551841793e-01 1.4294649369e+01 9.6918330570e-03 -5.2450077674e-01 3.6876501422e-01 1.4197873310e+01 9.7064163843e-03
7.9579579580e-01 -5.2383882038e-01 4.0402634370e-01 1.4184527821e+01 8.6423160608e-03 -5.2373412336e-01 3.9708787918e-01 1.4096488105e+01 8.6571227402e-03
7.9779779780e-01 -5.2300160723e-01 4.3231236898e-01 1.4072974998e+01 7.5944183197e-03 -5.2291097145e-01 4.2520668854e-01 1.3994023195e+01 7.6094205608e-03
7.9979979980e-01 -5.2210798990e-01 4.6037365373e-01 1.3960016274e+01 6.5482532030e-03 -5.2203173169e-01 4.5311928893e-01 1.3890486593e+01 6.5634225462e-03
8.0180180180e-01 -5.2115842112e-01 4.8820740883e-01 1.3845677130e+01 5.5039333557e-03 -5.2109681904e-01 4.8082354199e-01 1.3785885300e+01 5.5192405695e-03
8.0380380380e-01 -5.2015335914e-01 5.1581089627e-01 1.3729983151e+01 4.4615701992e-03 -5.2010665276e-01 5.0831732238e-01 1.3680225312e+01 4.4769856690e-03
8.0580580581e-01 -5.1909326768e-01 5.4318142935e-01 1.3612960014e+01 3.4212743488e-03 -5.1906165631e-01 5.3559851578e-01 1.3573511635e+01 3.4367680394e-03
8.0780780781e-01 -5.1797861575e-01 5.7031637287e-01 1.3494633489e+01 2.3831555045e-03 -5.1796225743e-01 5.6266501687e-01 1.3465748297e+01 2.3986970235e-03
8.0980980981e-01 -5.1680987758e-01 5.9721314333e-01 1.3375029431e+01 1.3473224223e-03 -5.1680888801e-01 5.8951472747e-01 1.3356938366e+01 1.3628811032e-03
8.1181181181e-01 -5.1558753256e-01 6.2386920903e-01 1.3254173774e+01 3.1388290341e-04 -5.1560198416e-01 6.1614555458e-01 1.3247083970e+01 3.2942789203e-04
8.1381381381e-01 -5.1431206506e-01 6.5028209031e-01 1.3132092529e+01 -7.1705621567e-04 -5.1434198620e-01 6.4255540855e-01 1.3136186321e+01 -7.0155587421e-04
8.1581581582e-01 -5.1298396437e-01 6.7644935963e-01 1.3008811777e+01 -1.7453890730e-03 -5.1302933859e-01 6.6874220124e-01 1.3024245732e+01 -1.7299643452e-03
8.1781781782e-01 -5.1160372461e-01 7.0236864173e-01 1.2884357661e+01 -2.7710107912e-03 -5.1166449000e-01 6.9470384426e-01 1.2911261646e+01 -2.7556925645e-03
8.1981981982e-01 -5.1017184456e-01 7.2803761375e-01 1.2758756387e+01 -3.7938174866e-03 -5.1024789326e-01 7.2043824729e-01 1.2797232667e+01 -3.7786364784e-03
8.2182182182e-01 -5.0868882764e-01 7.5345400537e-01 1.2632034214e+01 -4.8137062788e-03 -5.0878000541e-01 7.4594331635e-01 1.2682156584e+01 -4.7986929438e-03
8.2382382382e-01 -5.0715518174e-01 7.7861559887e-01 1.2504217451e+01 -5.8305753000e-03 -5.0726128768e-01 7.7121695228e-01 1.2566030405e+01 -5.8157597367e-03
8.2582582583e-01 -5.0557141915e-01 8.0352022924e-01 1.2375332449e+01 -6.8443237031e-03 -5.0569220550e-01 7.9625704916e-01 1.2448850391e+01 -6.8297355607e-03
8.2782782783e-01 -5.0393805642e-01 8.2816578429e-01 1.2245405602e+01 -7.8548516714e-03 -5.0407322853e-01 8.2106149288e-01 1.2330612093e+01 -7.8405200557e-03
8.2982982983e-01 -5.0225561430e-01 8.5255020468e-01 1.2114463336e+01 -8.8620604262e-03 -5.0240483067e-01 8.4562815972e-01 1.2211310386e+01 -8.8480138057e-03
8.3183183183e-01 -5.0052461759e-01 8.7667148402e-01 1.1982532106e+01 -9.8658522356e-03 -5.0068749009e-01 8.6995491508e-01 1.2090939509e+01 -9.8521183481e-03
8.3383383383e-01 -4.9874559507e-01 9.0052766891e-01 1.1849638392e+01 -1.0866130422e-02 -4.9892168924e-01 8.9403961221e-01 1.1969493109e+01 -1.0852736182e-02
8.3583583584e-01 -4.9691907937e-01 9.2411685897e-01 1.1715808693e+01 -1.1862799371e-02 -4.9710791488e-01 9.1788009108e-01 1.1846964280e+01 -1.1849770775e-02
8.3783783784e-01 -4.9504560688e-01 9.4743720691e-01 1.1581069521e+01 -1.2855764538e-02 -4.9524665811e-01 9.4147417734e-01 1.1723345609e+01 -1.2843126576e-02
8.3983983984e-01 -4.9312571761e-01 9.7048691849e-01 1.1445447399e+01 -1.3844932455e-02 -4.9333841439e-01 9.6481968131e-01 1.1598629220e+01 -1.3832709021e-02
8.4184184184e-01 -4.9115995514e-01 9.9326425260e-01 1.1308968853e+01 -1.4830210741e-02 -4.9138368360e-01 9.8791439711e-01 1.1472806824e+01 -1.4818424540e-02
8.4384384384e-01 -4.8914886646e-01 1.0157675212e+00 1.1171660409e+01 -1.5811508103e-02 -4.8938297003e-01 1.0107561019e+00 1.1345869766e+01 -1.5800180572e-02
8.4584584585e-01 -4.8709300190e-01 1.0379950895e+00 1.1033548588e+01 -1.6788734349e-02 -4.8733678246e-01 1.0333425553e+00 1.1217809073e+01 -1.6777885565e-02
8.4784784785e-01 -4.8499291501e-01 1.0599453755e+00 1.0894659899e+01 -1.7761800393e-02 -4.8524563415e-01 1.0556714984e+00 1.1088615510e+01 -1.7751448996e-02
8.4984984985e-01 -4.8284916243e-01 1.0816168506e+00 1.0755020837e+01 -1.8730618258e-02 -4.8311004291e-01 1.0777406538e+00 1.0958279626e+01 -1.8720781369e-02
8.5185185185e-01 -4.8066230385e-01 1.1030080389e+00 1.0614657878e+01 -1.9695101085e-02 -4.8093053115e-01 1.0995477252e+00 1.0826791815e+01 -1.9685794232e-02
8.5385385385e-01 -4.7843290183e-01 1.1241175178e+00 1.0473597471e+01 -2.0655163139e-02 -4.7870762586e-01 1.1210903964e+00 1.0694142361e+01 -2.0646400183e-02
8.5585585586e-01 -4.7616152172e-01 1.1449439174e+00 1.0331866037e+01 -2.1610719814e-02 -4.7644185872e-01 1.1423663323e+00 1.0560321502e+01 -2.1602512880e-02
8.5785785786e-01 -4.7384873158e-01 1.1654859206e+00 1.0189489964e+01 -2.2561687638e-02 -4.7413376607e-01 1.1633731778e+00 1.0425319480e+01 -2.2554047048e-02
8.5985985986e-01 -4.7149510206e-01 1.1857422634e+00 1.0046495598e+01 -2.3507984279e-02 -4.7178388901e-01 1.1841085585e+00 1.0289126601e+01 -2.3500918493e-02
8.6186186186e-01 -4.6910120625e-01 1.2057117342e+00 9.9029092451e+00 -2.4449528550e-02 -4.6939277341e-01 1.2045700808e+00 1.0151733291e+01 -2.4443044109e-02
8.6386386386e-01 -4.6666761966e-01 1.2253931741e+00 9.7587571609e+00 -2.5386240414e-02 -4.6696096995e-01 1.2247553319e+00 1.0013130152e+01 -2.5380341885e-02
8.6586586587e-01 -4.6419492003e-01 1.2447854769e+00 9.6140655494e+00 -2.6318040989e-02 -4.6448903415e-01 1.2446618805e+00 9.8733080257e+00 -2.6312730920e-02
8.6786786787e-01 -4.6168368728e-01 1.2638875885e+00 9.4688605574e+00 -2.7244852550e-02 -4.6197752642e-01 1.2642872774e+00 9.7322580442e+00 -2.7240131430e-02
8.6986986987e-01 -4.5913450339e-01 1.2826985073e+00 9.3231682700e+00 -2.8166598536e-02 -4.5942701209e-01 1.2836290556e+00 9.5899716947e+00 -2.8162464755e-02
8.7187187187e-01 -4.5654795228e-01 1.3012172837e+00 9.1770147062e+00 -2.9083203555e-02 -4.5683806146e-01 1.3026847319e+00 9.4464408754e+00 -2.9079653376e-02
8.7387387387e-01 -4.5392461973e-01 1.3194430204e+00 9.0304258144e+00 -2.9994593382e-02 -4.5421124980e-01 1.3214518071e+00 9.3016579550e+00 -2.9991620917e-02
8.7587587588e-01 -4.5126509327e-01 1.3373748716e+00 8.8834274684e+00 -3.0900694969e-02 -4.5154715741e-01 1.3399277673e+00 9.1556158310e+00 -3.0898292160e-02
8.7787787788e-01 -4.4856996204e-01 1.3550120435e+00 8.7360454625e+00 -3.1801436447e-02 -4.4884636962e-01 1.3581100849e+00 9.0083079881e+00 -3.1799593055e-02
8.7987987988e-01 -4.4583981676e-01 1.3723537937e+00 8.5883055075e+00 -3.2696747125e-02 -4.4610947684e-01 1.3759962200e+00 8.8597285560e+00 -3.2695450727e-02
8.8188188188e-01 -4.4307524956e-01 1.3893994314e+00 8.4402332266e+00 -3.3586557497e-02 -4.4333707460e-01 1.3935836215e+00 8.7098723668e+00 -3.3585793489e-02
8.8388388388e-01 -4.4027685391e-01 1.4061483166e+00 8.2918541507e+00 -3.4470799246e-02 -4.4052976351e-01 1.4108697288e+00 8.5587350124e+00 -3.4470550853e-02
8.8588588589e-01 -4.3744522450e-01 1.4225998608e+00 8.1431937147e+00 -3.5349405242e-02 -4.3768814933e-01 1.4278519734e+00 8.4063129003e+00 -3.5349653535e-02
8.8788788789e-01 -4.3458095716e-01 1.4387535260e+00 7.9942772530e+00 -3.6222309548e-02 -4.3481284298e-01 1.4445277801e+00 8.2526033094e+00 -3.6223033471e-02
8.8988988989e-01 -4.3168464873e-01 1.4546088249e+00 7.8451299957e+00 -3.7089447419e-02 -4.3190446053e-01 1.4608945696e+00 8.0976044444e+00 -3.7090623826e-02
8.9189189189e-01 -4.2875689700e-01 1.4701653207e+00 7.6957770643e+00 -3.7950755308e-02 -4.2896362322e-01 1.4769497598e+00 7.9413154895e+00 -3.7952359002e-02
8.9389389389e-01 -4.2579830056e-01 1.4854226266e+00 7.5462434677e+00 -3.8806170864e-02 -4.2599095745e-01 1.4926907679e+00 7.7837366614e+00 -3.8808174651e-02
8.9589589590e-01 -4.2280945874e-01 1.5003804058e+00 7.3965540986e+00 -3.9655632937e-02 -4.2298709479e-01 1.5081150126e+00 7.6248692599e+00 -3.9658007682e-02
8.9789789790e-01 -4.1979097149e-01 1.5150383714e+00 7.2467337291e+00 -4.0499081575e-02 -4.1995267200e-01 1.5232199166e+00 7.4647157186e+00 -4.0501796278e-02
8.9989989990e-01 -4.1674343927e-01 1.5293962857e+00 7.0968070071e+00 -4.1336458030e-02 -4.1688833097e-01 1.5380029084e+00 7.3032796535e+00 -4.1339479897e-02
9.0190190190e-01 -4.1366746300e-01 1.5434539604e+00 6.9467984523e+00 -4.2167704756e-02 -4.1379471873e-01 1.5524614249e+00 7.1405659101e+00 -4.2170999290e-02
9.0390390390e-01 -4.1056364389e-01 1.5572112562e+00 6.7967324526e+00 -4.2992765408e-02 -4.1067248745e-01 1.5665929143e+00 6.9765806092e+00 -4.2996296509e-02
9.0590590591e-01 -4.0743258341e-01 1.5706680822e+00 6.6466332603e+00 -4.3811584849e-02 -4.0752229436e-01 1.5803948380e+00 6.8113311908e+00 -4.3815314915e-02
9.0790790791e-01 -4.0427488314e-01 1.5838243963e+00 6.4965249885e+00 -4.4624109142e-02 -4.0434480180e-01 1.5938646739e+00 6.6448264566e+00 -4.4627999189e-02
9.0990990991e-01 -4.0109114472e-01 1.5966802043e+00 6.3464316071e+00 -4.5430285558e-02 -4.0114067711e-01 1.6069999188e+00 6.4770766098e+00 -4.5434295347e-02
9.1191191191e-01 -3.9788196972e-01 1.6092355597e+00 6.1963769398e+00 -4.6230062570e-02 -3.9791059263e-01 1.6197980914e+00 6.3080932944e+00 -4.6234150743e-02
9.1391391391e-01 -3.9464795953e-01 1.6214905640e+00 6.0463846599e+00 -4.7023389856e-02 -3.9465522565e-01 1.6322567352e+00 6.1378896312e+00 -4.7027514081e-02
9.1591591592e-01 -3.9138971534e-01 1.6334453654e+00 5.8964782874e+00 -4.7810218299e-02 -3.9137525833e-01 1.6443734214e+00 5.9664802520e+00 -4.7814335430e-02
9.1791791792e-01 -3.8810783796e-01 1.6451001596e+00 5.7466811853e+00 -4.8590499983e-02 -3.8807137769e-01 1.6561457521e+00 5.7938813321e+00 -4.8594566225e-02
9.1991991992e-01 -3.8480292776e-01 1.6564551883e+00 5.5970165561e+00 -4.9364188195e-02 -3.8474427549e-01 1.6675713634e+00 5.6201106205e+00 -4.9368159283e-02
9.2192192192e-01 -3.8147558460e-01 1.6675107400e+00 5.4475074386e+00 -5.0131237426e-02 -3.8139464820e-01 1.6786479285e+00 5.4451874671e+00 -5.0135068812e-02
9.2392392392e-01 -3.7812640771e-01 1.6782671490e+00 5.2981767047e+00 -5.0891603363e-02 -3.7802319692e-01 1.6893731608e+00 5.2691328480e+00 -5.0895250418e-02
9.2592592593e-01 -3.7475599559e-01 1.6887247950e+00 5.1490470560e+00 -5.1645242895e-02 -3.7463062725e-01 1.6997448175e+00 5.0919693889e+00 -5.1648661113e-02
9.2792792793e-01 -3.7136494596e-01 1.6988841032e+00 5.0001410207e+00 -5.2392114108e-02 -3.7121764928e-01 1.7097607028e+00 4.9137213850e+00 -5.2395259330e-02
9.2992992993e-01 -3.6795385562e-01 1.7087455438e+00 4.8514809505e+00 -5.3132176283e-02 -3.6778497741e-01 1.7194186711e+00 4.7344148190e+00 -5.3135004925e-02
9.3193193193e-01 -3.6452332040e-01 1.7183096313e+00 4.7030890173e+00 -5.3865389895e-02 -3.6433333028e-01 1.7287166307e+00 4.5540773763e+00 -5.3867859189e-02
9.3393393393e-01 -3.6107393504e-01 1.7275769247e+00 4.5549872108e+00 -5.4591716611e-02 -3.6086343070e-01 1.7376525468e+00 4.3727384577e+00 -5.4593784857e-02
9.3593593594e-01 -3.5760629313e-01 1.7365480265e+00 4.4071973345e+00 -5.5311119287e-02 -3.5737600545e-01 1.7462244454e+00 4.1904291892e+00 -5.5312746115e-02
9.3793793794e-01 -3.5412098701e-01 1.7452235830e+00 4.2597410038e+00 -5.6023561966e-02 -3.5387178523e-01 1.7544304164e+00 4.0071824293e+00 -5.6024708606e-02
9.3993993994e-01 -3.5061860769e-01 1.7536042834e+00 4.1126396427e+00 -5.6729009878e-02 -3.5035150447e-01 1.7622686173e+00 3.8230327734e+00 -5.6729639442e-02
9.4194194194e-01 -3.4709974472e-01 1.7616908597e+00 3.9659144808e+00 -5.7427429432e-02 -3.4681590124e-01 1.7697372766e+00 3.6380165557e+00 -5.7427507208e-02
9.4394394394e-01 -3.4356498619e-01 1.7694840860e+00 3.8195865510e+00 -5.8118788216e-02 -3.4326571707e-01 1.7768346973e+00 3.4521718477e+00 -5.8118281969e-02
9.4594594595e-01 -3.4001491858e-01 1.7769847785e+00 3.6736766864e+00 -5.8803054995e-02 -3.3970169682e-01 1.7835592602e+00 3.2655384547e+00 -5.8801935280e-02
9.4794794795e-01 -3.3645012667e-01 1.7841937949e+00 3.5282055179e+00 -5.9480199705e-02 -3.3612458850e-01 1.7899094277e+00 3.0781579086e+00 -5.9478440189e-02
9.4994994995e-01 -3.3287119352e-01 1.7911120339e+00 3.3831934715e+00 -6.0150193453e-02 -3.3253514312e-01 1.7958837470e+00 2.8900734588e+00 -6.0147771245e-02
9.5195195195e-01 -3.2927870034e-01 1.7977404350e+00 3.2386607660e+00 -6.0813008510e-02 -3.2893411451e-01 1.8014808536e+00 2.7013300594e+00 -6.0809904504e-02
9.5395395395e-01 -3.2567322639e-01 1.8040799778e+00 3.0946274101e+00 -6.1468618309e-02 -3.2532225915e-01 1.8066994747e+00 2.5119743540e+00 -6.1464817532e-02
9.5595595596e-01 -3.2205534897e-01 1.8101316820e+00 2.9511132004e+00 -6.2116997440e-02 -3.2170033595e-01 1.8115384326e+00 2.3220546577e+00 -6.2112489413e-02
9.5795795796e-01 -3.1842564327e-01 1.8158966064e+00 2.8081377189e+00 -6.2758121648e-02 -3.1806910609e-01 1.8159966478e+00 2.1316209360e+00 -6.2752900754e-02
9.5995995996e-01 -3.1478468233e-01 1.8213758491e+00 2.6657203305e+00 -6.3391967826e-02 -3.1442933283e-01 1.8200731427e+00 1.9407247811e+00 -6.3386033686e-02
9.6196196196e-01 -3.1113303696e-01 1.8265705465e+00 2.5238801811e+00 -6.4018514013e-02 -3.1078178126e-01 1.8237670445e+00 1.7494193853e+00 -6.4011871871e-02
9.6396396396e-01 -3.0747127565e-01 1.8314818733e+00 2.3826361951e+00 -6.4637739389e-02 -3.0712721812e-01 1.8270775883e+00 1.5577595118e+00 -6.4630400504e-02
9.6596596597e-01 -3.0379996450e-01 1.8361110417e+00 2.2420070736e+00 -6.5249624268e-02 -3.0346641155e-01 1.8300041208e+00 1.3658014627e+00 -6.5241606316e-02
9.6796796797e-01 -3.0011966715e-01 1.8404593013e+00 2.1020112919e+00 -6.5854150096e-02 -2.9980013092e-01 1.8325461024e+00 1.1736030436e+00 -6.5845477577e-02
9.6996996997e-01 -2.9643094469e-01 1.8445279382e+00 1.9626670978e+00 -6.6451299445e-02 -2.9612914653e-01 1.8347031112e+00 9.8122352727e-01 -6.6442004101e-02
9.7197197197e-01 -2.9273435562e-01 1.8483182750e+00 1.8239925097e+00 -6.7041056007e-02 -2.9245422942e-01 1.8364748450e+00 7.8872361248e-01 -6.7031177241e-02
9.7397397397e-01 -2.8903045573e-01 1.8518316702e+00 1.6860053143e+00 -6.7623404589e-02 -2.8877615112e-01 1.8378611247e+00 5.9616538203e-01 -6.7612989897e-02
9.7597597598e-01 -2.8531979808e-01 1.8550695175e+00 1.5487230652e+00 -6.8198331110e-02 -2.8509568339e-01 1.8388618969e+00 4.0361225738e-01 -6.8187436512e-02
9.7797797798e-01 -2.8160293289e-01 1.8580332456e+00 1.4121630808e+00 -6.8765822591e-02 -2.8141359794e-01 1.8394772364e+00 2.1112895097e-01 -6.8754513075e-02
9.7997997998e-01 -2.7788040748e-01 1.8607243175e+00 1.2763424428e+00 -6.9325867154e-02 -2.7773066624e-01 1.8397073487e+00 1.8781416220e-02 -6.9314217120e-02
9.8198198198e-01 -2.7415276622e-01 1.8631442304e+00 1.1412779942e+00 -6.9878454011e-02 -2.7404765920e-01 1.8395525726e+00 -1.7336320488e-01 -6.9866547725e-02
9.8398398398e-01 -2.7042055045e-01 1.8652945149e+00 1.0069863381e+00 -7.0423573463e-02 -2.7036534691e-01 1.8390133827e+00 -3.6523663644e-01 -7.0411505509e-02
9.8598598599e-01 -2.6668429841e-01 1.8671767344e+00 8.7348383596e-01 -7.0961216892e-02 -2.6668449838e-01 1.8380903909e+00 -5.5676952560e-01 -7.0949092633e-02
9.8798798799e-01 -2.6294454516e-01 1.8687924851e+00 7.4078660587e-01 -7.1491376752e-02 -2.6300588125e-01 1.8367843494e+00 -7.4789150149e-01 -7.1479312797e-02
9.8998998999e-01 -2.5920182255e-01 1.8701433949e+00 6.0891052148e-01 -7.2014046567e-02 -2.5933026152e-01 1.8350961521e+00 -9.3853123630e-01 -7.2002171235e-02
9.9199199199e-01 -2.5545665915e-01 1.8712311236e+00 4.7787121037e-01 -7.2529220922e-02 -2.5565840325e-01 1.8330268366e+00 -1.1286165084e+00 -7.2517674713e-02
9.9399399399e-01 -2.5170958014e-01 1.8720573618e+00 3.4768405283e-01 -7.3036895456e-02 -2.5199106827e-01 1.8305775859e+00 -1.3180742670e+00 -7.3025831524e-02
9.9599599600e-01 -2.4796110733e-01 1.8726238308e+00 2.1836418054e-01 -7.3537066858e-02 -2.4832901592e-01 1.8277497300e+00 -1.5068306992e+00 -7.3526651485e-02
9.9799799800e-01 -2.4421175901e-01 1.8729322816e+00 8.9926475383e-02 -7.4029732855e-02 -2.4467300271e-01 1.8245447474e+00 -1.6948112982e+00 -7.4020145928e-02
1.0000000000e+00 -2.4046204997e-01 1.8729844952e+00 -3.7614431743e-02 -7.4514892212e-02 -2.4102378204e-01 1.8209642666e+00 -1.8819409332e+00 -7.4506327700e-02
